# Made in Blockbench 5.0.7
mtllib MARIOKART.mtl

o circle
v 6.50789865770842 -0.2645753620093776 -0.8439479558476859
v 6.26088819499066 0.05128926826537078 0.5834365518734284
v 0.3607372408661342 0.5 0.46347301523723516
v 0.4465893552931747 0.5 0.5599217076897002
v 0.1794700361422792 0.5 0.5818672739308054
v 0.30742175548656986 0.5 0.7257751947319347
v 0.30832410192920423 0.5 0.3563424117185113
v 0.10464711277644223 0.5 0.429763689899061
v 0.27589787060644727 0.5 0.24005102161477387
v 0.0644874050520085 0.5 0.28674807777525857
v 0.2510262186687841 0.5 0.12001426731783482
v 0.039505592985068935 0.5 0.16620977478738913
v 0.21565204999635768 0.5 -0.00009226669524432102
v 0.015841124482492627 0.5 0.08327795607819369
v 0.13601316578895312 0.5 -0.11404419616032563
v -0.004661449868493914 0.5 0.050532997003337105
v -0.007396171095737222 0.5 -0.17493790879055365
v -0.03441404113857127 0.5 0.039876044895766544
v -0.18338540460618208 0.5 -0.16201791557771875
v -0.13652485359225872 0.5 0.04935637036707509
v -0.35420419795260855 0.49264149303123617 -0.13676106452491166
v -0.33378921022295427 0.49641452456714397 0.0787476186157616
v -0.5363149996667607 0.4770900282282681 -0.13096557192281016
v -0.5409132169127931 0.4832885264846532 0.08540317586097648
v -0.7162991211700858 0.4562301695763616 -0.14633487812191764
v -0.748073755966784 0.46376673361507875 0.06769449553045456
v -0.8803525638782403 0.43319258936930943 -0.1835738361665161
v -0.945223296080322 0.44066389230557224 0.02285040595635182
v -1.0142753518833247 0.4113071595363444 -0.24132406277432378
v -1.1222605675956017 0.4166110940541987 -0.05374458237680446
v -1.1057282059518034 0.39380275013337485 -0.3142472610437983
v -1.267076121979337 0.39436941644834583 -0.1698813063215734
v -1.1523393475127757 0.38239962734116406 -0.39693979437290716
v -1.3590044334554072 0.3780132232510411 -0.33255577685704485
v -1.1583697410416054 0.37703047845925397 -0.5035937814011462
v -1.372985672818579 0.3729472896559817 -0.5318485048416308
v -1.1206215911290125 0.3842466624585828 -0.5958297966794541
v -1.290119648089543 0.38129677569590154 -0.7305023880063166
v -1.0248850705397385 0.40191815470395675 -0.6738692049297677
v -1.1295926335016147 0.4053491496960019 -0.8633409825958605
v -0.871467854938091 0.4297244467325605 -0.7342690676034507
v -0.9291479484125977 0.4372290580349193 -0.9428156754060535
v -0.6820546924516473 0.46339064626438387 -0.7704922848359846
v -0.7085800221238364 0.472344633584534 -0.9851809733988717
v -0.48088288130552037 0.4979349758226147 -0.7839737463138448
v -0.4850260752393618 0.5067791926075876 -1.0002597000267175
v -0.29087791706745253 0.5285471106490309 -0.7793018506165411
v -0.2763001319726315 0.5365287691384749 -0.9951693593099225
v -0.13456257105803968 0.5505076276780335 -0.7622019891436618
v -0.09954835420011572 0.5575917669405359 -0.9757407902752964
v -0.03774805448951595 0.5586849257478805 -0.7400380726617123
v 0.036256392670445566 0.5662389663760679 -0.9433636201729292
v 0.10794763353194467 0.5557126096385273 -0.6822269999941357
v 0.19355975940779402 0.5632540826463897 -0.880944613928808
v 0.23207832709357398 0.5468917041733892 -0.6257899901457582
v 0.3255643229563603 0.5540846854254733 -0.8209402645453866
v 0.34443099149131917 0.531857294839792 -0.5716275002058486
v 0.43908508688990067 0.5389320002671157 -0.7662182265198044
v 0.4541495480155114 0.5100453493171043 -0.5213122395303527
v 0.5410852550334526 0.5183985615452011 -0.7194218220617463
v 0.5689776379082495 0.48114132842969826 -0.47763042127537814
v 0.6395376852377302 0.49317044537743987 -0.6819624551475025
v 0.6951726702669371 0.4455594069298588 -0.4439037093388127
v 0.7440982711116104 0.4633181800156617 -0.6540605830319534
v 0.838697617270189 0.40418438771472665 -0.4226493591302876
v 0.865570714555086 0.4281520784449274 -0.636140310796577
v 1.0065893393882963 0.3576407523087422 -0.4153160150725629
v 1.0144388441395642 0.3869030942417272 -0.6296920879439468
v 1.1622765833685724 0.3182486188881661 -0.4145462624982329
v 1.1718776579026842 0.3441310911665557 -0.6292854461526112
v 1.2939266046201299 0.2860717861788147 -0.41456031681035044
v 1.2973479978296634 0.31063447126051824 -0.6296416236923824
v 1.4135411235485986 0.2566977975783798 -0.42136625717487264
v 1.3988255060667023 0.2828821272270679 -0.6357790167834727
v 1.5300374812007664 0.2262806266101333 -0.4421016707689612
v 1.486420416339342 0.25694485231738884 -0.6519403157194297
v 1.6475089222364716 0.19199978802979825 -0.48271167589157793
v 1.5736790765765727 0.2282046245613385 -0.6829948846275075
v 1.77043668050618 0.1513586410062803 -0.5462421641535788
v 1.6740050815647143 0.19180221074302167 -0.7358213412605112
v 1.9078193957802982 0.10103882205989494 -0.635933098570925
v 1.7975565536400129 0.14342945910044091 -0.8173721779734705
v 2.0678992766371254 0.03746114338973527 -0.7543608728033613
v 1.946765960508503 0.08191515487251667 -0.9282158715430352
v 2.160540004314277 0.028982339172479766 -0.8268041343617606
v 2.034190808832141 0.06925052802577536 -0.9979454612453988
v 2.2356821018379986 0.026905416892911822 -0.8832513977979546
v 2.115599559369532 0.06091516512886871 -1.0601652752051147
v 2.2964143875089924 0.029746673237065556 -0.9224160616252776
v 2.194947611675551 0.05718603078257088 -1.1116951546584386
v 2.35167027858443 0.035497567425672776 -0.9483525011990791
v 2.2814089211054056 0.05711902107841553 -1.151996441416182
v 2.415214061809324 0.04265982629874389 -0.9655265715411335
v 2.3798072325179107 0.059528978326490616 -1.1784509434420352
v 2.500496905959945 0.0502825392671365 -0.9747209870128172
v 2.4927755911837135 0.06253631357199162 -1.1907423431640367
v 2.616199741709178 0.05714786397929487 -0.9748946490925295
v 2.6258456625386644 0.06429271241115127 -1.1910679761988983
v 2.768459832239229 0.061683060602299236 -0.9658443515408002
v 2.7873290690638943 0.06331339535890185 -1.1815207153599172
v 2.9339169227426742 0.06169186553161564 -0.953622823830194
v 2.947769560932989 0.06330466625205185 -1.1696795369612707
v 3.0763234095832566 0.06169331437397772 -0.9443039809250362
v 3.09221230586897 0.06330322980797876 -1.1602205183813348
v 3.1984823459522644 0.061742368461519086 -0.9325722705880309
v 3.226187515884459 0.06325458244644482 -1.1472933379472727
v 3.303918175787296 0.06193100562508813 -0.9138509756370714
v 3.3545445043315514 0.0630672728919888 -1.124352005931052
v 3.3981778746426783 0.062306421588695954 -0.8839833375637747
v 3.4801819675671943 0.06269337876333798 -1.0843584333411
v 3.489110189019386 0.06276261128027456 -0.8375787770540731
v 3.6036541246212 0.06223702039147296 -1.0213025114246357
v 3.5843784858148 0.06312967810792253 -0.7671110982393361
v 3.725527398099809 0.061868200105067356 -0.9312768475112443
v 3.689184127279801 0.06334986484174131 -0.6646764168168436
v 3.8488044114583864 0.06164626543042057 -0.8109414592152014
v 3.7854768665062783 0.0629891956365855 -0.5501693067564568
v 3.956840263390694 0.06200952468329525 -0.6824894732204451
v 3.8583289254786868 0.06259035875928394 -0.448122357582304
v 4.0383545244694075 0.06240959767461553 -0.5683960082023067
v 3.9187317904308028 0.06212984134037003 -0.35353563399476456
v 4.102056729659188 0.06286942933696275 -0.4687155787182452
v 3.9776331605836237 0.06167499330207953 -0.2617001655371059
v 4.156814844023954 0.06332139247203422 -0.3832164759207853
v 4.045785739847123 0.06135957347330108 -0.17030746748897893
v 4.211763311001665 0.06363353182112756 -0.30930845664758577
v 4.1324983714118035 0.0611916951816149 -0.08027133844178953
v 4.277312321152179 0.06379923877813577 -0.24119716196612095
v 4.244896247262561 0.06101638228930377 0.0070115344743472
v 4.365876327054904 0.06397196983766311 -0.17251585840953076
v 4.390045520253954 0.060735178475848195 0.09263993027918635
v 4.490003865141931 0.06424836381244768 -0.09937826369223648
v 4.548996406025242 0.06073518643024381 0.17577790200698065
v 4.6490935505328235 0.06424835600572909 -0.016167973960600893
v 4.716708746656678 0.06073972306955812 0.2616952323678997
v 4.813477030541116 0.06424390348424475 0.068049628354583
v 4.891628104368876 0.06075799606257451 0.34564288612709604
v 4.981628842002852 0.06422596714414709 0.1487600773247084
v 5.0724121521393055 0.06080105115440353 0.4228550140366393
v 5.151813525674974 0.06418369157285829 0.22146241331742578
v 5.257903587416772 0.06088513657628177 0.4884771865634455
v 5.3221102147421595 0.06410107300023793 0.2817353989141754
v 5.447087731936444 0.061034842520345065 0.5374489990256288
v 5.490448053138385 0.06395379657302529 0.32534911158458657
v 5.638947057373915 0.06128397032222758 0.5643420174048146
v 5.654735856792544 0.06370819362068957 0.3484257443860412
v 5.832084402728975 0.06166705811505069 0.5632473240908683
v 5.813215187022335 0.06332925795292924 0.3475712016518852
v 5.987744114625229 0.061197474995580654 0.5508458628808438
v 5.9730092837047 0.06379353861961226 0.3348571011097659
v 6.109333462576927 0.060791383149844336 0.5461508126771832
v 6.1094727808866365 0.06419318621230301 0.32967123320989766
v 6.200268159044792 0.06061916286604199 0.5518612007513243
v 6.231368718908605 0.06436215574373741 0.3376329458910587
v 6.266831032262131 0.060879589903629655 0.5684608743916062
v 6.3448316239877895 0.06410652517686291 0.3665190645076957
v 6.322682113936387 0.06131829683191015 0.5985807992765356
v 6.448756063312249 0.0636743019355789 0.4225841841706645
v 6.382040427115366 0.06141292036823882 0.6521200702010932
v 6.540940401578315 0.06358081312932026 0.5050789250863648
v 6.451139198292386 0.061153240041015834 0.7387626198853686
v 6.627205080833732 0.06383715505688445 0.6127919820163612
v 6.53296543713745 0.0607359052605343 0.8633509707139952
v 6.716920047269785 0.06424765051814361 0.7492309941266069
v 6.729868032703475 0.06001933090676991 1.1270369804860678
v 6.889326931378045 0.06494827227763228 0.9806690701694424
v 6.935217557751824 0.05955498572602729 1.3071773424587987
v 7.056424108047257 0.06539946210182813 1.1278736496318706
v 7.1422773494403495 0.10194999619959388 1.4063344212523088
v 7.206548685455488 0.05425209342120264 1.2051650760792132
v 7.342572415994845 0.16377031297807168 1.4485847231909021
v 7.329390834516644 0.06854028406786802 1.2545937762281758
v 7.5086111979060846 0.15973360725561292 1.406501831670982
v 7.432887468629564 0.06895058448699057 1.2251200255231556
v 7.657293268712752 0.11845490886679609 1.2770493044614708
v 7.4818148124193025 0.06092286472362676 1.1640343706094507
v 7.729430818902047 0.07815824311698852 1.0968285183275421
v 7.517005611671839 0.07809175098807375 1.0549892196718564
v 7.729622482164297 0.06255367010357833 0.8982093720935767
v 7.516405375388179 0.06244631452946169 0.9358053007668031
v 7.697448795527338 0.04761898983972075 0.7232354102175496
v 7.484268766267467 0.036386389567992984 0.7593339394936329
v 7.6678418767425 -0.0012250103618023644 0.5635671646792657
v 7.457100385385202 -0.021794136335188917 0.6087328029144596
v 7.635087992345651 -0.07277664883186348 0.4187901825847685
v 7.429393712518773 -0.09804476394622413 0.48145106037202073
v 7.593629239695671 -0.155036711916555 0.2875560815489005
v 7.396211066418426 -0.1800041422921274 0.3728654730618915
v 7.538407250297359 -0.23601042246246667 0.16791666977247538
v 7.3533632280153896 -0.2572843824505653 0.27828481936344573
v 7.465310859365339 -0.3042577367504202 0.05781968221921954
v 7.297111513146902 -0.3214868628979453 0.19304962396247125
v 7.3709460328854615 -0.3497527074581538 -0.04526845577477171
v 7.222324467556847 -0.36656760425821866 0.11126872691635642
v 7.250694495039176 -0.3640064684681841 -0.14527490763075065
v 7.119618576184164 -0.38668092986379093 0.025546555589576428
v 7.143025892084709 -0.36551382739470323 -0.23797276334887388
v 6.993577391488791 -0.3849931246346888 -0.08253562927638707
v 7.074728155150609 -0.36674979978122846 -0.31510647286255816
v 6.902256093854474 -0.38363073403088865 -0.18532426248254902
v 7.03337311515043 -0.36779623026978586 -0.3832347853921334
v 6.839649279599155 -0.3824920586687029 -0.28768318589232206
v 7.006395456681274 -0.3691079825835917 -0.4540902344260748
v 6.80021512405943 -0.38108337732998365 -0.3891190072511642
v 6.984686748241343 -0.3708375106660988 -0.5394854815172181
v 6.774305006242951 -0.3792570431314982 -0.4890510279483924
v 6.96034691961644 -0.3726901527086638 -0.6457917504710109
v 6.750451586240116 -0.37733866213233236 -0.5929018612011324
v 6.924556067614522 -0.37447771061420565 -0.7758210444003735
v 6.718347488361679 -0.37552374832081986 -0.7098519027685449
v 6.868243193025804 -0.3762163995182575 -0.9320535874891502
v 6.668229953640062 -0.3737914412908617 -0.8492053910813995
v 6.833419235317447 -0.3728178339414944 -1.0075368170142849
v 6.640071450586742 -0.3720861396684144 -0.9101145466485228
v 6.793539123808976 -0.36448639711315156 -1.0780885077265434
v 6.6096152794731 -0.3669036713311141 -0.9638905380858037
v 6.747960071181378 -0.3523524610204489 -1.1421966136861523
v 6.578004939620536 -0.3598474866151618 -1.0082784377447536
v 6.6953124072157575 -0.33741054588289643 -1.1981959639742377
v 6.547033324036537 -0.3527108628630692 -1.0411793604195936
v 6.633181815061135 -0.32058044877491304 -1.243519679960704
v 6.519413577526525 -0.3474152833786931 -1.0612789606358053
v 6.5588751632021 -0.303264598988768 -1.273008813415393
v 6.498175706229891 -0.34552329526948466 -1.0695271717080066
v 6.473713681000965 -0.2886742002221292 -1.278335627255525
v 6.482974740727968 -0.34694676479180864 -1.07002446338953
v 6.386985801757385 -0.28150763986899885 -1.254449147590564
v 6.465848130740115 -0.34989122931155886 -1.064766734693714
v 6.286125054041483 -0.28391513853220507 -1.1966482961713827
v 6.430038986455869 -0.34170453890413216 -1.0455716094798861
v 6.225521069864457 -0.2805011055224138 -1.1090126400532967
v 6.423513994432929 -0.33396374842062815 -1.0396184930727246
v 6.210805607758829 -0.27372874492467886 -1.0107605805040478
v 6.420765877432174 -0.32462646167560355 -1.0249418212198107
v 6.227677717765271 -0.2665920140343728 -0.9193384111869115
v 6.427865354693391 -0.3116535047898836 -0.9883990517285837
v 6.261018216759941 -0.26010030330560086 -0.8376654647390382
v 6.448612467509692 -0.2962419698555906 -0.9395338947094114
v 6.300841256851021 -0.2548041298061364 -0.7668129939919789
v 6.477849960953654 -0.2800883120112018 -0.8888934133970876
v 6.3387325822538 -0.2514124019369931 -0.7094690526791421
v 6.365512145426328 -0.25101872810130077 -0.6705453436277912
v 6.531155016437625 -0.25077581967012275 -0.8099633492032147
v 6.438187782359328 -0.23101101210763653 -0.5652979787435691
v 6.627339229536666 -0.22028781406465398 -0.6700917908435661
v 6.466896963230146 -0.21987569724892425 -0.49013264689157787
v 6.676489385160782 -0.1963247460724894 -0.5390342763934206
v 6.468669777192672 -0.21542158774336045 -0.4439903956012672
v 6.680248635055514 -0.17850249670969495 -0.4166706660509302
v 6.458060435592625 -0.21438760543602792 -0.4148236347608755
v 6.643248411296348 -0.1673457215908522 -0.3130028371846713
v 6.437655829522575 -0.2148152885049079 -0.3903767673238291
v 6.581384420460159 -0.16204255070792667 -0.2373011967957144
v 6.40859294979723 -0.21632170760904806 -0.36990908474343454
v 6.511411865418933 -0.1603367676624211 -0.18778561813479105
v 6.379000614610382 -0.21837252320592748 -0.35709667215666513
v 6.443814218242772 -0.16016605353809468 -0.15888919582695865
v 6.365348388391652 -0.2197651243607525 -0.3538333318829271
v 6.383760414626096 -0.16007868677359582 -0.14653276155545158
v 6.244484991750817 -0.21411815157535624 -0.3560677481565038
v 6.20752108579331 -0.16424367393429776 -0.14865220839056417
v 6.15868799233202 -0.2085007080386791 -0.38203529396888225
v 6.064950434893393 -0.168636441276118 -0.19098789000608665
v 6.086576343942451 -0.20329875474193743 -0.42585250929291596
v 5.954860571770757 -0.17293650375867659 -0.2567250748641877
v 6.014720856612017 -0.1984951580465457 -0.48491157525079814
v 5.87084273193893 -0.17711577240474718 -0.32454634488543976
v 5.9319750034740055 -0.1937399688548544 -0.5509957067689795
v 5.804538175184337 -0.18146121671968313 -0.3763987794149379
v 5.823229947475791 -0.18850790092940808 -0.6065624261487971
v 5.751728538531242 -0.18649748819922357 -0.4022134433776594
v 5.684925177116843 -0.18293649318456473 -0.6218068636714915
v 5.6983195851162645 -0.1921774183151121 -0.4059129194834327
v 5.530333364460326 -0.17799066494447102 -0.5811847313069896
v 5.61005632383614 -0.1975188395741005 -0.38084027756794325
v 5.393247636149574 -0.1796616181852576 -0.5269142207041466
v 5.476127083917047 -0.19542664957484718 -0.327521490337556
v 5.301256525140572 -0.18062365698603167 -0.48884829860738943
v 5.388896103754392 -0.19263744388291157 -0.291237638002278
v 5.241897760796328 -0.18019771150513447 -0.4627042397616729
v 5.336084616132345 -0.18855490347464499 -0.26793772923099435
v 5.203905750050485 -0.17796533312174678 -0.44487908729047065
v 5.3034386729881975 -0.18282190061486103 -0.2526692774376432
v 5.174332303481197 -0.17349042670970086 -0.43075474094436883
v 5.271868217817778 -0.17411070866490255 -0.2374638703249234
v 5.135926221226529 -0.16535599205018306 -0.4135525684993696
v 5.226420855752054 -0.16034773731585578 -0.21692948107928106
v 5.073985538527605 -0.15227353109772723 -0.38805922895529027
v 5.158496268770075 -0.14185813550472579 -0.18900030298479822
v 4.9783554642792325 -0.13420941529704147 -0.35101745031044296
v 5.059713460989813 -0.11915954137362324 -0.1509440196252808
v 4.858098862015885 -0.07180707577450601 -0.3006749543376088
v 4.949610910110606 -0.06526685885187994 -0.1045684255933715
v 4.777782417619515 0.021265780466952336 -0.2609800978807595
v 4.873265700041078 0.01717981313390609 -0.06670903042871357
v 4.725165942791868 0.13645984649576776 -0.2281930254776945
v 4.818385121038646 0.12407551847465977 -0.03317555644873524
v 4.688763315463573 0.2634116314753739 -0.19925048466598688
v 4.776456498809192 0.24616822304480962 -0.002051168083984964
v 4.6559191424554855 0.3907575730766674 -0.1708475812521114
v 4.737150620838479 0.3705063334056415 0.028817974644492594
v 4.6103254144098855 0.508426759576838 -0.13834896299761515
v 4.686310497249468 0.48496128136951056 0.06302292808543378
v 4.527935067919054 0.6013627129587574 -0.09555162558320066
v 4.6040256069674115 0.5757322593064736 0.10551629754952724
v 4.399050941296659 0.6364945979011288 -0.04229619307866318
v 4.4769734460177375 0.6127514810471393 0.15830128362543539
v 4.214392701263779 0.6290978462353332 0.040721501817774786
v 4.313308471108623 0.609482049454396 0.2323093171731637
v 4.025270231489424 0.6125618495734091 0.14161039868627562
v 4.132297365857953 0.5976563029990435 0.3292217447988717
v 3.8373728060286965 0.5903732552638132 0.2465020334456633
v 3.944204589940695 0.5797085165617281 0.4345132918707807
v 3.6588732590322994 0.5657514412781718 0.34114127588869403
v 3.7571983714779535 0.5582997485085819 0.5338888946480891
v 3.5004405152376483 0.5421420440957229 0.4109663132414224
v 3.57719625593679 0.5358670185345344 0.613312996742617
v 3.378244897694883 0.5239164299154053 0.4429184913809765
v 3.404977244880947 0.5139462782978743 0.6575367051715287
v 3.315852212644862 0.5171052524645124 0.4392788043692901
v 3.2333477479327972 0.49224112273738785 0.6378985122421202
v 3.2899752061195073 0.5184262603010852 0.41486453915398874
v 3.0989191501865436 0.4795411442554587 0.5089949340403298
v 3.221908884412131 0.516751481591593 0.26970569053404575
v 3.0285185883792924 0.4815889651951645 0.3604734757940259
v 3.1645186731968744 0.5150523696891736 0.14382885188536038
v 2.9707995273387215 0.4836235941109283 0.23526256882632213
v 3.1131464299364198 0.5133304101690338 0.035888102679848814
v 2.9224908135152172 0.4856432731160478 0.13467503688098925
v 3.0621572339036085 0.5115897702547979 -0.05607999684043871
v 2.8813694436617037 0.48764329903590076 0.060613368076387716
v 3.0036692601834494 0.5098417659094561 -0.13393895932316602
v 2.8475660366645976 0.48961134446861065 0.014713365432786202
v 2.9278170049738974 0.5081040644830109 -0.19511136568293785
v 2.8230520161415464 0.49152909088397156 -0.006366650882367875
v 2.833057453838156 0.5063623654403044 -0.22850939979903195
v 2.8004450036933366 0.4934138833846135 -0.014865385354430466
v 2.730631380703983 0.5045732610852849 -0.22963319026927598
v 2.759148581248821 0.49531233352120946 -0.015213031483450906
v 2.5971444256408494 0.503961057432351 -0.18449542230412047
v 2.7067389512942612 0.4959534168998936 0.0020519380093038248
v 2.4960065287346636 0.5033207803914549 -0.09816974980367456
v 2.661740339667515 0.49661932593713315 0.040979071326331676
v 2.4250161110542767 0.5026457605202528 0.009980501356270759
v 2.6174238120944566 0.4973163637820152 0.10910604857210801
v 2.373010395146786 0.5019529463158374 0.12983735183018225
v 2.5763262456416864 0.4980264959773378 0.20414918080292707
v 2.3311456694420483 0.5012520375451058 0.256232997463322
v 2.5384385024933938 0.4987395453487881 0.31866991561685043
v 2.293218771562033 0.5005469781342081 0.3841406166458484
v 2.500959140389825 0.4994514215298498 0.44511388058193385
v 2.2544309684192028 0.4998398612438004 0.507723794484781
v 2.459631712185349 0.5001600021025656 0.5767712583603717
v 2.2110263491372155 0.4991329665633862 0.6204086157600667
v 2.409158436386873 0.5008630424892907 0.7076764955291124
v 2.146293836827618 0.4991624048787383 0.7304145283827412
v 2.315190501505286 0.5008338700048653 0.865862388702096
v 2.0778114509041155 0.4992065545839614 0.7934153994660212
v 2.1944729291766443 0.5007901018752897 0.9757957489153093
v 2.0058714459435465 0.49925246586684796 0.8237199285748283
v 2.0547139448304335 0.5007445656156897 1.0346397805111123
v 1.9245161418894345 0.49928489798989995 0.8295582421027449
v 1.9098462557514617 0.5007123850216044 1.0455623085493588
v 1.8323499438596724 0.4993033862069784 0.8118677266727887
v 1.769302609613106 0.5006940352268304 1.0189862911224907
v 1.7340633631766615 0.49931369984568363 0.7718407896604522
v 1.6364707775771337 0.5006837972400979 0.9650991919852376
v 1.6359913243093651 0.49932004807144276 0.7132681778774448
v 1.5130978349535502 0.500677495021449 0.8915105623198947
v 1.544101868949422 0.49932468043359257 0.6415289704834445
v 1.4012917543590058 0.5006728959627612 0.8042509833936807
v 1.3751428581002638 0.49945261949997144 0.5412305087207383
v 1.3039765842479534 0.5005457871358997 0.745703407781953
v 1.2019842344989478 0.4996250205855276 0.5146220119327536
v 1.2054519261496368 0.5003742309905905 0.731099294339903
v 1.041813430772858 0.49975332653224175 0.5360130598175379
v 1.090219568998569 0.5002463493719775 0.7470381832283604
v 0.8960386148210058 0.49982135699119606 0.5763091243666064
v 0.958397781720025 0.5001784729662622 0.7836402768059845
v 0.7634840202476745 0.49985286400886036 0.6133533114961033
v 0.8127409972497456 0.5001470206202704 0.8241818287524398
v 0.646639508679612 0.4998762866562585 0.6302545435743419
v 0.6523801106950444 0.5001236317709072 0.8466846346173729
v 0.5458619797581301 0.4999225120700914 0.6167584781407538
v 0.4785640029536624 0.5000774559197758 0.8225398142974344
v 0.3770256664808043 0.29375001458647926 0.6428603900876577
v 0.27010549114298527 0.2937500008124039 0.5226753438988487
v 0.1659974913598952 0.4906214258022544 0.5909279241891499
v 0.29722221174416585 0.4906274748550482 0.7384119498476294
v 0.20649034277081701 0.2937500051449978 0.3930661088793386
v 0.08948302131625932 0.4906227462586606 0.4355671321928849
v 0.17019438706384146 0.2937500012548782 0.26340618280214756
v 0.04871036649594586 0.49062655236544317 0.290593338994309
v 0.1452535171805625 0.29375004411433 0.14307328080390755
v 0.02372663256120899 0.49064466123937567 0.17009108186313335
v 0.11553419958684652 0.29375366048914453 0.041289288389001956
v 0.0009482241474286363 0.49074357102525246 0.0899174245994915
v 0.06585819539102919 0.2937514392377569 -0.03189955236869257
v -0.014799348695431173 0.49047537832824367 0.06310547048251747
v -0.02042593401252121 0.293756440503872 -0.06742197549163473
v -0.0364525130711727 0.4905686549974925 0.05595263855312052
v -0.15977420674147022 0.2937515999201032 -0.056165661901275546
v -0.13448134636971829 0.4908140640294401 0.0655738041522397
v -0.3330150005174634 0.28859561360251673 -0.026244622978290045
v -0.3319525978595393 0.4874799173376979 0.0951293813012018
v -0.5206064855489808 0.2748335758965265 -0.01633169021639464
v -0.540671714234762 0.47455144367494295 0.10199135118054582
v -0.7102670832938329 0.25519822186618457 -0.028676580191682875
v -0.7497486500619552 0.45514502737052837 0.08426022555368752
v -0.8897081826100385 0.23251643813997064 -0.06553731694305472
v -0.9494111833459604 0.4320421537276143 0.038965297334938725
v -1.047138394970152 0.20960171845545544 -0.12943210650905967
v -1.1298656010620967 0.40781242771275666 -0.03903712044126073
v -1.1708583504573227 0.18924741550223398 -0.22375090990253807
v -1.2788902199759782 0.38518040623535477 -0.1585874283413886
v -1.2476118838811412 0.17447225816441633 -0.35268995286358873
v -1.3742717258115347 0.3684270104848433 -0.32740050684338745
v -1.2616062170108306 0.16878082094873847 -0.5172135805720699
v -1.3887348883603883 0.36312066726624687 -0.5344871033763063
v -1.191193293366534 0.1774240981671261 -0.676079005205193
v -1.3025241124679245 0.37152721178820874 -0.7406141328873433
v -1.0530506705493272 0.19950654391619305 -0.785438960976518
v -1.1368302804306019 0.39610023593565774 -0.877957294072599
v -0.8705693300840545 0.22996624070411353 -0.8539161871136128
v -0.9324564447998324 0.4283422164459317 -0.9589909775122862
v -0.6634338620877801 0.2644698759279435 -0.8900993517479165
v -0.7093548775744822 0.4635914679800521 -1.0017443121604594
v -0.451292848994411 0.29874466186539433 -0.9008968382796704
v -0.4840865107262563 0.49802106218791453 -1.016811886289496
v -0.2545053530067799 0.32842587917876087 -0.8926803041484979
v -0.27404954901156864 0.5277015109376089 -1.011557674933885
v -0.09455337277691561 0.3490580130522313 -0.8720419953736963
v -0.09593802402936323 0.5487617140313901 -0.9918826049712913
v 0.0021121206390527832 0.3563440338274292 -0.8483839681492205
v 0.04142874581097988 0.5574478616423084 -0.9590965709625833
v 0.1460939174728971 0.3535210030084601 -0.7914275271924098
v 0.19971485266256345 0.5544669447958283 -0.8963219848165873
v 0.2648600390559908 0.3452059739688049 -0.7376253590176446
v 0.33185123556745233 0.5453022434774307 -0.8362669061621842
v 0.36686547165632644 0.3315830167022637 -0.688422478036037
v 0.44493156724109245 0.5302081126264824 -0.7817512542973091
v 0.4615568757742108 0.3126065736085028 -0.64465528635121
v 0.5458439434777076 0.5098712226779438 -0.7354281294476951
v 0.5588313408025904 0.28784363190004886 -0.6071848740677619
v 0.6426863352989101 0.485019423296792 -0.6985518897922703
v 0.6683191036543704 0.25673833760703263 -0.5776215997663308
v 0.7454215687960388 0.45566100713808455 -0.6711245534597665
v 0.7986543764611894 0.21907402497660855 -0.5582537639491049
v 0.8651868274144826 0.42098169863633966 -0.6534608415062254
v 0.9574723906756597 0.1750429766542494 -0.5512453734913965
v 1.0129253952164279 0.3799334690235059 -0.6470326847236021
v 1.1158349231921834 0.1331152701103534 -0.5479538316570118
v 1.16996376976785 0.33703156001364254 -0.6465335240054084
v 1.2441011499686543 0.10001974714124755 -0.545427169097353
v 1.2948634637636722 0.30344019686071905 -0.6467773176186675
v 1.3509714416642593 0.0721048886213306 -0.5487448614794371
v 1.3947633834103332 0.27583721195298516 -0.6526737150141487
v 1.446496458294658 0.045453165636802836 -0.5626581091810909
v 1.479973699296002 0.25028359252043114 -0.6682384738141514
v 1.5422612609026438 0.015755404126746704 -0.5926186333276451
v 1.5648250417530263 0.2220147511765877 -0.6983198327456638
v 1.6494170216319646 -0.02134699834223761 -0.6449975766075955
v 1.6633606714598652 0.18597796038513717 -0.7501159955511357
v 1.7777006901577874 -0.06989815090236526 -0.7258877262138254
v 1.7858337208033546 0.1378121583802514 -0.8308845287276038
v 1.9466201193338808 -0.13726601648259498 -0.8491043456993538
v 1.9349214406823496 0.0760847265622223 -0.9415303732538156
v 2.060989308364705 -0.15285586729741515 -0.932728152373541
v 2.0228604043572855 0.06286850121117804 -1.0114530209130048
v 2.1511590749191485 -0.15964165471978614 -0.9938938892240066
v 2.105223827754218 0.05396704412709974 -1.0741520656872716
v 2.234964041924134 -0.16110047540635597 -1.0406392625997523
v 2.186486071933478 0.04967568748160382 -1.126647063857432
v 2.317983793103875 -0.15870828674382423 -1.0721417022626931
v 2.275679195299838 0.04914920892585537 -1.167971886212679
v 2.4052728786755373 -0.1542395557091906 -1.0892851043680658
v 2.3769067772397325 0.05120569502099655 -1.195000046565642
v 2.504474245937046 -0.14933185771461233 -1.0944394022396369
v 2.4920197820654533 0.0538707536589763 -1.207352560621093
v 2.6253181169405906 -0.14536978794381883 -1.0893606059723826
v 2.6263373013959677 0.05524417775051331 -1.2074827503895238
v 2.777791928224278 -0.14374443657101404 -1.0752466707048227
v 2.788382355288039 0.05406190600012718 -1.1977953284973932
v 2.9409410605810153 -0.14374601245313268 -1.0631843402064312
v 2.948902235444232 0.05405099376238771 -1.1859475759920086
v 3.0843757584362685 -0.1437460553664453 -1.0537879921692865
v 3.093526523973826 0.054046678296945184 -1.1764732592239266
v 3.212487845130516 -0.1437465684889393 -1.0413505023540246
v 3.2283970446998334 0.05398160051731637 -1.163439306129952
v 3.329399433038696 -0.14374797571540754 -1.0201449041347561
v 3.358432307530346 0.05375260429163182 -1.1401534120442105
v 3.439190485311658 -0.1437493839856655 -0.9845265615891307
v 3.486329339458811 0.05331480141747579 -1.099385562334818
v 3.5459974674303227 -0.14374907965795095 -0.92905439063348
v 3.612154707000635 0.05279463866488073 -1.035091783578733
v 3.654095575749936 -0.14374726290583417 -0.8483207467444107
v 3.735991012070779 0.052381122467784515 -0.9436085400378479
v 3.767829536309484 -0.1437457437733662 -0.7367196402200276
v 3.8606638304713825 0.05217048587016285 -0.8219471978273795
v 3.8705062494200146 -0.14374839571762446 -0.6157022201340909
v 3.9696643843143464 0.05258994820727669 -0.6924079409220599
v 3.9483026754203916 -0.14374950394533215 -0.508079129335851
v 4.051834016267861 0.05305476807504561 -0.5774708615905675
v 4.011108597761585 -0.14374832835525625 -0.41139049630111746
v 4.115799853639871 0.05358554981145937 -0.477461927911339
v 4.068628256468281 -0.14374502948271076 -0.32323425655479965
v 4.170266546571383 0.054097161909334 -0.39246459838437975
v 4.130505953463901 -0.143741687538114 -0.24113591770125997
v 4.224249036705005 0.054443404677124246 -0.3198541058328192
v 4.206616167599918 -0.14373931724184313 -0.16255608144327843
v 4.28825626452517 0.054632467956494145 -0.25335293903516315
v 4.3070182990503785 -0.1437361759184515 -0.08507717283694514
v 4.375081549467265 0.0548394905467514 -0.18605927756202092
v 4.441604598344735 -0.14373105627796573 -0.006318070058809511
v 4.497972141145876 0.05514076250562433 -0.11370029832286414
v 4.600591177259999 -0.14373108025464693 0.07683725754074264
v 4.656627326320232 0.055137852828354386 -0.03072144276498232
v 4.766581880161539 -0.1437311968269192 0.16188656299466173
v 4.820758587090368 0.055131769418070575 0.05336935427743745
v 4.937994664703809 -0.14373161887794242 0.24419780375560232
v 4.988392403317301 0.05510934276310356 0.13383681031508032
v 5.113280441381375 -0.14373256898701137 0.3191635407650213
v 5.157763442892277 0.05505768737250525 0.20620210426280985
v 5.2908898624091165 -0.1437343284824234 0.38218711044358644
v 5.326892826418507 0.05495772136362187 0.26608010439754454
v 5.469281856976798 -0.14373719487037195 0.42868980170680704
v 5.493631279777917 0.05478062759810972 0.30930908231032955
v 5.646943684133983 -0.14374125225245693 0.45411227350950883
v 5.655813419503473 0.05448725224725423 0.33213539144966553
v 5.82252968215545 -0.1437453804106189 0.45378799641533507
v 5.8125246958244 0.05412151599701605 0.33125240237072207
v 5.980323318586555 -0.1437388728753533 0.44034321233859963
v 5.972076209602695 0.05464540711240823 0.31851685745653147
v 6.1095061006416715 -0.14373177916174668 0.43465771851267193
v 6.109716244636007 0.0550912922909386 0.31328042015968655
v 6.2163327351245 -0.14372880933538404 0.4412363041016434
v 6.233931826740929 0.05525684770734487 0.3214438648855697
v 6.306815620298075 -0.14373407038170044 0.464607096526033
v 6.350751195502933 0.05494382973903495 0.351268943675692
v 6.386925257113368 -0.1437412898500684 0.5087029820552412
v 6.458126376065873 0.054465089864773594 0.40920695904980275
v 6.463019391445403 -0.14374261746671566 0.5771863333756562
v 6.552809879392281 0.054384565486172064 0.49384918663394906
v 6.541324148474214 -0.14373833731932376 0.6743316207057314
v 6.640459007940254 0.054693787980007014 0.6031849661033694
v 6.627879748147264 -0.14372976029502632 0.8045537608491683
v 6.730387396859574 0.05520766191379403 0.7398250597732502
v 6.81314308202484 -0.1437116406191572 1.0507158922064155
v 6.9014530120463 0.05598987288680556 0.9695215256872963
v 6.998598918910957 -0.14370436102467965 1.2133243106145737
v 7.065441408934222 0.05633770114092909 1.1141574084192987
v 7.176668331118565 -0.14363730360189936 1.302177234303184
v 7.213560278566782 0.04533898093398325 1.190233348522369
v 7.336481563951104 -0.12267169283597745 1.3601214217252795
v 7.330775664669584 0.05906824649495281 1.2384715788077003
v 7.467791038809609 -0.13294485512246132 1.3281064419354112
v 7.42366206385975 0.05917595112168454 1.2120467340704668
v 7.567495006951267 -0.15887047963685072 1.2450208969933425
v 7.467439950241288 0.051828469273678804 1.1561465439909797
v 7.623641090602054 -0.14374354944749693 1.0755922758726544
v 7.500880588292489 0.06887350566691332 1.052426004071421
v 7.623923314844201 -0.14359266687585814 0.9192728202317118
v 7.5006320300807205 0.05270200687653957 0.9386003939990366
v 7.609639290569313 -0.15827039276575058 0.7866420218120045
v 7.469481163442066 0.026206715563887456 0.7647435180214233
v 7.598324499333861 -0.19843300122575624 0.665459114086733
v 7.443346910969968 -0.031939496683601035 0.6164448781805856
v 7.584002435124575 -0.25948733943486724 0.5477536215037502
v 7.41683552411801 -0.10785342211896888 0.491332590058319
v 7.560027738187429 -0.3356600280009357 0.43023838961791927
v 7.384978189168708 -0.18947418010836367 0.3845146512497215
v 7.518298407673978 -0.41886240165024674 0.3103827627074345
v 7.343458082422747 -0.2667005134288553 0.2911217609068293
v 7.449113428551076 -0.4980195245702497 0.18572675671432962
v 7.28824949961176 -0.33130062771564794 0.20634312749637038
v 7.343641271895876 -0.5576595072129881 0.05577509090633045
v 7.213893626838481 -0.3771419892411885 0.12425586697926048
v 7.199398847398513 -0.5804160281380516 -0.0759316982463292
v 7.110373874768512 -0.39759450430296156 0.03767057673340955
v 7.080805654315356 -0.5806724221368502 -0.1738233406855144
v 6.982710035065402 -0.39570057615313414 -0.07163546660112541
v 7.001027309026078 -0.5808152804976426 -0.2601458069729981
v 6.889732824156128 -0.3941703470277637 -0.17617840145481672
v 6.948760021158913 -0.5809202353179699 -0.34201443268349485
v 6.8255962335929015 -0.39286000029347934 -0.28085821816995593
v 6.9138580402474155 -0.5810282111791236 -0.425560017152014
v 6.785155675242258 -0.3912197043096905 -0.38442535444301545
v 6.886972635821803 -0.5811352257639452 -0.5167483094254974
v 6.758771608237756 -0.38911662305344075 -0.4854365113589959
v 6.859388750928175 -0.5812101235792644 -0.6209686900406992
v 6.734786610663851 -0.3869218526067965 -0.5891159002233699
v 6.822108753836634 -0.5812423869021992 -0.7435465204155202
v 6.702799833961287 -0.3848429508697915 -0.7050575929644919
v 6.766002784779636 -0.5812374216780731 -0.8901282319845972
v 6.6530702631648575 -0.3830323726736407 -0.8431761729003459
v 6.730176422346684 -0.5782681051148354 -0.9704186287293338
v 6.6253941837320305 -0.38145631827945187 -0.9031618428239049
v 6.690666849275969 -0.5704710653623811 -1.0430104144325847
v 6.595499271159486 -0.3764923113690227 -0.9561214460208703
v 6.648109254255876 -0.5595445371132761 -1.1056454031365628
v 6.564858800579834 -0.36980716800021207 -0.9993595658973279
v 6.603067975239494 -0.5471300253279466 -1.1567024080541861
v 6.535606166227627 -0.3632972200796626 -1.0307432881079936
v 6.556501457699982 -0.5347897549115732 -1.1947613557588432
v 6.511159625165558 -0.35903693801802494 -1.0490981596002835
v 6.509402537263765 -0.5237152609758255 -1.2192419982558964
v 6.49549259114831 -0.3585426176761137 -1.0563036836079915
v 6.459522943869084 -0.5150532406872848 -1.2293159171488983
v 6.486324183953975 -0.36081187407457904 -1.057854727375442
v 6.401602363604392 -0.5117297624229618 -1.2186037845271764
v 6.470916564683258 -0.36316408758036406 -1.0525313470521147
v 6.3072211684167 -0.509254547388251 -1.1468096437219515
v 6.434774523862134 -0.352091383334318 -1.0306971129083387
v 6.266292568312311 -0.5023717247524424 -1.061401876522482
v 6.432935481916805 -0.3435375074499671 -1.026536397994362
v 6.270632003829588 -0.49602562658249766 -0.9805326566874016
v 6.4349994293128745 -0.335686684617678 -1.0197804290305823
v 6.299371810357965 -0.48779456667268284 -0.9082032591494843
v 6.442764194832194 -0.32300908086472946 -0.9891977722847028
v 6.341581180453448 -0.4785322043274959 -0.8431196627673802
v 6.463352708158914 -0.3071472035003651 -0.9434535483619534
v 6.389582193860509 -0.4691483150270328 -0.7867781780165121
v 6.49251518846139 -0.2902477623290176 -0.8946622236198446
v 6.436333682860442 -0.4601726500234381 -0.7414329348249818
v 6.522829873943718 -0.27374377996261046 -0.8506233879662538
v 6.4728269602156825 -0.45346707317669027 -0.7116418786422081
v 6.546011315538579 -0.2594146560643425 -0.8174615745117054
v 6.5583148755280725 -0.42875853676819037 -0.592589202828816
v 6.642893059419092 -0.2285319205974778 -0.6765474537424497
v 6.600459434934517 -0.410750727899518 -0.4892769148704882
v 6.693635226475067 -0.20359392124609305 -0.5412118249969724
v 6.606099781799758 -0.39878326430704253 -0.4020190092697847
v 6.6975598741353854 -0.18477699626493102 -0.4131331306304922
v 6.583170821230239 -0.391699136028091 -0.3300980582763581
v 6.65863551136505 -0.17284204959185595 -0.30380555334751963
v 6.5403487215985185 -0.3883674085822202 -0.2737367373165531
v 6.593566013731327 -0.16706472590374624 -0.22396144261213521
v 6.486907691683306 -0.38752766612851125 -0.23270748352569345
v 6.520216106469832 -0.16508597472226252 -0.1719270913488497
v 6.431360823560645 -0.3878828238808034 -0.20616075479056825
v 6.449236971216916 -0.16475412092418856 -0.14153679288551912
v 6.379940874269035 -0.38827853343516294 -0.1939543047510224
v 6.385555297040152 -0.16501331077366463 -0.1285330286936101
v 6.219035800120438 -0.38993461757565345 -0.20578403829379632
v 6.205019235865101 -0.17001766025069237 -0.13098969642440245
v 6.096668554378884 -0.391302025743469 -0.2521183951473721
v 6.058104727088774 -0.17522516644472133 -0.17482350058655088
v 6.004515147133985 -0.39230918238993656 -0.3177750312776289
v 5.945224727843481 -0.18028232036802436 -0.24241591730159817
v 5.930842671161381 -0.3929992819078342 -0.38870223069674137
v 5.8606050616611265 -0.18519262991075316 -0.31107352112385694
v 5.863531666643835 -0.39341189627915657 -0.4534555027085796
v 5.796281018516467 -0.1903325001126898 -0.36209206089798884
v 5.789662394121774 -0.39353733742443 -0.5023948233012153
v 5.748435848276223 -0.19627293957662398 -0.38655581771945097
v 5.6934793544375655 -0.39343658640401546 -0.5232283953818246
v 5.700722742957047 -0.20268916738960896 -0.3905737388082109
v 5.564184645318998 -0.39316813583677074 -0.49835368618167764
v 5.615251298724494 -0.20818029126581056 -0.36631759931168806
v 5.427812771647688 -0.3932443335077577 -0.44044072504265847
v 5.481800393632306 -0.20581545075109908 -0.31298020886049716
v 5.336069965450937 -0.39248960711861364 -0.3983664275522839
v 5.394657326451124 -0.2027254160168761 -0.2765201779203547
v 5.272459460713048 -0.38990268398145117 -0.36593806212955005
v 5.341694314566639 -0.19827489065494375 -0.2529172221592906
v 5.223049294681291 -0.3840001974487963 -0.3378997261352707
v 5.308672040501188 -0.19211640714434575 -0.23724894952779163
v 5.180905257061358 -0.37457017054354463 -0.31330254586074024
v 5.27667751729501 -0.18298081760689267 -0.22166025346372598
v 5.138801762438155 -0.3631451552978827 -0.29045313818779683
v 5.230924583123818 -0.16883216494742162 -0.20082689037077855
v 5.079907746110633 -0.34838285099394034 -0.2623847710690961
v 5.162932507596082 -0.1500128773738062 -0.17270973914780074
v 4.980480929252497 -0.3268856567216575 -0.22036085023544985
v 5.0635089222205885 -0.12715330119696816 -0.13441353935602204
v 4.797860281417999 -0.2367152583022397 -0.14770682915159944
v 4.951712476172891 -0.07276042876634548 -0.08750992829663197
v 4.675401820011939 -0.10307861398688459 -0.09290662598486608
v 4.873593498267242 0.010776994795875329 -0.04908918463900527
v 4.600253218298289 0.044874862551671606 -0.054463821782524915
v 4.8174713813444345 0.11863393077553465 -0.015255827012051401
v 4.552671152479935 0.18612819368071737 -0.02699322601181886
v 4.774723752299158 0.24108158050338982 0.01591229920904573
v 4.516199646081646 0.3050308421976096 -0.005618867946828524
v 4.7350217802564165 0.3648423802429136 0.0465648102031658
v 4.482799924743547 0.38401191818502334 0.011591030547450008
v 4.684729094529375 0.4775074707940982 0.08015483905131135
v 4.459226404138406 0.4130112392886016 0.023115970163862052
v 4.605050161617473 0.5658310181086607 0.12140586049228212
v 4.42750113257101 0.41977469432028164 0.03800963534415814
v 4.481731256611549 0.6017875370628558 0.17274834805607017
v 4.264410190357232 0.4141277077997254 0.11541284634050378
v 4.320488912223692 0.5988163038595614 0.24595650136255967
v 4.086259468215324 0.40000626427200997 0.21506552064047632
v 4.140446197794632 0.5873456792924444 0.34259522889422556
v 3.904027973312373 0.38009390276304583 0.32156988254778013
v 3.9525966281816083 0.5697179339986985 0.44797896876480786
v 3.7262493522396274 0.3572918371825653 0.4205026477157629
v 3.7651179567842377 0.5485438566538313 0.5478052606498475
v 3.561194643565499 0.3345042530862068 0.4974407038668725
v 3.5835195003673577 0.5261596389141336 0.6280556512110878
v 3.416962296201716 0.3146399416372696 0.5375373615298178
v 3.40733173856655 0.5038085155498545 0.6731330068469042
v 3.302361254785048 0.3007879509719189 0.5245829364226137
v 3.228085305820169 0.48086801947735425 0.6518456167892243
v 3.2276992068839516 0.29607691841351413 0.445748442077537
v 3.0873558452061602 0.4676586739133989 0.5177504680903299
v 3.1551833997402943 0.2956385430747065 0.30049037423080127
v 3.015222044202083 0.46982893285318217 0.3665121885922181
v 3.0943352617417705 0.2952576662157166 0.1763154524368942
v 2.9573209821361943 0.4721235296921133 0.24139770025005974
v 3.040745395507585 0.2949218085920716 0.072590807221791
v 2.90905026633952 0.4744121172856359 0.14136647397109617
v 2.990228042662276 0.29463476457554 -0.010802378610755375
v 2.868393118112994 0.47670071353188287 0.06857812154031612
v 2.9383885424336516 0.29440969429878827 -0.0737468092952326
v 2.835912589225707 0.47899783265162155 0.024867824044629908
v 2.881443439380165 0.29423592891886385 -0.11516970757606886
v 2.814498678218515 0.4811923168860385 0.006731212061261194
v 2.817186206396346 0.2940529067610955 -0.1339481009202224
v 2.7969605902591175 0.4832662352044117 0.0005114348445013923
v 2.7429816665106044 0.2938945272574081 -0.13100932681598967
v 2.761323740214499 0.485326939542335 0.0005071177067027151
v 2.647871174972086 0.29384803271281845 -0.09759827613489715
v 2.7144882071215304 0.4860285471348767 0.015944687710892497
v 2.573909307980843 0.293817895327822 -0.03250107027865926
v 2.6737143070612874 0.48679498972239116 0.05154642779768184
v 2.5166677060088505 0.29379326130957995 0.05743409880921004
v 2.6315187985412614 0.4875977180475102 0.1167507710753503
v 2.4711407964851535 0.29377380234149564 0.16592727537889865
v 2.5913486982592318 0.48841245124877497 0.2099335183890983
v 2.4324996152690708 0.29376017099987883 0.28697248019823246
v 2.5538420833755837 0.4892303841782172 0.3235554094340546
v 2.3960883715273713 0.29375268795073556 0.41454073131421254
v 2.5164597051026143 0.4900477336654734 0.4498956844396861
v 2.3573105330892092 0.29375141155420154 0.5425539772107895
v 2.4749872093739125 0.49086235566818115 0.5821865124516578
v 2.311552837523638 0.2937549354590262 0.6648121747928698
v 2.423828103614304 0.49162978500274257 0.7148256437037925
v 2.231966934768673 0.2937542423275461 0.7991454245215204
v 2.327833419868739 0.49158931119656135 0.8761705043249861
v 2.136951234535089 0.29375381379634824 0.8858736406223737
v 2.203254395316565 0.49153111533215926 0.9895332712766215
v 2.030635248995185 0.29375340660050997 0.9305563109486709
v 2.058542635848436 0.49147489087838725 1.0504820264173367
v 1.9171175845554482 0.29375312579790824 0.9389158383384003
v 1.9089399436347676 0.49143963848231464 1.0618336720437076
v 1.8004589557146722 0.29375296180512916 0.9166978741473545
v 1.7647043616624993 0.491420770978902 1.0346203944217796
v 1.684687912511639 0.2937528734444382 0.8696383775139557
v 1.629213314444748 0.4914103591200073 0.9796901163670207
v 1.573814736719637 0.2937528210382663 0.8034559141103694
v 1.5038931508187114 0.49140388677191504 0.9049581078212873
v 1.4718553327713078 0.29375273180358136 0.7238479830124005
v 1.3920486615035446 0.49145713916351363 0.8177119477381266
v 1.3392607138011368 0.29375173273788086 0.6444323228098099
v 1.298491950877604 0.49122366238717496 0.7610193892053573
v 1.2038193660574383 0.2937510418128097 0.6235617536136193
v 1.205382579295231 0.49103444621634484 0.7473574034361218
v 1.0661719496678124 0.29375043796291855 0.6419676951907797
v 1.0935216587154912 0.4909018939858262 0.7629548366780533
v 0.927328137666689 0.29375019624679105 0.6802942638827447
v 0.9627545417397757 0.4908317922083357 0.7992998010944075
v 0.788163942134264 0.2937501320259982 0.719039761604223
v 0.8160580638776813 0.4908025658013669 0.84009536805466
v 0.6494958730350114 0.2937500994267125 0.7387005946180388
v 0.6523908968307405 0.4907744428597627 0.8629374820713733
v 0.5121829696856406 0.29375004467392385 0.7197950769419595
v 0.4733626993068696 0.49069875423053055 0.8379199604280149
v 0.3742124048499131 0.49062066210486643 0.4544170516629279
v 0.4568069136835431 0.4906275270474595 0.547299475268559
v 0.323492890841572 0.4906222600038486 0.350552045970425
v 0.2916764957193364 0.49062648843324475 0.23621243197080175
v 0.26679394640592585 0.49064196125937826 0.11609401567586176
v 0.23036294937485433 0.49068313745475944 -0.007045540153755826
v 0.14622841198284323 0.49057613122710186 -0.12662997951097207
v -0.0048687369633371586 0.4905868709704768 -0.1909556358009608
v -0.18524873260055627 0.49049489780193184 -0.17807230877676744
v -0.3554607206972788 0.4828314201750632 -0.152690475096201
v -0.5353164499525058 0.46712785129838974 -0.1468186608737358
v -0.7130415792900567 0.44619926041379415 -0.16183751603525928
v -0.8745137257359856 0.423197111471078 -0.19832378161504297
v -1.005234212177782 0.40150155816693656 -0.2545024721855208
v -1.0929354200045955 0.38434341340027334 -0.32416835353801077
v -1.1365920183344642 0.3732306444889302 -0.4013572458107093
v -1.142101746882938 0.36810021268618637 -0.5009169886792604
v -1.1071269520271938 0.37524910217043855 -0.5864222930587863
v -1.0157595697994766 0.3925267792505739 -0.6604494507094746
v -0.8657542428781014 0.42004404740688606 -0.7192621689857007
v -0.6786763120186927 0.4535954049933462 -0.7548653115496317
v -0.47926092527244174 0.48812935028272897 -0.7680746436222367
v -0.29085729640141783 0.5187694289676497 -0.7633031314263774
v -0.1365043296831831 0.5406878562275444 -0.746347520937448
v -0.042311779366861965 0.5487523999923168 -0.7248039055575035
v 0.10136975031887013 0.5457748298262769 -0.6677516939580486
v 0.2245173742382731 0.5370122867042781 -0.611761747119957
v 0.33630071783669013 0.522057902371057 -0.557864031982158
v 0.44608292484955736 0.5002525604479536 -0.5075066835160976
v 0.561684944134032 0.47117625870863633 -0.46352097398039654
v 0.6891968866166696 0.4352378268284463 -0.4294359004523461
v 0.8342467931095768 0.39342742631173105 -0.4079510447485031
v 1.0031625857911093 0.34669988605194024 -0.40047966426331943
v 1.1591729037941825 0.30742144629080403 -0.39955619890108807
v 1.2912736148140367 0.27534561030931703 -0.3994119407817006
v 1.4120388798655872 0.2459153722108665 -0.40610044350147617
v 1.530323677562517 0.21526591160466388 -0.42693075632747784
v 1.6497321735366919 0.18065492476059955 -0.4679497745553931
v 1.7742042313190967 0.1397368193285395 -0.5320188972376103
v 1.9125840559219471 0.08921223089985696 -0.6221856531621265
v 2.0741659582653837 0.02539576744361495 -0.7414489440299816
v 2.168039006896787 0.017010965263719088 -0.8144747520980722
v 2.2430897779774064 0.01532863310601052 -0.8704973038918793
v 2.302885540335889 0.018595959358828032 -0.9088017948034239
v 2.3563325792458345 0.024734082897800186 -0.9337246902432007
v 2.4176883404230054 0.03223402401180518 -0.9501401134686743
v 2.501042380314273 0.04019820578849438 -0.9589231651369917
v 2.6153723725811266 0.047445740633864524 -0.9588713297449036
v 2.7671809931972144 0.05218678462719269 -0.9497276579186817
v 2.9327926979721255 0.052196494212491215 -0.937494074896156
v 3.0750147665325844 0.05220250226430244 -0.9281864612999584
v 3.196258083096013 0.05226971141012122 -0.9165446717930491
v 3.2999680685788277 0.05249876456871801 -0.8981349970898689
v 3.391913801093684 0.052933475158319504 -0.8690009559845303
v 3.4804660052038328 0.05345076964101472 -0.823790006570514
v 3.5737702291379536 0.05386342480133764 -0.7547351562575576
v 3.6772494201774113 0.05407689156613253 -0.6535796950932885
v 3.772672192313481 0.053658415578044634 -0.5401423749069105
v 3.8449408541804595 0.05319490656260994 -0.4389546138613224
v 3.9051606429083097 0.052666476191605506 -0.34471343614026806
v 3.9644061542173525 0.052154634033494525 -0.2524280804434665
v 4.0335233465566525 0.05180174148480665 -0.15982681586469807
v 4.12175565700414 0.05160627521437772 -0.06825983099238649
v 4.235892932089774 0.051397099311427503 0.02035215705693315
v 4.382252583777985 0.05110028148577424 0.10671122734350054
v 4.541602011635255 0.051098386293247554 0.1900613719889186
v 4.709559649119222 0.051104702594707965 0.2761042325014674
v 4.884982149346227 0.05112766329843242 0.36029384079526766
v 5.066555467058992 0.05118039534490171 0.4378451681941231
v 5.253178072977766 0.051282259387186585 0.5038725353083718
v 5.443912352092159 0.05146225961392584 0.5532554888112909
v 5.637818721304431 0.051759208504769574 0.5804531399614521
v 5.8327803496957 0.052140140508220356 0.5793816353167054
v 5.988776802880633 0.05160094047804882 0.5669207681751518
v 6.1091910276338375 0.05115557756788324 0.5622347631581327
v 6.1977531307019005 0.0509878037115773 0.567750632876865
v 6.313333726399852 0.05176687699935695 0.6117314847966546
v 6.370325369321952 0.051854384793331855 0.6632085470378914
v 6.4381477770953435 0.05154678339118958 0.7482758457271141
v 6.519850402230541 0.0510618080859451 0.8726229825370664
v 6.718145618392793 0.05024886789987579 1.1379312705207425
v 6.926147013959798 0.05053201950143596 1.3208840494238878
v 7.135837122776325 0.09501349136436739 1.422519935800412
v 7.341841631781443 0.15786742799173062 1.466366298016307
v 7.515942120351127 0.15398911734072201 1.4227751506847077
v 7.671242668089477 0.11091565643631911 1.287056123627327
v 7.745679429042302 0.06906607700476768 1.099037066243662
v 7.7461650552555135 0.05374218656809879 0.8976960170256915
v 7.714583055378631 0.040009170131998895 0.7229703001190452
v 7.685532230246859 -0.007418785147660943 0.5640682103786481
v 7.653093271999663 -0.07800800795399107 0.41871747552750366
v 7.611606643612527 -0.16007489760443708 0.2858263031282211
v 7.555791093535965 -0.24162929981496453 0.16369852900275525
v 7.481252479508693 -0.3108999850183709 0.05051846415975142
v 7.384556629116858 -0.357157229977106 -0.05582720648175492
v 7.262226862844139 -0.3717260729706978 -0.15788342455923263
v 7.154708548519587 -0.3734819487405285 -0.25028483388322315
v 7.088111910153441 -0.37490619276459325 -0.32539777285454563
v 7.048264177506578 -0.37614595174063675 -0.3909872632711422
v 7.022115393778665 -0.3777010992381531 -0.4596223609444353
v 7.000606534602563 -0.3797147992492546 -0.5438805525774453
v 6.976096900307589 -0.38185134655874 -0.650215904115466
v 6.939896167068784 -0.38390707537875324 -0.7810489434880045
v 6.883108053077195 -0.3857302213390365 -0.9383849088374178
v 6.84769347033038 -0.3821851342242162 -1.0152868105761466
v 6.806928321666651 -0.373565476255311 -1.0875680753674468
v 6.7601572082101695 -0.36097659735704246 -1.1535287194370145
v 6.705818953748345 -0.34535569481151535 -1.2115394863150832
v 6.641209510614214 -0.3275427570731654 -1.2589678147111247
v 6.563255657036587 -0.30893176529272387 -1.2903367388494815
v 6.473106345979045 -0.2930174722247058 -1.2965655376360723
v 6.379758685915413 -0.2858461169515511 -1.2711975479085313
v 6.272369900028496 -0.2890862937466434 -1.2082937842172827
v 6.208033370748522 -0.28602560643773584 -1.1129142767953744
v 6.193304818933504 -0.2794166395953573 -1.007164367953787
v 6.212014035945855 -0.2726962817467023 -0.9110348283724694
v 6.247282600661667 -0.2668887494867492 -0.8268574885711104
v 6.288785591957 -0.2624018553885915 -0.7546270180385819
v 6.328227259382195 -0.2598063751181383 -0.6964022280611433
v 6.354579728295349 -0.2602733471573272 -0.6584458898466444
v 6.4252616542302015 -0.24112081344969083 -0.5562277180850433
v 6.452575292844842 -0.23089863229549015 -0.4851379336531727
v 6.454240659120112 -0.22738981318088786 -0.44434342750441963
v 6.44541872991812 -0.22707701974693087 -0.4203669678814307
v 6.4278778307143085 -0.22791679333611792 -0.39955847797399185
v 6.401658632984335 -0.22964021258442988 -0.38113829555983336
v 6.374685263141952 -0.23179986572228145 -0.3694517000664852
v 6.364366228409952 -0.23297428441869952 -0.36710420044281733
v 6.247592267390239 -0.22669750020118443 -0.3696201400579554
v 6.1655775627061296 -0.22042615156140022 -0.3947585057036046
v 6.0961614760780485 -0.21456074290619942 -0.437378799438976
v 6.025384714747389 -0.20907436341130053 -0.4961332080873779
v 5.9417661273328735 -0.20355637844616203 -0.5636184836550686
v 5.82930913713044 -0.1975213798908621 -0.6218386544187017
v 5.684892072206694 -0.19117108916772318 -0.638651828291789
v 5.525360256941697 -0.18599097505224024 -0.5973966324844483
v 5.386470296136414 -0.18797495790232002 -0.5422933801445952
v 5.293895720627885 -0.18921691174286911 -0.5037994533992473
v 5.233599606029752 -0.1890131492363362 -0.47702175299118477
v 5.19464257434777 -0.1868992161501876 -0.45851513546927863
v 5.164714036335352 -0.18259447348715427 -0.4440275616462804
v 5.126764311432773 -0.17485298562023674 -0.4268728170729298
v 5.065639423264174 -0.16225575404810838 -0.4015596024678418
v 4.969469619077062 -0.14405667500469768 -0.36427021346734845
v 4.846702231864338 -0.08000676703002281 -0.3131025198475166
v 4.764183390205095 0.015723771875283007 -0.27263836079389203
v 4.710756417323758 0.13307525768894093 -0.23970270116350698
v 4.674386453621293 0.26107037420531 -0.21105670582109665
v 4.642054507009723 0.38825588709165176 -0.18321996789287193
v 4.597422763724818 0.5045558614423374 -0.1513912117658089
v 4.517429976036129 0.5951579458554976 -0.10978912570525898
v 4.391228699693267 0.6288381187425542 -0.057519640887634546
v 4.207014010865071 0.6210763677361705 0.025464591557584963
v 4.017573584544474 0.6041849927547518 0.12670562107490205
v 3.829955713468645 0.5816881308945342 0.23163200141322343
v 3.652346689816124 0.5568521441420746 0.32598314590013927
v 3.495827905192047 0.533241338185077 0.39512132151345325
v 3.37800726592678 0.5155982720627604 0.4261162807799493
v 3.3241820561123196 0.5099188680045248 0.42409552125262173
v 3.3044893661587778 0.5120241611657396 0.4048688008112922
v 3.2376092459507984 0.5099860575269595 0.26200567853530116
v 3.1800601139437927 0.5079820016536754 0.1360805607606908
v 3.1282271605219103 0.50595709268422 0.02753536335218005
v 3.076185052501311 0.5039168065044392 -0.06587328192133093
v 3.0154358007810154 0.5018703303468415 -0.146168727817987
v 2.9354284111217006 0.4998243621831189 -0.21011388301431747
v 2.8352771250789686 0.4977938768870201 -0.24503866365121074
v 2.7276112042858163 0.4958585383523534 -0.24595785388269467
v 2.5888337684289997 0.4951218304356636 -0.19879100004019548
v 2.4835066373797448 0.49438644610604987 -0.10891651150159398
v 2.410469648979902 0.4936138726245966 0.0023393010474791302
v 2.357653921382619 0.4928181897597155 0.12415426849533309
v 2.315533057652941 0.49201242942013035 0.2514960686249801
v 2.2776279983542658 0.4912024653907005 0.37953948935241344
v 2.2390920117028728 0.4903916937020332 0.5025265801388783
v 2.1964413217216174 0.4896441867761402 0.613422734753679
v 2.1337479869445954 0.4896749617568526 0.7202090115549834
v 2.0691005646453116 0.4897159387613514 0.7797914803568293
v 2.0020941485660577 0.48976172068455126 0.8079966884377978
v 1.9254425041108607 0.4897994930601133 0.8134110613471859
v 1.836931217023844 0.4898225288474638 0.7963536111671023
v 1.7412762098742345 0.4898354951834658 0.7573597337977597
v 1.6451332246942605 0.48984344505355054 0.6999196891017845
v 1.5532744280205586 0.48992453158331317 0.6281474959130131
v 1.3806355947427378 0.49000058011942094 0.5259972787374109
v 1.2021445681608476 0.4901966666971748 0.4984157496840781
v 1.0385710941958182 0.4903460454359362 0.5201211494258864
v 0.891702705478866 0.4904259641178078 0.5606729808864694
v 0.7601605672068337 0.49046869853405406 0.5974644915831337
v 0.6466091297259585 0.49049800571621827 0.6140184903677016
v 0.5510764641456457 0.4905281105993264 0.6013923832048749
v 4.320488912223692 0.6300663038595614 0.24595650136255967
v 4.481731256611549 0.6330375370628558 0.17274834805607017
v 4.4769734460177375 0.6440014810471393 0.15830128362543539
v 4.313308471108623 0.640732049454396 0.2323093171731637
v 4.605050161617473 0.5970810181086607 0.12140586049228212
v 4.6040256069674115 0.6069822593064736 0.10551629754952724
v 4.684729094529375 0.5087574707940983 0.08015483905131135
v 4.686310497249468 0.5162112813695106 0.06302292808543378
v 4.7350217802564165 0.3960923802429136 0.0465648102031658
v 4.737150620838479 0.4017563334056415 0.028817974644492594
v 4.774723752299158 0.2723315805033898 0.01591229920904573
v 4.776456498809192 0.2774182230448096 -0.002051168083984964
v 4.8174713813444345 0.14988393077553464 -0.015255827012051401
v 4.818385121038646 0.15532551847465975 -0.03317555644873524
v 4.873593498267242 0.04202699479587533 -0.04908918463900527
v 4.873265700041078 0.04842981313390609 -0.06670903042871357
v 4.951712476172891 -0.041510428766345475 -0.08750992829663197
v 4.949610910110606 -0.03401685885187994 -0.1045684255933715
v 5.0635089222205885 -0.09590330119696816 -0.13441353935602204
v 5.059713460989813 -0.08790954137362324 -0.1509440196252808
v 5.162932507596082 -0.1187628773738062 -0.17270973914780074
v 5.158496268770075 -0.11060813550472579 -0.18900030298479822
v 5.230924583123818 -0.13758216494742162 -0.20082689037077855
v 5.226420855752054 -0.12909773731585578 -0.21692948107928106
v 5.27667751729501 -0.15173081760689267 -0.22166025346372598
v 5.271868217817778 -0.14286070866490255 -0.2374638703249234
v 5.308672040501188 -0.16086640714434575 -0.23724894952779163
v 5.3034386729881975 -0.15157190061486103 -0.2526692774376432
v 5.341694314566639 -0.16702489065494375 -0.2529172221592906
v 5.336084616132345 -0.15730490347464499 -0.26793772923099435
v 5.394657326451124 -0.1714754160168761 -0.2765201779203547
v 5.388896103754392 -0.16138744388291157 -0.291237638002278
v 5.481800393632306 -0.17456545075109908 -0.31298020886049716
v 5.476127083917047 -0.16417664957484718 -0.327521490337556
v 5.615251298724494 -0.17693029126581056 -0.36631759931168806
v 5.61005632383614 -0.1662688395741005 -0.38084027756794325
v 5.700722742957047 -0.17143916738960896 -0.3905737388082109
v 5.6983195851162645 -0.1609274183151121 -0.4059129194834327
v 5.748435848276223 -0.16502293957662398 -0.38655581771945097
v 5.751728538531242 -0.15524748819922357 -0.4022134433776594
v 5.796281018516467 -0.1590825001126898 -0.36209206089798884
v 5.804538175184337 -0.15021121671968313 -0.3763987794149379
v 5.8606050616611265 -0.15394262991075316 -0.31107352112385694
v 5.87084273193893 -0.14586577240474718 -0.32454634488543976
v 5.945224727843481 -0.14903232036802436 -0.24241591730159817
v 5.954860571770757 -0.14168650375867659 -0.2567250748641877
v 6.058104727088774 -0.14397516644472133 -0.17482350058655088
v 6.064950434893393 -0.137386441276118 -0.19098789000608665
v 6.205019235865101 -0.13876766025069237 -0.13098969642440245
v 6.20752108579331 -0.13299367393429776 -0.14865220839056417
v 6.385555297040152 -0.13376331077366463 -0.1285330286936101
v 6.383760414626096 -0.12882868677359582 -0.14653276155545158
v 6.449236971216916 -0.13350412092418856 -0.14153679288551912
v 6.443814218242772 -0.12891605353809468 -0.15888919582695865
v 6.520216106469832 -0.13383597472226252 -0.1719270913488497
v 6.511411865418933 -0.1290867676624211 -0.18778561813479105
v 6.593566013731327 -0.13581472590374624 -0.22396144261213521
v 6.581384420460159 -0.13079255070792667 -0.2373011967957144
v 6.65863551136505 -0.14159204959185595 -0.30380555334751963
v 6.643248411296348 -0.1360957215908522 -0.3130028371846713
v 6.6975598741353854 -0.15352699626493102 -0.4131331306304922
v 6.680248635055514 -0.14725249670969495 -0.4166706660509302
v 6.693635226475067 -0.17234392124609305 -0.5412118249969724
v 6.676489385160782 -0.1650747460724894 -0.5390342763934206
v 6.642893059419092 -0.1972819205974778 -0.6765474537424497
v 6.627339229536666 -0.18903781406465398 -0.6700917908435661
v 6.546011315538579 -0.2281646560643425 -0.8174615745117054
v 6.531155016437625 -0.21952581967012275 -0.8099633492032147
v 6.522829873943718 -0.24249377996261046 -0.8506233879662538
v 6.50789865770842 -0.2333253620093776 -0.8439479558476859
v 6.49251518846139 -0.2589977623290176 -0.8946622236198446
v 6.477849960953654 -0.24883831201120182 -0.8888934133970876
v 6.463352708158914 -0.2758972035003651 -0.9434535483619534
v 6.448612467509692 -0.2649919698555906 -0.9395338947094114
v 6.442764194832194 -0.29175908086472946 -0.9891977722847028
v 6.427865354693391 -0.2804035047898836 -0.9883990517285837
v 6.432935481916805 -0.3122875074499671 -1.026536397994362
v 6.434774523862134 -0.320841383334318 -1.0306971129083387
v 6.430038986455869 -0.31045453890413216 -1.0455716094798861
v 6.423513994432929 -0.30271374842062815 -1.0396184930727246
v 6.4349994293128745 -0.304436684617678 -1.0197804290305823
v 6.420765877432174 -0.29337646167560355 -1.0249418212198107
v 6.470916564683258 -0.33191408758036406 -1.0525313470521147
v 6.465848130740115 -0.31864122931155886 -1.064766734693714
v 6.486324183953975 -0.32956187407457904 -1.057854727375442
v 6.482974740727968 -0.31569676479180864 -1.07002446338953
v 6.49549259114831 -0.3272926176761137 -1.0563036836079915
v 6.498175706229891 -0.31427329526948466 -1.0695271717080066
v 6.511159625165558 -0.32778693801802494 -1.0490981596002835
v 6.519413577526525 -0.3161652833786931 -1.0612789606358053
v 6.535606166227627 -0.3320472200796626 -1.0307432881079936
v 6.547033324036537 -0.3214608628630692 -1.0411793604195936
v 6.564858800579834 -0.33855716800021207 -0.9993595658973279
v 6.578004939620536 -0.3285974866151618 -1.0082784377447536
v 6.595499271159486 -0.3452423113690227 -0.9561214460208703
v 6.6096152794731 -0.3356536713311141 -0.9638905380858037
v 6.6253941837320305 -0.35020631827945187 -0.9031618428239049
v 6.640071450586742 -0.3408361396684144 -0.9101145466485228
v 6.6530702631648575 -0.3517823726736407 -0.8431761729003459
v 6.668229953640062 -0.3425414412908617 -0.8492053910813995
v 6.702799833961287 -0.3535929508697915 -0.7050575929644919
v 6.718347488361679 -0.34427374832081986 -0.7098519027685449
v 6.734786610663851 -0.3556718526067965 -0.5891159002233699
v 6.750451586240116 -0.34608866213233236 -0.5929018612011324
v 6.758771608237756 -0.35786662305344075 -0.4854365113589959
v 6.774305006242951 -0.3480070431314982 -0.4890510279483924
v 6.785155675242258 -0.3599697043096905 -0.38442535444301545
v 6.80021512405943 -0.34983337732998365 -0.3891190072511642
v 6.8255962335929015 -0.36161000029347934 -0.28085821816995593
v 6.839649279599155 -0.3512420586687029 -0.28768318589232206
v 6.889732824156128 -0.3629203470277637 -0.17617840145481672
v 6.902256093854474 -0.35238073403088865 -0.18532426248254902
v 6.982710035065402 -0.36445057615313414 -0.07163546660112541
v 6.993577391488791 -0.3537431246346888 -0.08253562927638707
v 7.110373874768512 -0.36634450430296156 0.03767057673340955
v 7.213893626838481 -0.3458919892411885 0.12425586697926048
v 7.222324467556847 -0.33531760425821866 0.11126872691635642
v 7.119618576184164 -0.35543092986379093 0.025546555589576428
v 7.28824949961176 -0.30005062771564794 0.20634312749637038
v 7.297111513146902 -0.2902368628979453 0.19304962396247125
v 7.343458082422747 -0.2354505134288553 0.2911217609068293
v 7.3533632280153896 -0.22603438245056529 0.27828481936344573
v 7.384978189168708 -0.15822418010836367 0.3845146512497215
v 7.396211066418426 -0.1487541422921274 0.3728654730618915
v 7.41683552411801 -0.07660342211896888 0.491332590058319
v 7.429393712518773 -0.06679476394622413 0.48145106037202073
v 7.443346910969968 -0.0006894966836010347 0.6164448781805856
v 7.457100385385202 0.009455863664811083 0.6087328029144596
v 7.469481163442066 0.057456715563887456 0.7647435180214233
v 7.484268766267467 0.06763638956799298 0.7593339394936329
v 7.5006320300807205 0.08395200687653957 0.9386003939990366
v 7.516405375388179 0.0936963145294617 0.9358053007668031
v 7.500880588292489 0.10012350566691332 1.052426004071421
v 7.517005611671839 0.10934175098807375 1.0549892196718564
v 7.467439950241288 0.0830784692736788 1.1561465439909797
v 7.4818148124193025 0.09217286472362676 1.1640343706094507
v 7.42366206385975 0.09042595112168454 1.2120467340704668
v 7.432887468629564 0.10020058448699057 1.2251200255231556
v 7.330775664669584 0.09031824649495282 1.2384715788077003
v 7.329390834516644 0.09979028406786802 1.2545937762281758
v 7.213560278566782 0.07658898093398325 1.190233348522369
v 7.206548685455488 0.08550209342120264 1.2051650760792132
v 7.065441408934222 0.08758770114092909 1.1141574084192987
v 7.056424108047257 0.09664946210182813 1.1278736496318706
v 6.9014530120463 0.08723987288680557 0.9695215256872963
v 6.889326931378045 0.09619827227763228 0.9806690701694424
v 6.730387396859574 0.08645766191379403 0.7398250597732502
v 6.716920047269785 0.09549765051814361 0.7492309941266069
v 6.640459007940254 0.08594378798000701 0.6031849661033694
v 6.627205080833732 0.09508715505688445 0.6127919820163612
v 6.552809879392281 0.08563456548617207 0.49384918663394906
v 6.540940401578315 0.09483081312932026 0.5050789250863648
v 6.458126376065873 0.0857150898647736 0.40920695904980275
v 6.448756063312249 0.0949243019355789 0.4225841841706645
v 6.350751195502933 0.08619382973903494 0.351268943675692
v 6.3448316239877895 0.09535652517686291 0.3665190645076957
v 6.233931826740929 0.08650684770734487 0.3214438648855697
v 6.231368718908605 0.09561215574373741 0.3376329458910587
v 6.109716244636007 0.08634129229093859 0.31328042015968655
v 6.1094727808866365 0.09544318621230301 0.32967123320989766
v 5.972076209602695 0.08589540711240823 0.31851685745653147
v 5.9730092837047 0.09504353861961226 0.3348571011097659
v 5.8125246958244 0.08537151599701605 0.33125240237072207
v 5.813215187022335 0.09457925795292924 0.3475712016518852
v 5.655813419503473 0.08573725224725423 0.33213539144966553
v 5.654735856792544 0.09495819362068957 0.3484257443860412
v 5.493631279777917 0.08603062759810973 0.30930908231032955
v 5.490448053138385 0.09520379657302529 0.32534911158458657
v 5.326892826418507 0.08620772136362187 0.26608010439754454
v 5.3221102147421595 0.09535107300023793 0.2817353989141754
v 5.157763442892277 0.08630768737250524 0.20620210426280985
v 5.151813525674974 0.09543369157285829 0.22146241331742578
v 4.988392403317301 0.08635934276310356 0.13383681031508032
v 4.981628842002852 0.09547596714414709 0.1487600773247084
v 4.820758587090368 0.08638176941807058 0.05336935427743745
v 4.813477030541116 0.09549390348424475 0.068049628354583
v 4.656627326320232 0.08638785282835439 -0.03072144276498232
v 4.6490935505328235 0.09549835600572909 -0.016167973960600893
v 4.497972141145876 0.08639076250562433 -0.11370029832286414
v 4.490003865141931 0.09549836381244768 -0.09937826369223648
v 4.375081549467265 0.0860894905467514 -0.18605927756202092
v 4.365876327054904 0.09522196983766311 -0.17251585840953076
v 4.28825626452517 0.08588246795649415 -0.25335293903516315
v 4.277312321152179 0.09504923877813577 -0.24119716196612095
v 4.224249036705005 0.08569340467712425 -0.3198541058328192
v 4.211763311001665 0.09488353182112756 -0.30930845664758577
v 4.170266546571383 0.085347161909334 -0.39246459838437975
v 4.156814844023954 0.09457139247203422 -0.3832164759207853
v 4.115799853639871 0.08483554981145937 -0.477461927911339
v 4.102056729659188 0.09411942933696275 -0.4687155787182452
v 4.051834016267861 0.08430476807504561 -0.5774708615905675
v 4.0383545244694075 0.09365959767461553 -0.5683960082023067
v 3.9696643843143464 0.0838399482072767 -0.6924079409220599
v 3.956840263390694 0.09325952468329525 -0.6824894732204451
v 3.8606638304713825 0.08342048587016285 -0.8219471978273795
v 3.8488044114583864 0.09289626543042057 -0.8109414592152014
v 3.735991012070779 0.08363112246778451 -0.9436085400378479
v 3.725527398099809 0.09311820010506736 -0.9312768475112443
v 3.612154707000635 0.08404463866488074 -1.035091783578733
v 3.6036541246212 0.09348702039147297 -1.0213025114246357
v 3.4801819675671943 0.09394337876333798 -1.0843584333411
v 3.486329339458811 0.0845648014174758 -1.099385562334818
v 3.358432307530346 0.08500260429163181 -1.1401534120442105
v 3.3545445043315514 0.0943172728919888 -1.124352005931052
v 3.2283970446998334 0.08523160051731637 -1.163439306129952
v 3.226187515884459 0.09450458244644482 -1.1472933379472727
v 3.093526523973826 0.08529667829694518 -1.1764732592239266
v 3.09221230586897 0.09455322980797876 -1.1602205183813348
v 2.948902235444232 0.0853009937623877 -1.1859475759920086
v 2.947769560932989 0.09455466625205185 -1.1696795369612707
v 2.788382355288039 0.08531190600012718 -1.1977953284973932
v 2.7873290690638943 0.09456339535890185 -1.1815207153599172
v 2.6263373013959677 0.08649417775051331 -1.2074827503895238
v 2.6258456625386644 0.09554271241115127 -1.1910679761988983
v 2.4920197820654533 0.0851207536589763 -1.207352560621093
v 2.4927755911837135 0.09378631357199162 -1.1907423431640367
v 2.3769067772397325 0.08245569502099655 -1.195000046565642
v 2.3798072325179107 0.09077897832649062 -1.1784509434420352
v 2.275679195299838 0.08039920892585536 -1.167971886212679
v 2.2814089211054056 0.08836902107841553 -1.151996441416182
v 2.186486071933478 0.08092568748160382 -1.126647063857432
v 2.194947611675551 0.08843603078257088 -1.1116951546584386
v 2.105223827754218 0.08521704412709974 -1.0741520656872716
v 2.115599559369532 0.09216516512886871 -1.0601652752051147
v 2.0228604043572855 0.09411850121117804 -1.0114530209130048
v 2.034190808832141 0.10050052802577536 -0.9979454612453988
v 1.9349214406823496 0.1073347265622223 -0.9415303732538156
v 1.946765960508503 0.11316515487251667 -0.9282158715430352
v 1.7858337208033546 0.1690621583802514 -0.8308845287276038
v 1.7975565536400129 0.17467945910044091 -0.8173721779734705
v 1.6633606714598652 0.21722796038513717 -0.7501159955511357
v 1.6740050815647143 0.22305221074302167 -0.7358213412605112
v 1.5648250417530263 0.2532647511765877 -0.6983198327456638
v 1.5736790765765727 0.2594546245613385 -0.6829948846275075
v 1.479973699296002 0.28153359252043114 -0.6682384738141514
v 1.486420416339342 0.28819485231738884 -0.6519403157194297
v 1.3947633834103332 0.30708721195298516 -0.6526737150141487
v 1.3988255060667023 0.3141321272270679 -0.6357790167834727
v 1.2948634637636722 0.33469019686071905 -0.6467773176186675
v 1.2973479978296634 0.34188447126051824 -0.6296416236923824
v 1.16996376976785 0.36828156001364254 -0.6465335240054084
v 1.1718776579026842 0.3753810911665557 -0.6292854461526112
v 1.0129253952164279 0.4111834690235059 -0.6470326847236021
v 1.0144388441395642 0.4181530942417272 -0.6296920879439468
v 0.8651868274144826 0.45223169863633966 -0.6534608415062254
v 0.865570714555086 0.4594020784449274 -0.636140310796577
v 0.7454215687960388 0.48691100713808455 -0.6711245534597665
v 0.7440982711116104 0.4945681800156617 -0.6540605830319534
v 0.6426863352989101 0.5162694232967919 -0.6985518897922703
v 0.6395376852377302 0.5244204453774399 -0.6819624551475025
v 0.5458439434777076 0.5411212226779438 -0.7354281294476951
v 0.5410852550334526 0.5496485615452011 -0.7194218220617463
v 0.44493156724109245 0.5614581126264824 -0.7817512542973091
v 0.43908508688990067 0.5701820002671157 -0.7662182265198044
v 0.33185123556745233 0.5765522434774307 -0.8362669061621842
v 0.3255643229563603 0.5853346854254733 -0.8209402645453866
v 0.19971485266256345 0.5857169447958283 -0.8963219848165873
v 0.19355975940779402 0.5945040826463897 -0.880944613928808
v 0.04142874581097988 0.5886978616423084 -0.9590965709625833
v 0.036256392670445566 0.5974889663760679 -0.9433636201729292
v -0.09593802402936323 0.5800117140313901 -0.9918826049712913
v -0.09954835420011572 0.5888417669405359 -0.9757407902752964
v -0.27404954901156864 0.5589515109376089 -1.011557674933885
v -0.2763001319726315 0.5677787691384749 -0.9951693593099225
v -0.4840865107262563 0.5292710621879145 -1.016811886289496
v -0.4850260752393618 0.5380291926075876 -1.0002597000267175
v -0.7093548775744822 0.4948414679800521 -1.0017443121604594
v -0.7085800221238364 0.503594633584534 -0.9851809733988717
v -0.9324564447998324 0.4595922164459317 -0.9589909775122862
v -0.9291479484125977 0.4684790580349193 -0.9428156754060535
v -1.1368302804306019 0.42735023593565774 -0.877957294072599
v -1.1295926335016147 0.4365991496960019 -0.8633409825958605
v -1.3025241124679245 0.40277721178820874 -0.7406141328873433
v -1.290119648089543 0.41254677569590154 -0.7305023880063166
v -1.3887348883603883 0.39437066726624687 -0.5344871033763063
v -1.372985672818579 0.4041972896559817 -0.5318485048416308
v -1.3742717258115347 0.3996770104848433 -0.32740050684338745
v -1.3590044334554072 0.4092632232510411 -0.33255577685704485
v -1.2788902199759782 0.41643040623535477 -0.1585874283413886
v -1.267076121979337 0.42561941644834583 -0.1698813063215734
v -1.1298656010620967 0.43906242771275666 -0.03903712044126073
v -1.1222605675956017 0.4478610940541987 -0.05374458237680446
v -0.9494111833459604 0.4632921537276143 0.038965297334938725
v -0.945223296080322 0.47191389230557224 0.02285040595635182
v -0.7497486500619552 0.48639502737052837 0.08426022555368752
v -0.748073755966784 0.49501673361507875 0.06769449553045456
v -0.540671714234762 0.505801443674943 0.10199135118054582
v -0.5409132169127931 0.5145385264846531 0.08540317586097648
v -0.3319525978595393 0.5187299173376979 0.0951293813012018
v -0.33378921022295427 0.527664524567144 0.0787476186157616
v -0.13448134636971829 0.5220640640294401 0.0655738041522397
v -0.13652485359225872 0.53125 0.04935637036707509
v -0.0364525130711727 0.5218186549974926 0.05595263855312052
v -0.03441404113857127 0.53125 0.039876044895766544
v -0.014799348695431173 0.5217253783282436 0.06310547048251747
v -0.004661449868493914 0.53125 0.050532997003337105
v 0.0009482241474286363 0.5219935710252525 0.0899174245994915
v 0.015841124482492627 0.53125 0.08327795607819369
v 0.02372663256120899 0.5218946612393757 0.17009108186313335
v 0.039505592985068935 0.53125 0.16620977478738913
v 0.04871036649594586 0.5218765523654432 0.290593338994309
v 0.0644874050520085 0.53125 0.28674807777525857
v 0.08948302131625932 0.5218727462586605 0.4355671321928849
v 0.10464711277644223 0.53125 0.429763689899061
v 0.1659974913598952 0.5218714258022543 0.5909279241891499
v 0.1794700361422792 0.53125 0.5818672739308054
v 0.29722221174416585 0.5218774748550482 0.7384119498476294
v 0.30742175548656986 0.53125 0.7257751947319347
v 0.4733626993068696 0.5219487542305306 0.8379199604280149
v 0.4785640029536624 0.5313274559197758 0.8225398142974344
v 0.6523908968307405 0.5220244428597627 0.8629374820713733
v 0.6523801106950444 0.5313736317709072 0.8466846346173729
v 0.8160580638776813 0.5220525658013668 0.84009536805466
v 0.8127409972497456 0.5313970206202704 0.8241818287524398
v 0.9627545417397757 0.5220817922083357 0.7992998010944075
v 0.958397781720025 0.5314284729662622 0.7836402768059845
v 1.0935216587154912 0.5221518939858262 0.7629548366780533
v 1.090219568998569 0.5314963493719775 0.7470381832283604
v 1.205382579295231 0.5222844462163448 0.7473574034361218
v 1.2054519261496368 0.5316242309905905 0.731099294339903
v 1.298491950877604 0.522473662387175 0.7610193892053573
v 1.3039765842479534 0.5317957871358997 0.745703407781953
v 1.3920486615035446 0.5227071391635136 0.8177119477381266
v 1.4012917543590058 0.5319228959627612 0.8042509833936807
v 1.5038931508187114 0.522653886771915 0.9049581078212873
v 1.5130978349535502 0.531927495021449 0.8915105623198947
v 1.629213314444748 0.5226603591200073 0.9796901163670207
v 1.6364707775771337 0.5319337972400979 0.9650991919852376
v 1.7647043616624993 0.522670770978902 1.0346203944217796
v 1.769302609613106 0.5319440352268304 1.0189862911224907
v 1.9089399436347676 0.5226896384823146 1.0618336720437076
v 1.9098462557514617 0.5319623850216044 1.0455623085493588
v 2.058542635848436 0.5227248908783872 1.0504820264173367
v 2.0547139448304335 0.5319945656156897 1.0346397805111123
v 2.203254395316565 0.5227811153321593 0.9895332712766215
v 2.1944729291766443 0.5320401018752897 0.9757957489153093
v 2.327833419868739 0.5228393111965614 0.8761705043249861
v 2.315190501505286 0.5320838700048653 0.865862388702096
v 2.423828103614304 0.5228797850027426 0.7148256437037925
v 2.409158436386873 0.5321130424892907 0.7076764955291124
v 2.4749872093739125 0.5221123556681811 0.5821865124516578
v 2.459631712185349 0.5314100021025656 0.5767712583603717
v 2.5164597051026143 0.5212977336654734 0.4498956844396861
v 2.500959140389825 0.5307014215298498 0.44511388058193385
v 2.5538420833755837 0.5204803841782172 0.3235554094340546
v 2.5384385024933938 0.5299895453487882 0.31866991561685043
v 2.5913486982592318 0.519662451248775 0.2099335183890983
v 2.5763262456416864 0.5292764959773377 0.20414918080292707
v 2.6315187985412614 0.5188477180475102 0.1167507710753503
v 2.6174238120944566 0.5285663637820153 0.10910604857210801
v 2.6737143070612874 0.5180449897223911 0.05154642779768184
v 2.661740339667515 0.5278693259371332 0.040979071326331676
v 2.7144882071215304 0.5172785471348766 0.015944687710892497
v 2.7067389512942612 0.5272034168998936 0.0020519380093038248
v 2.761323740214499 0.516576939542335 0.0005071177067027151
v 2.759148581248821 0.5265623335212095 -0.015213031483450906
v 2.7969605902591175 0.5145162352044117 0.0005114348445013923
v 2.8004450036933366 0.5246638833846136 -0.014865385354430466
v 2.814498678218515 0.5124423168860385 0.006731212061261194
v 2.835912589225707 0.5102478326516215 0.024867824044629908
v 2.8475660366645976 0.5208613444686107 0.014713365432786202
v 2.8230520161415464 0.5227790908839716 -0.006366650882367875
v 2.868393118112994 0.5079507135318828 0.06857812154031612
v 2.8813694436617037 0.5188932990359008 0.060613368076387716
v 2.90905026633952 0.5056621172856359 0.14136647397109617
v 2.9224908135152172 0.5168932731160478 0.13467503688098925
v 2.9573209821361943 0.5033735296921134 0.24139770025005974
v 2.9707995273387215 0.5148735941109284 0.23526256882632213
v 3.015222044202083 0.5010789328531822 0.3665121885922181
v 3.0285185883792924 0.5128389651951645 0.3604734757940259
v 3.0873558452061602 0.4989086739133989 0.5177504680903299
v 3.0989191501865436 0.5107911442554587 0.5089949340403298
v 3.228085305820169 0.5121180194773542 0.6518456167892243
v 3.2333477479327972 0.5234911227373878 0.6378985122421202
v 3.40733173856655 0.5350585155498545 0.6731330068469042
v 3.404977244880947 0.5451962782978743 0.6575367051715287
v 3.5835195003673577 0.5574096389141336 0.6280556512110878
v 3.57719625593679 0.5671170185345344 0.613312996742617
v 3.7651179567842377 0.5797938566538313 0.5478052606498475
v 3.7571983714779535 0.5895497485085819 0.5338888946480891
v 3.9525966281816083 0.6009679339986985 0.44797896876480786
v 3.944204589940695 0.6109585165617281 0.4345132918707807
v 4.140446197794632 0.6185956792924444 0.34259522889422556
v 4.132297365857953 0.6289063029990435 0.3292217447988717
v 4.846702231864338 -0.04875676703002281 -0.3131025198475166
v 4.764183390205095 0.04697377187528301 -0.27263836079389203
v 4.777782417619515 0.052515780466952336 -0.2609800978807595
v 4.858098862015885 -0.04055707577450601 -0.3006749543376088
v 4.710756417323758 0.16432525768894093 -0.23970270116350698
v 4.725165942791868 0.16770984649576776 -0.2281930254776945
v 4.674386453621293 0.29232037420531 -0.21105670582109665
v 4.688763315463573 0.2946616314753739 -0.19925048466598688
v 4.642054507009723 0.41950588709165176 -0.18321996789287193
v 4.6559191424554855 0.4220075730766674 -0.1708475812521114
v 4.597422763724818 0.5358058614423374 -0.1513912117658089
v 4.6103254144098855 0.539676759576838 -0.13834896299761515
v 4.517429976036129 0.6264079458554976 -0.10978912570525898
v 4.527935067919054 0.6326127129587574 -0.09555162558320066
v 4.391228699693267 0.6600881187425542 -0.057519640887634546
v 4.399050941296659 0.6677445979011288 -0.04229619307866318
v 4.207014010865071 0.6523263677361705 0.025464591557584963
v 4.214392701263779 0.6603478462353332 0.040721501817774786
v 4.017573584544474 0.6354349927547518 0.12670562107490205
v 4.025270231489424 0.6438118495734091 0.14161039868627562
v 3.829955713468645 0.6129381308945342 0.23163200141322343
v 3.8373728060286965 0.6216232552638132 0.2465020334456633
v 3.652346689816124 0.5881021441420746 0.32598314590013927
v 3.6588732590322994 0.5970014412781718 0.34114127588869403
v 3.495827905192047 0.564491338185077 0.39512132151345325
v 3.5004405152376483 0.5733920440957229 0.4109663132414224
v 3.37800726592678 0.5468482720627604 0.4261162807799493
v 3.315852212644862 0.5483552524645124 0.4392788043692901
v 3.3241820561123196 0.5411688680045248 0.42409552125262173
v 3.3044893661587778 0.5432741611657396 0.4048688008112922
v 3.2899752061195073 0.5496762603010852 0.41486453915398874
v 3.2376092459507984 0.5412360575269595 0.26200567853530116
v 3.221908884412131 0.548001481591593 0.26970569053404575
v 3.1800601139437927 0.5392320016536754 0.1360805607606908
v 3.1645186731968744 0.5463023696891736 0.14382885188536038
v 3.1282271605219103 0.53720709268422 0.02753536335218005
v 3.1131464299364198 0.5445804101690338 0.035888102679848814
v 3.076185052501311 0.5351668065044392 -0.06587328192133093
v 3.0621572339036085 0.5428397702547979 -0.05607999684043871
v 3.0154358007810154 0.5331203303468415 -0.146168727817987
v 3.0036692601834494 0.5410917659094561 -0.13393895932316602
v 2.9354284111217006 0.5310743621831189 -0.21011388301431747
v 2.9278170049738974 0.5393540644830109 -0.19511136568293785
v 2.8352771250789686 0.52904387688702 -0.24503866365121074
v 2.833057453838156 0.5376123654403044 -0.22850939979903195
v 2.7276112042858163 0.5271085383523534 -0.24595785388269467
v 2.730631380703983 0.5358232610852849 -0.22963319026927598
v 2.5888337684289997 0.5263718304356636 -0.19879100004019548
v 2.5971444256408494 0.535211057432351 -0.18449542230412047
v 2.4835066373797448 0.5256364461060499 -0.10891651150159398
v 2.4960065287346636 0.5345707803914549 -0.09816974980367456
v 2.410469648979902 0.5248638726245967 0.0023393010474791302
v 2.4250161110542767 0.5338957605202528 0.009980501356270759
v 2.357653921382619 0.5240681897597155 0.12415426849533309
v 2.373010395146786 0.5332029463158374 0.12983735183018225
v 2.315533057652941 0.5232624294201303 0.2514960686249801
v 2.3311456694420483 0.5325020375451058 0.256232997463322
v 2.2776279983542658 0.5224524653907006 0.37953948935241344
v 2.293218771562033 0.5317969781342081 0.3841406166458484
v 2.2390920117028728 0.5216416937020332 0.5025265801388783
v 2.2544309684192028 0.5310898612438004 0.507723794484781
v 2.1964413217216174 0.5208941867761402 0.613422734753679
v 2.2110263491372155 0.5303829665633861 0.6204086157600667
v 2.1337479869445954 0.5209249617568525 0.7202090115549834
v 2.146293836827618 0.5304124048787383 0.7304145283827412
v 2.0691005646453116 0.5209659387613514 0.7797914803568293
v 2.0778114509041155 0.5304565545839615 0.7934153994660212
v 2.0020941485660577 0.5210117206845513 0.8079966884377978
v 2.0058714459435465 0.530502465866848 0.8237199285748283
v 1.9254425041108607 0.5210494930601133 0.8134110613471859
v 1.9245161418894345 0.5305348979899 0.8295582421027449
v 1.836931217023844 0.5210725288474638 0.7963536111671023
v 1.8323499438596724 0.5305533862069785 0.8118677266727887
v 1.7412762098742345 0.5210854951834658 0.7573597337977597
v 1.7340633631766615 0.5305636998456836 0.7718407896604522
v 1.6451332246942605 0.5210934450535505 0.6999196891017845
v 1.6359913243093651 0.5305700480714428 0.7132681778774448
v 1.5532744280205586 0.5211745315833132 0.6281474959130131
v 1.544101868949422 0.5305746804335926 0.6415289704834445
v 1.3806355947427378 0.5212505801194209 0.5259972787374109
v 1.3751428581002638 0.5307026194999714 0.5412305087207383
v 1.2021445681608476 0.5214466666971749 0.4984157496840781
v 1.0385710941958182 0.5215960454359362 0.5201211494258864
v 1.041813430772858 0.5310033265322418 0.5360130598175379
v 1.2019842344989478 0.5308750205855276 0.5146220119327536
v 0.891702705478866 0.5216759641178078 0.5606729808864694
v 0.8960386148210058 0.531071356991196 0.5763091243666064
v 0.7601605672068337 0.5217186985340541 0.5974644915831337
v 0.7634840202476745 0.5311028640088604 0.6133533114961033
v 0.6466091297259585 0.5217480057162183 0.6140184903677016
v 0.646639508679612 0.5311262866562585 0.6302545435743419
v 0.5510764641456457 0.5217781105993264 0.6013923832048749
v 0.5458619797581301 0.5311725120700914 0.6167584781407538
v 0.4568069136835431 0.5218775270474595 0.547299475268559
v 0.4465893552931747 0.53125 0.5599217076897002
v 0.3742124048499131 0.5218706621048664 0.4544170516629279
v 0.3607372408661342 0.53125 0.46347301523723516
v 0.323492890841572 0.5218722600038486 0.350552045970425
v 0.30832410192920423 0.53125 0.3563424117185113
v 0.2916764957193364 0.5218764884332447 0.23621243197080175
v 0.27589787060644727 0.53125 0.24005102161477387
v 0.26679394640592585 0.5218919612593782 0.11609401567586176
v 0.2510262186687841 0.53125 0.12001426731783482
v 0.23036294937485433 0.5219331374547594 -0.007045540153755826
v 0.21565204999635768 0.53125 -0.00009226669524432102
v 0.14622841198284323 0.5218261312271019 -0.12662997951097207
v 0.13601316578895312 0.53125 -0.11404419616032563
v -0.0048687369633371586 0.5218368709704768 -0.1909556358009608
v -0.007396171095737222 0.53125 -0.17493790879055365
v -0.18524873260055627 0.5217448978019319 -0.17807230877676744
v -0.18338540460618208 0.53125 -0.16201791557771875
v -0.3554607206972788 0.5140814201750632 -0.152690475096201
v -0.35420419795260855 0.5238914930312362 -0.13676106452491166
v -0.5353164499525058 0.49837785129838974 -0.1468186608737358
v -0.5363149996667607 0.5083400282282682 -0.13096557192281016
v -0.7130415792900567 0.47744926041379415 -0.16183751603525928
v -0.7162991211700858 0.4874801695763616 -0.14633487812191764
v -0.8745137257359856 0.454447111471078 -0.19832378161504297
v -0.8803525638782403 0.46444258936930943 -0.1835738361665161
v -1.005234212177782 0.43275155816693656 -0.2545024721855208
v -1.0142753518833247 0.4425571595363444 -0.24132406277432378
v -1.0929354200045955 0.41559341340027334 -0.32416835353801077
v -1.1057282059518034 0.42505275013337485 -0.3142472610437983
v -1.1365920183344642 0.4044806444889302 -0.4013572458107093
v -1.1523393475127757 0.41364962734116406 -0.39693979437290716
v -1.142101746882938 0.39935021268618637 -0.5009169886792604
v -1.1583697410416054 0.40828047845925397 -0.5035937814011462
v -0.29085729640141783 0.5500194289676497 -0.7633031314263774
v -0.1365043296831831 0.5719378562275444 -0.746347520937448
v -0.13456257105803968 0.5817576276780335 -0.7622019891436618
v -0.29087791706745253 0.5597971106490309 -0.7793018506165411
v -0.47926092527244174 0.519379350282729 -0.7680746436222367
v -0.48088288130552037 0.5291849758226147 -0.7839737463138448
v -0.6786763120186927 0.4848454049933462 -0.7548653115496317
v -0.6820546924516473 0.49464064626438387 -0.7704922848359846
v -0.8657542428781014 0.45129404740688606 -0.7192621689857007
v -0.871467854938091 0.4609744467325605 -0.7342690676034507
v -1.0157595697994766 0.4237767792505739 -0.6604494507094746
v -1.0248850705397385 0.43316815470395675 -0.6738692049297677
v -1.1071269520271938 0.40649910217043855 -0.5864222930587863
v -1.1206215911290125 0.4154966624585828 -0.5958297966794541
v 0.8342467931095768 0.42467742631173105 -0.4079510447485031
v 1.0031625857911093 0.37794988605194024 -0.40047966426331943
v 1.0065893393882963 0.3888907523087422 -0.4153160150725629
v 0.838697617270189 0.43543438771472665 -0.4226493591302876
v 0.6891968866166696 0.4664878268284463 -0.4294359004523461
v 0.6951726702669371 0.4768094069298588 -0.4439037093388127
v 0.561684944134032 0.5024262587086363 -0.46352097398039654
v 0.5689776379082495 0.5123913284296983 -0.47763042127537814
v 0.44608292484955736 0.5315025604479536 -0.5075066835160976
v 0.4541495480155114 0.5412953493171043 -0.5213122395303527
v 0.33630071783669013 0.553307902371057 -0.557864031982158
v 0.34443099149131917 0.563107294839792 -0.5716275002058486
v 0.2245173742382731 0.5682622867042781 -0.611761747119957
v 0.23207832709357398 0.5781417041733892 -0.6257899901457582
v 0.10136975031887013 0.5770248298262769 -0.6677516939580486
v 0.10794763353194467 0.5869626096385273 -0.6822269999941357
v -0.042311779366861965 0.5800023999923168 -0.7248039055575035
v -0.03774805448951595 0.5899349257478805 -0.7400380726617123
v 1.4120388798655872 0.2771653722108665 -0.40610044350147617
v 1.530323677562517 0.24651591160466388 -0.42693075632747784
v 1.5300374812007664 0.25753062661013326 -0.4421016707689612
v 1.4135411235485986 0.2879477975783798 -0.42136625717487264
v 1.2912736148140367 0.30659561030931703 -0.3994119407817006
v 1.2939266046201299 0.3173217861788147 -0.41456031681035044
v 1.1591729037941825 0.33867144629080403 -0.39955619890108807
v 1.1622765833685724 0.3494986188881661 -0.4145462624982329
v 1.6497321735366919 0.21190492476059955 -0.4679497745553931
v 1.6475089222364716 0.22324978802979825 -0.48271167589157793
v 1.7742042313190967 0.1709868193285395 -0.5320188972376103
v 1.77043668050618 0.1826086410062803 -0.5462421641535788
v 1.9125840559219471 0.12046223089985696 -0.6221856531621265
v 1.9078193957802982 0.13228882205989495 -0.635933098570925
v 2.0741659582653837 0.05664576744361495 -0.7414489440299816
v 2.0678992766371254 0.06871114338973527 -0.7543608728033613
v 2.168039006896787 0.04826096526371909 -0.8144747520980722
v 2.160540004314277 0.06023233917247976 -0.8268041343617606
v 2.2430897779774064 0.04657863310601052 -0.8704973038918793
v 2.2356821018379986 0.05815541689291182 -0.8832513977979546
v 2.302885540335889 0.04984595935882803 -0.9088017948034239
v 2.2964143875089924 0.060996673237065556 -0.9224160616252776
v 2.3563325792458345 0.055984082897800186 -0.9337246902432007
v 2.35167027858443 0.06674756742567278 -0.9483525011990791
v 2.4176883404230054 0.06348402401180518 -0.9501401134686743
v 2.415214061809324 0.07390982629874389 -0.9655265715411335
v 2.501042380314273 0.07144820578849438 -0.9589231651369917
v 2.500496905959945 0.0815325392671365 -0.9747209870128172
v 2.6153723725811266 0.07869574063386453 -0.9588713297449036
v 2.616199741709178 0.08839786397929486 -0.9748946490925295
v 2.7671809931972144 0.08343678462719269 -0.9497276579186817
v 2.768459832239229 0.09293306060229924 -0.9658443515408002
v 2.9327926979721255 0.08344649421249122 -0.937494074896156
v 2.9339169227426742 0.09294186553161564 -0.953622823830194
v 3.0750147665325844 0.08345250226430244 -0.9281864612999584
v 3.0763234095832566 0.09294331437397772 -0.9443039809250362
v 3.196258083096013 0.08351971141012121 -0.9165446717930491
v 3.1984823459522644 0.09299236846151909 -0.9325722705880309
v 3.2999680685788277 0.083748764568718 -0.8981349970898689
v 3.303918175787296 0.09318100562508813 -0.9138509756370714
v 3.391913801093684 0.0841834751583195 -0.8690009559845303
v 3.3981778746426783 0.09355642158869595 -0.8839833375637747
v 3.4804660052038328 0.08470076964101472 -0.823790006570514
v 3.489110189019386 0.09401261128027456 -0.8375787770540731
v 3.5737702291379536 0.08511342480133764 -0.7547351562575576
v 3.5843784858148 0.09437967810792253 -0.7671110982393361
v 3.6772494201774113 0.08532689156613253 -0.6535796950932885
v 3.689184127279801 0.09459986484174131 -0.6646764168168436
v 3.772672192313481 0.08490841557804463 -0.5401423749069105
v 3.7854768665062783 0.0942391956365855 -0.5501693067564568
v 3.8449408541804595 0.08444490656260994 -0.4389546138613224
v 3.8583289254786868 0.09384035875928394 -0.448122357582304
v 3.9051606429083097 0.0839164761916055 -0.34471343614026806
v 3.9187317904308028 0.09337984134037003 -0.35353563399476456
v 3.9644061542173525 0.08340463403349452 -0.2524280804434665
v 3.9776331605836237 0.09292499330207954 -0.2617001655371059
v 4.0335233465566525 0.08305174148480665 -0.15982681586469807
v 4.045785739847123 0.09260957347330108 -0.17030746748897893
v 4.12175565700414 0.08285627521437772 -0.06825983099238649
v 4.1324983714118035 0.09244169518161491 -0.08027133844178953
v 4.235892932089774 0.0826470993114275 0.02035215705693315
v 4.244896247262561 0.09226638228930377 0.0070115344743472
v 4.382252583777985 0.08235028148577424 0.10671122734350054
v 4.390045520253954 0.0919851784758482 0.09263993027918635
v 4.541602011635255 0.08234838629324756 0.1900613719889186
v 4.548996406025242 0.09198518643024381 0.17577790200698065
v 4.709559649119222 0.08235470259470797 0.2761042325014674
v 4.716708746656678 0.09198972306955812 0.2616952323678997
v 4.884982149346227 0.08237766329843242 0.36029384079526766
v 4.891628104368876 0.09200799606257451 0.34564288612709604
v 5.066555467058992 0.08243039534490171 0.4378451681941231
v 5.0724121521393055 0.09205105115440354 0.4228550140366393
v 5.253178072977766 0.08253225938718659 0.5038725353083718
v 5.257903587416772 0.09213513657628178 0.4884771865634455
v 5.443912352092159 0.08271225961392584 0.5532554888112909
v 5.447087731936444 0.09228484252034506 0.5374489990256288
v 5.637818721304431 0.08300920850476957 0.5804531399614521
v 5.638947057373915 0.09253397032222757 0.5643420174048146
v 5.8327803496957 0.08339014050822036 0.5793816353167054
v 5.832084402728975 0.09291705811505069 0.5632473240908683
v 5.988776802880633 0.08285094047804882 0.5669207681751518
v 5.987744114625229 0.09244747499558065 0.5508458628808438
v 6.1091910276338375 0.08240557756788325 0.5622347631581327
v 6.109333462576927 0.09204138314984434 0.5461508126771832
v 6.1977531307019005 0.0822378037115773 0.567750632876865
v 6.200268159044792 0.09186916286604199 0.5518612007513243
v 6.26088819499066 0.08253926826537078 0.5834365518734284
v 6.266831032262131 0.09212958990362966 0.5684608743916062
v 6.313333726399852 0.08301687699935695 0.6117314847966546
v 6.322682113936387 0.09256829683191015 0.5985807992765356
v 6.370325369321952 0.08310438479333185 0.6632085470378914
v 6.382040427115366 0.09266292036823881 0.6521200702010932
v 6.4381477770953435 0.08279678339118958 0.7482758457271141
v 6.519850402230541 0.0823118080859451 0.8726229825370664
v 6.53296543713745 0.0919859052605343 0.8633509707139952
v 6.451139198292386 0.09240324004101583 0.7387626198853686
v 6.718145618392793 0.08149886789987579 1.1379312705207425
v 6.729868032703475 0.09126933090676992 1.1270369804860678
v 6.926147013959798 0.08178201950143596 1.3208840494238878
v 6.935217557751824 0.0908049857260273 1.3071773424587987
v 7.135837122776325 0.12626349136436738 1.422519935800412
v 7.1422773494403495 0.13319999619959388 1.4063344212523088
v 7.341841631781443 0.18911742799173062 1.466366298016307
v 7.342572415994845 0.19502031297807168 1.4485847231909021
v 7.515942120351127 0.18523911734072201 1.4227751506847077
v 7.5086111979060846 0.19098360725561292 1.406501831670982
v 7.671242668089477 0.14216565643631912 1.287056123627327
v 7.657293268712752 0.1497049088667961 1.2770493044614708
v 7.745679429042302 0.10031607700476768 1.099037066243662
v 7.729430818902047 0.10940824311698852 1.0968285183275421
v 7.7461650552555135 0.08499218656809879 0.8976960170256915
v 7.729622482164297 0.09380367010357833 0.8982093720935767
v 7.714583055378631 0.0712591701319989 0.7229703001190452
v 7.697448795527338 0.07886898983972075 0.7232354102175496
v 7.685532230246859 0.023831214852339057 0.5640682103786481
v 7.6678418767425 0.030024989638197636 0.5635671646792657
v 7.653093271999663 -0.04675800795399107 0.41871747552750366
v 7.635087992345651 -0.04152664883186348 0.4187901825847685
v 7.611606643612527 -0.12882489760443708 0.2858263031282211
v 7.593629239695671 -0.12378671191655499 0.2875560815489005
v 7.555791093535965 -0.21037929981496453 0.16369852900275525
v 7.538407250297359 -0.20476042246246667 0.16791666977247538
v 7.481252479508693 -0.2796499850183709 0.05051846415975142
v 7.465310859365339 -0.2730077367504202 0.05781968221921954
v 7.384556629116858 -0.325907229977106 -0.05582720648175492
v 7.3709460328854615 -0.3185027074581538 -0.04526845577477171
v 7.262226862844139 -0.3404760729706978 -0.15788342455923263
v 7.250694495039176 -0.3327564684681841 -0.14527490763075065
v 7.154708548519587 -0.3422319487405285 -0.25028483388322315
v 7.143025892084709 -0.33426382739470323 -0.23797276334887388
v 7.088111910153441 -0.34365619276459325 -0.32539777285454563
v 7.074728155150609 -0.33549979978122846 -0.31510647286255816
v 7.048264177506578 -0.34489595174063675 -0.3909872632711422
v 7.03337311515043 -0.33654623026978586 -0.3832347853921334
v 7.022115393778665 -0.3464510992381531 -0.4596223609444353
v 7.006395456681274 -0.3378579825835917 -0.4540902344260748
v 7.000606534602563 -0.3484647992492546 -0.5438805525774453
v 6.984686748241343 -0.3395875106660988 -0.5394854815172181
v 6.976096900307589 -0.35060134655874 -0.650215904115466
v 6.96034691961644 -0.3414401527086638 -0.6457917504710109
v 6.939896167068784 -0.35265707537875324 -0.7810489434880045
v 6.924556067614522 -0.34322771061420565 -0.7758210444003735
v 6.883108053077195 -0.3544802213390365 -0.9383849088374178
v 6.868243193025804 -0.3449663995182575 -0.9320535874891502
v 6.84769347033038 -0.3509351342242162 -1.0152868105761466
v 6.833419235317447 -0.3415678339414944 -1.0075368170142849
v 6.806928321666651 -0.342315476255311 -1.0875680753674468
v 6.793539123808976 -0.33323639711315156 -1.0780885077265434
v 6.7601572082101695 -0.32972659735704246 -1.1535287194370145
v 6.747960071181378 -0.3211024610204489 -1.1421966136861523
v 6.705818953748345 -0.31410569481151535 -1.2115394863150832
v 6.6953124072157575 -0.30616054588289643 -1.1981959639742377
v 6.641209510614214 -0.2962927570731654 -1.2589678147111247
v 6.633181815061135 -0.28933044877491304 -1.243519679960704
v 6.563255657036587 -0.27768176529272387 -1.2903367388494815
v 6.5588751632021 -0.272014598988768 -1.273008813415393
v 6.473106345979045 -0.2617674722247058 -1.2965655376360723
v 6.473713681000965 -0.2574242002221292 -1.278335627255525
v 6.379758685915413 -0.2545961169515511 -1.2711975479085313
v 6.386985801757385 -0.25025763986899885 -1.254449147590564
v 6.272369900028496 -0.2578362937466434 -1.2082937842172827
v 6.286125054041483 -0.25266513853220507 -1.1966482961713827
v 6.208033370748522 -0.25477560643773584 -1.1129142767953744
v 6.225521069864457 -0.2492511055224138 -1.1090126400532967
v 6.193304818933504 -0.24816663959535729 -1.007164367953787
v 6.210805607758829 -0.24247874492467886 -1.0107605805040478
v 6.401658632984335 -0.19839021258442988 -0.38113829555983336
v 6.374685263141952 -0.20054986572228145 -0.3694517000664852
v 6.379000614610382 -0.18712252320592748 -0.35709667215666513
v 6.40859294979723 -0.18507170760904806 -0.36990908474343454
v 6.4278778307143085 -0.19666679333611792 -0.39955847797399185
v 6.437655829522575 -0.1835652885049079 -0.3903767673238291
v 6.44541872991812 -0.19582701974693087 -0.4203669678814307
v 6.458060435592625 -0.18313760543602792 -0.4148236347608755
v 6.454240659120112 -0.19613981318088786 -0.44434342750441963
v 6.468669777192672 -0.18417158774336045 -0.4439903956012672
v 6.452575292844842 -0.19964863229549015 -0.4851379336531727
v 6.466896963230146 -0.18862569724892425 -0.49013264689157787
v 6.4252616542302015 -0.20987081344969083 -0.5562277180850433
v 6.438187782359328 -0.19976101210763653 -0.5652979787435691
v 6.354579728295349 -0.2290233471573272 -0.6584458898466444
v 6.365512145426328 -0.21976872810130077 -0.6705453436277912
v 6.328227259382195 -0.2285563751181383 -0.6964022280611433
v 6.3387325822538 -0.2201624019369931 -0.7094690526791421
v 6.288785591957 -0.2311518553885915 -0.7546270180385819
v 6.300841256851021 -0.22355412980613643 -0.7668129939919789
v 6.247282600661667 -0.23563874948674918 -0.8268574885711104
v 6.261018216759941 -0.22885030330560086 -0.8376654647390382
v 6.212014035945855 -0.2414462817467023 -0.9110348283724694
v 6.227677717765271 -0.23534201403437283 -0.9193384111869115
v 6.364366228409952 -0.20172428441869952 -0.36710420044281733
v 6.365348388391652 -0.1885151243607525 -0.3538333318829271
v 6.247592267390239 -0.19544750020118443 -0.3696201400579554
v 6.244484991750817 -0.18286815157535624 -0.3560677481565038
v 6.1655775627061296 -0.18917615156140022 -0.3947585057036046
v 6.15868799233202 -0.1772507080386791 -0.38203529396888225
v 6.0961614760780485 -0.18331074290619942 -0.437378799438976
v 6.086576343942451 -0.17204875474193743 -0.42585250929291596
v 6.025384714747389 -0.17782436341130053 -0.4961332080873779
v 6.014720856612017 -0.1672451580465457 -0.48491157525079814
v 5.9417661273328735 -0.17230637844616203 -0.5636184836550686
v 5.9319750034740055 -0.1624899688548544 -0.5509957067689795
v 5.82930913713044 -0.1662713798908621 -0.6218386544187017
v 5.823229947475791 -0.15725790092940808 -0.6065624261487971
v 5.684892072206694 -0.15992108916772318 -0.638651828291789
v 5.684925177116843 -0.15168649318456473 -0.6218068636714915
v 5.525360256941697 -0.15474097505224024 -0.5973966324844483
v 5.530333364460326 -0.14674066494447102 -0.5811847313069896
v 5.386470296136414 -0.15672495790232002 -0.5422933801445952
v 5.393247636149574 -0.1484116181852576 -0.5269142207041466
v 5.293895720627885 -0.15796691174286911 -0.5037994533992473
v 5.301256525140572 -0.14937365698603167 -0.48884829860738943
v 5.233599606029752 -0.1577631492363362 -0.47702175299118477
v 5.241897760796328 -0.14894771150513447 -0.4627042397616729
v 5.19464257434777 -0.1556492161501876 -0.45851513546927863
v 5.203905750050485 -0.14671533312174678 -0.44487908729047065
v 5.164714036335352 -0.15134447348715427 -0.4440275616462804
v 5.174332303481197 -0.14224042670970086 -0.43075474094436883
v 5.126764311432773 -0.14360298562023674 -0.4268728170729298
v 5.135926221226529 -0.13410599205018306 -0.4135525684993696
v 5.065639423264174 -0.13100575404810838 -0.4015596024678418
v 5.073985538527605 -0.12102353109772723 -0.38805922895529027
v 4.969469619077062 -0.11280667500469768 -0.36427021346734845
v 4.9783554642792325 -0.10295941529704147 -0.35101745031044296
v 3.378244897694883 0.5551664299154053 0.4429184913809765
vt 0 0
vt 0.0065403763338810015 0
vt 0.0065403763338810015 0.33333333333333326
vt 0 0.33333333333333326
vt 0 0.33333333333333326
vt 0.0065403763338810015 0.33333333333333326
vt 0.0065403763338810015 0.6666666666666666
vt 0 0.6666666666666666
vt 0 0.6666666666666666
vt 0.0065403763338810015 0.6666666666666666
vt 0.0065403763338810015 1
vt 0 1
vt 0.0065403763338810015 0
vt 0.012411591724343547 0
vt 0.012411591724343547 0.33333333333333326
vt 0.0065403763338810015 0.33333333333333326
vt 0.0065403763338810015 0.33333333333333326
vt 0.012411591724343547 0.33333333333333326
vt 0.012411591724343547 0.6666666666666666
vt 0.0065403763338810015 0.6666666666666666
vt 0.0065403763338810015 0.6666666666666666
vt 0.012411591724343547 0.6666666666666666
vt 0.012411591724343547 1
vt 0.0065403763338810015 1
vt 0.012411591724343547 0
vt 0.017886324330016353 0
vt 0.017886324330016353 0.33333333333333326
vt 0.012411591724343547 0.33333333333333326
vt 0.012411591724343547 0.33333333333333326
vt 0.017886324330016353 0.33333333333333326
vt 0.017886324330016353 0.6666666666666666
vt 0.012411591724343547 0.6666666666666666
vt 0.012411591724343547 0.6666666666666666
vt 0.017886324330016353 0.6666666666666666
vt 0.017886324330016353 1
vt 0.012411591724343547 1
vt 0.017886324330016353 0
vt 0.022881471163511413 0
vt 0.022881471163511413 0.33333333333333326
vt 0.017886324330016353 0.33333333333333326
vt 0.017886324330016353 0.33333333333333326
vt 0.022881471163511413 0.33333333333333326
vt 0.022881471163511413 0.6666666666666666
vt 0.017886324330016353 0.6666666666666666
vt 0.017886324330016353 0.6666666666666666
vt 0.022881471163511413 0.6666666666666666
vt 0.022881471163511413 1
vt 0.017886324330016353 1
vt 0.022881471163511413 0
vt 0.02718050057699621 0
vt 0.02718050057699621 0.33333333333333326
vt 0.022881471163511413 0.33333333333333326
vt 0.022881471163511413 0.33333333333333326
vt 0.02718050057699621 0.33333333333333326
vt 0.02718050057699621 0.6666666666666666
vt 0.022881471163511413 0.6666666666666666
vt 0.022881471163511413 0.6666666666666666
vt 0.02718050057699621 0.6666666666666666
vt 0.02718050057699621 1
vt 0.022881471163511413 1
vt 0.02718050057699621 0
vt 0.030791732143542347 0
vt 0.030791732143542347 0.33333333333333326
vt 0.02718050057699621 0.33333333333333326
vt 0.02718050057699621 0.33333333333333326
vt 0.030791732143542347 0.33333333333333326
vt 0.030791732143542347 0.6666666666666666
vt 0.02718050057699621 0.6666666666666666
vt 0.02718050057699621 0.6666666666666666
vt 0.030791732143542347 0.6666666666666666
vt 0.030791732143542347 1
vt 0.02718050057699621 1
vt 0.030791732143542347 0
vt 0.03460106695173367 0
vt 0.03460106695173367 0.33333333333333326
vt 0.030791732143542347 0.33333333333333326
vt 0.030791732143542347 0.33333333333333326
vt 0.03460106695173367 0.33333333333333326
vt 0.03460106695173367 0.6666666666666666
vt 0.030791732143542347 0.6666666666666666
vt 0.030791732143542347 0.6666666666666666
vt 0.03460106695173367 0.6666666666666666
vt 0.03460106695173367 1
vt 0.030791732143542347 1
vt 0.03460106695173367 0
vt 0.04027354443296801 0
vt 0.04027354443296801 0.33333333333333326
vt 0.03460106695173367 0.33333333333333326
vt 0.03460106695173367 0.33333333333333326
vt 0.04027354443296801 0.33333333333333326
vt 0.04027354443296801 0.6666666666666666
vt 0.03460106695173367 0.6666666666666666
vt 0.03460106695173367 0.6666666666666666
vt 0.04027354443296801 0.6666666666666666
vt 0.04027354443296801 1
vt 0.03460106695173367 1
vt 0.04027354443296801 0
vt 0.047707732748075916 0
vt 0.047707732748075916 0.33333333333333326
vt 0.04027354443296801 0.33333333333333326
vt 0.04027354443296801 0.33333333333333326
vt 0.047707732748075916 0.33333333333333326
vt 0.047707732748075916 0.6666666666666666
vt 0.04027354443296801 0.6666666666666666
vt 0.04027354443296801 0.6666666666666666
vt 0.047707732748075916 0.6666666666666666
vt 0.047707732748075916 1
vt 0.04027354443296801 1
vt 0.047707732748075916 0
vt 0.05556196878951712 0
vt 0.05556196878951712 0.33333333333333326
vt 0.047707732748075916 0.33333333333333326
vt 0.047707732748075916 0.33333333333333326
vt 0.05556196878951712 0.33333333333333326
vt 0.05556196878951712 0.6666666666666666
vt 0.047707732748075916 0.6666666666666666
vt 0.047707732748075916 0.6666666666666666
vt 0.05556196878951712 0.6666666666666666
vt 0.05556196878951712 1
vt 0.047707732748075916 1
vt 0.05556196878951712 0
vt 0.06345142767703935 0
vt 0.06345142767703935 0.33333333333333326
vt 0.05556196878951712 0.33333333333333326
vt 0.05556196878951712 0.33333333333333326
vt 0.06345142767703935 0.33333333333333326
vt 0.06345142767703935 0.6666666666666666
vt 0.05556196878951712 0.6666666666666666
vt 0.05556196878951712 0.6666666666666666
vt 0.06345142767703935 0.6666666666666666
vt 0.06345142767703935 1
vt 0.05556196878951712 1
vt 0.06345142767703935 0
vt 0.07101429797903047 0
vt 0.07101429797903047 0.33333333333333326
vt 0.06345142767703935 0.33333333333333326
vt 0.06345142767703935 0.33333333333333326
vt 0.07101429797903047 0.33333333333333326
vt 0.07101429797903047 0.6666666666666666
vt 0.06345142767703935 0.6666666666666666
vt 0.06345142767703935 0.6666666666666666
vt 0.07101429797903047 0.6666666666666666
vt 0.07101429797903047 1
vt 0.06345142767703935 1
vt 0.07101429797903047 0
vt 0.07796931879762219 0
vt 0.07796931879762219 0.33333333333333326
vt 0.07101429797903047 0.33333333333333326
vt 0.07101429797903047 0.33333333333333326
vt 0.07796931879762219 0.33333333333333326
vt 0.07796931879762219 0.6666666666666666
vt 0.07101429797903047 0.6666666666666666
vt 0.07101429797903047 0.6666666666666666
vt 0.07796931879762219 0.6666666666666666
vt 0.07796931879762219 1
vt 0.07101429797903047 1
vt 0.07796931879762219 0
vt 0.08422624721322493 0
vt 0.08422624721322493 0.33333333333333326
vt 0.07796931879762219 0.33333333333333326
vt 0.07796931879762219 0.33333333333333326
vt 0.08422624721322493 0.33333333333333326
vt 0.08422624721322493 0.6666666666666666
vt 0.07796931879762219 0.6666666666666666
vt 0.07796931879762219 0.6666666666666666
vt 0.08422624721322493 0.6666666666666666
vt 0.08422624721322493 1
vt 0.07796931879762219 1
vt 0.08422624721322493 0
vt 0.09009684413960273 0
vt 0.09009684413960273 0.33333333333333326
vt 0.08422624721322493 0.33333333333333326
vt 0.08422624721322493 0.33333333333333326
vt 0.09009684413960273 0.33333333333333326
vt 0.09009684413960273 0.6666666666666666
vt 0.08422624721322493 0.6666666666666666
vt 0.08422624721322493 0.6666666666666666
vt 0.09009684413960273 0.6666666666666666
vt 0.09009684413960273 1
vt 0.08422624721322493 1
vt 0.09009684413960273 0
vt 0.09648508965498943 0
vt 0.09648508965498943 0.33333333333333326
vt 0.09009684413960273 0.33333333333333326
vt 0.09009684413960273 0.33333333333333326
vt 0.09648508965498943 0.33333333333333326
vt 0.09648508965498943 0.6666666666666666
vt 0.09009684413960273 0.6666666666666666
vt 0.09009684413960273 0.6666666666666666
vt 0.09648508965498943 0.6666666666666666
vt 0.09648508965498943 1
vt 0.09009684413960273 1
vt 0.09648508965498943 0
vt 0.10310466053680702 0
vt 0.10310466053680702 0.33333333333333326
vt 0.09648508965498943 0.33333333333333326
vt 0.09648508965498943 0.33333333333333326
vt 0.10310466053680702 0.33333333333333326
vt 0.10310466053680702 0.6666666666666666
vt 0.09648508965498943 0.6666666666666666
vt 0.09648508965498943 0.6666666666666666
vt 0.10310466053680702 0.6666666666666666
vt 0.10310466053680702 1
vt 0.09648508965498943 1
vt 0.10310466053680702 0
vt 0.11003269361641368 0
vt 0.11003269361641368 0.33333333333333326
vt 0.10310466053680702 0.33333333333333326
vt 0.10310466053680702 0.33333333333333326
vt 0.11003269361641368 0.33333333333333326
vt 0.11003269361641368 0.6666666666666666
vt 0.10310466053680702 0.6666666666666666
vt 0.10310466053680702 0.6666666666666666
vt 0.11003269361641368 0.6666666666666666
vt 0.11003269361641368 1
vt 0.10310466053680702 1
vt 0.11003269361641368 0
vt 0.11792046317142986 0
vt 0.11792046317142986 0.33333333333333326
vt 0.11003269361641368 0.33333333333333326
vt 0.11003269361641368 0.33333333333333326
vt 0.11792046317142986 0.33333333333333326
vt 0.11792046317142986 0.6666666666666666
vt 0.11003269361641368 0.6666666666666666
vt 0.11003269361641368 0.6666666666666666
vt 0.11792046317142986 0.6666666666666666
vt 0.11792046317142986 1
vt 0.11003269361641368 1
vt 0.11792046317142986 0
vt 0.12654080081294075 0
vt 0.12654080081294075 0.33333333333333326
vt 0.11792046317142986 0.33333333333333326
vt 0.11792046317142986 0.33333333333333326
vt 0.12654080081294075 0.33333333333333326
vt 0.12654080081294075 0.6666666666666666
vt 0.11792046317142986 0.6666666666666666
vt 0.11792046317142986 0.6666666666666666
vt 0.12654080081294075 0.6666666666666666
vt 0.12654080081294075 1
vt 0.11792046317142986 1
vt 0.12654080081294075 0
vt 0.13530286557008764 0
vt 0.13530286557008764 0.33333333333333326
vt 0.12654080081294075 0.33333333333333326
vt 0.12654080081294075 0.33333333333333326
vt 0.13530286557008764 0.33333333333333326
vt 0.13530286557008764 0.6666666666666666
vt 0.12654080081294075 0.6666666666666666
vt 0.12654080081294075 0.6666666666666666
vt 0.13530286557008764 0.6666666666666666
vt 0.13530286557008764 1
vt 0.12654080081294075 1
vt 0.13530286557008764 0
vt 0.1434739288995981 0
vt 0.1434739288995981 0.33333333333333326
vt 0.13530286557008764 0.33333333333333326
vt 0.13530286557008764 0.33333333333333326
vt 0.1434739288995981 0.33333333333333326
vt 0.1434739288995981 0.6666666666666666
vt 0.13530286557008764 0.6666666666666666
vt 0.13530286557008764 0.6666666666666666
vt 0.1434739288995981 0.6666666666666666
vt 0.1434739288995981 1
vt 0.13530286557008764 1
vt 0.1434739288995981 0
vt 0.15026428247753607 0
vt 0.15026428247753607 0.33333333333333326
vt 0.1434739288995981 0.33333333333333326
vt 0.1434739288995981 0.33333333333333326
vt 0.15026428247753607 0.33333333333333326
vt 0.15026428247753607 0.6666666666666666
vt 0.1434739288995981 0.6666666666666666
vt 0.1434739288995981 0.6666666666666666
vt 0.15026428247753607 0.6666666666666666
vt 0.15026428247753607 1
vt 0.1434739288995981 1
vt 0.15026428247753607 0
vt 0.15487788633867516 0
vt 0.15487788633867516 0.33333333333333326
vt 0.15026428247753607 0.33333333333333326
vt 0.15026428247753607 0.33333333333333326
vt 0.15487788633867516 0.33333333333333326
vt 0.15487788633867516 0.6666666666666666
vt 0.15026428247753607 0.6666666666666666
vt 0.15026428247753607 0.6666666666666666
vt 0.15487788633867516 0.6666666666666666
vt 0.15487788633867516 1
vt 0.15026428247753607 1
vt 0.15487788633867516 0
vt 0.16141109625426486 0
vt 0.16141109625426486 0.33333333333333326
vt 0.15487788633867516 0.33333333333333326
vt 0.15487788633867516 0.33333333333333326
vt 0.16141109625426486 0.33333333333333326
vt 0.16141109625426486 0.6666666666666666
vt 0.15487788633867516 0.6666666666666666
vt 0.15487788633867516 0.6666666666666666
vt 0.16141109625426486 0.6666666666666666
vt 0.16141109625426486 1
vt 0.15487788633867516 1
vt 0.16141109625426486 0
vt 0.16701612826637982 0
vt 0.16701612826637982 0.33333333333333326
vt 0.16141109625426486 0.33333333333333326
vt 0.16141109625426486 0.33333333333333326
vt 0.16701612826637982 0.33333333333333326
vt 0.16701612826637982 0.6666666666666666
vt 0.16141109625426486 0.6666666666666666
vt 0.16141109625426486 0.6666666666666666
vt 0.16701612826637982 0.6666666666666666
vt 0.16701612826637982 1
vt 0.16141109625426486 1
vt 0.16701612826637982 0
vt 0.17200071065943573 0
vt 0.17200071065943573 0.33333333333333326
vt 0.16701612826637982 0.33333333333333326
vt 0.16701612826637982 0.33333333333333326
vt 0.17200071065943573 0.33333333333333326
vt 0.17200071065943573 0.6666666666666666
vt 0.16701612826637982 0.6666666666666666
vt 0.16701612826637982 0.6666666666666666
vt 0.17200071065943573 0.6666666666666666
vt 0.17200071065943573 1
vt 0.16701612826637982 1
vt 0.17200071065943573 0
vt 0.17666207037962176 0
vt 0.17666207037962176 0.33333333333333326
vt 0.17200071065943573 0.33333333333333326
vt 0.17200071065943573 0.33333333333333326
vt 0.17666207037962176 0.33333333333333326
vt 0.17666207037962176 0.6666666666666666
vt 0.17200071065943573 0.6666666666666666
vt 0.17200071065943573 0.6666666666666666
vt 0.17666207037962176 0.6666666666666666
vt 0.17666207037962176 1
vt 0.17200071065943573 1
vt 0.17666207037962176 0
vt 0.1813053823404896 0
vt 0.1813053823404896 0.33333333333333326
vt 0.17666207037962176 0.33333333333333326
vt 0.17666207037962176 0.33333333333333326
vt 0.1813053823404896 0.33333333333333326
vt 0.1813053823404896 0.6666666666666666
vt 0.17666207037962176 0.6666666666666666
vt 0.17666207037962176 0.6666666666666666
vt 0.1813053823404896 0.6666666666666666
vt 0.1813053823404896 1
vt 0.17666207037962176 1
vt 0.1813053823404896 0
vt 0.18626325630707957 0
vt 0.18626325630707957 0.33333333333333326
vt 0.1813053823404896 0.33333333333333326
vt 0.1813053823404896 0.33333333333333326
vt 0.18626325630707957 0.33333333333333326
vt 0.18626325630707957 0.6666666666666666
vt 0.1813053823404896 0.6666666666666666
vt 0.1813053823404896 0.6666666666666666
vt 0.18626325630707957 0.6666666666666666
vt 0.18626325630707957 1
vt 0.1813053823404896 1
vt 0.18626325630707957 0
vt 0.1918995611058205 0
vt 0.1918995611058205 0.33333333333333326
vt 0.18626325630707957 0.33333333333333326
vt 0.18626325630707957 0.33333333333333326
vt 0.1918995611058205 0.33333333333333326
vt 0.1918995611058205 0.6666666666666666
vt 0.18626325630707957 0.6666666666666666
vt 0.18626325630707957 0.6666666666666666
vt 0.1918995611058205 0.6666666666666666
vt 0.1918995611058205 1
vt 0.18626325630707957 1
vt 0.1918995611058205 0
vt 0.19859602773556873 0
vt 0.19859602773556873 0.33333333333333326
vt 0.1918995611058205 0.33333333333333326
vt 0.1918995611058205 0.33333333333333326
vt 0.19859602773556873 0.33333333333333326
vt 0.19859602773556873 0.6666666666666666
vt 0.1918995611058205 0.6666666666666666
vt 0.1918995611058205 0.6666666666666666
vt 0.19859602773556873 0.6666666666666666
vt 0.19859602773556873 1
vt 0.1918995611058205 1
vt 0.19859602773556873 0
vt 0.20520555170552768 0
vt 0.20520555170552768 0.33333333333333326
vt 0.19859602773556873 0.33333333333333326
vt 0.19859602773556873 0.33333333333333326
vt 0.20520555170552768 0.33333333333333326
vt 0.20520555170552768 0.6666666666666666
vt 0.19859602773556873 0.6666666666666666
vt 0.19859602773556873 0.6666666666666666
vt 0.20520555170552768 0.6666666666666666
vt 0.20520555170552768 1
vt 0.19859602773556873 1
vt 0.20520555170552768 0
vt 0.21059966509795902 0
vt 0.21059966509795902 0.33333333333333326
vt 0.20520555170552768 0.33333333333333326
vt 0.20520555170552768 0.33333333333333326
vt 0.21059966509795902 0.33333333333333326
vt 0.21059966509795902 0.6666666666666666
vt 0.20520555170552768 0.6666666666666666
vt 0.20520555170552768 0.6666666666666666
vt 0.21059966509795902 0.6666666666666666
vt 0.21059966509795902 1
vt 0.20520555170552768 1
vt 0.21059966509795902 0
vt 0.21520339103375208 0
vt 0.21520339103375208 0.33333333333333326
vt 0.21059966509795902 0.33333333333333326
vt 0.21059966509795902 0.33333333333333326
vt 0.21520339103375208 0.33333333333333326
vt 0.21520339103375208 0.6666666666666666
vt 0.21059966509795902 0.6666666666666666
vt 0.21059966509795902 0.6666666666666666
vt 0.21520339103375208 0.6666666666666666
vt 0.21520339103375208 1
vt 0.21059966509795902 1
vt 0.21520339103375208 0
vt 0.2194826353892208 0
vt 0.2194826353892208 0.33333333333333326
vt 0.21520339103375208 0.33333333333333326
vt 0.21520339103375208 0.33333333333333326
vt 0.2194826353892208 0.33333333333333326
vt 0.2194826353892208 0.6666666666666666
vt 0.21520339103375208 0.6666666666666666
vt 0.21520339103375208 0.6666666666666666
vt 0.2194826353892208 0.6666666666666666
vt 0.2194826353892208 1
vt 0.21520339103375208 1
vt 0.2194826353892208 0
vt 0.22397079673338136 0
vt 0.22397079673338136 0.33333333333333326
vt 0.2194826353892208 0.33333333333333326
vt 0.2194826353892208 0.33333333333333326
vt 0.22397079673338136 0.33333333333333326
vt 0.22397079673338136 0.6666666666666666
vt 0.2194826353892208 0.6666666666666666
vt 0.2194826353892208 0.6666666666666666
vt 0.22397079673338136 0.6666666666666666
vt 0.22397079673338136 1
vt 0.2194826353892208 1
vt 0.22397079673338136 0
vt 0.2292381560617676 0
vt 0.2292381560617676 0.33333333333333326
vt 0.22397079673338136 0.33333333333333326
vt 0.22397079673338136 0.33333333333333326
vt 0.2292381560617676 0.33333333333333326
vt 0.2292381560617676 0.6666666666666666
vt 0.22397079673338136 0.6666666666666666
vt 0.22397079673338136 0.6666666666666666
vt 0.2292381560617676 0.6666666666666666
vt 0.2292381560617676 1
vt 0.22397079673338136 1
vt 0.2292381560617676 0
vt 0.2358361685146631 0
vt 0.2358361685146631 0.33333333333333326
vt 0.2292381560617676 0.33333333333333326
vt 0.2292381560617676 0.33333333333333326
vt 0.2358361685146631 0.33333333333333326
vt 0.2358361685146631 0.6666666666666666
vt 0.2292381560617676 0.6666666666666666
vt 0.2292381560617676 0.6666666666666666
vt 0.2358361685146631 0.6666666666666666
vt 0.2358361685146631 1
vt 0.2292381560617676 1
vt 0.2358361685146631 0
vt 0.24427942928491406 0
vt 0.24427942928491406 0.33333333333333326
vt 0.2358361685146631 0.33333333333333326
vt 0.2358361685146631 0.33333333333333326
vt 0.24427942928491406 0.33333333333333326
vt 0.24427942928491406 0.6666666666666666
vt 0.2358361685146631 0.6666666666666666
vt 0.2358361685146631 0.6666666666666666
vt 0.24427942928491406 0.6666666666666666
vt 0.24427942928491406 1
vt 0.2358361685146631 1
vt 0.24427942928491406 0
vt 0.24930762344747678 0
vt 0.24930762344747678 0.33333333333333326
vt 0.24427942928491406 0.33333333333333326
vt 0.24427942928491406 0.33333333333333326
vt 0.24930762344747678 0.33333333333333326
vt 0.24930762344747678 0.6666666666666666
vt 0.24427942928491406 0.6666666666666666
vt 0.24427942928491406 0.6666666666666666
vt 0.24930762344747678 0.6666666666666666
vt 0.24930762344747678 1
vt 0.24427942928491406 1
vt 0.24930762344747678 0
vt 0.2534423817300285 0
vt 0.2534423817300285 0.33333333333333326
vt 0.24930762344747678 0.33333333333333326
vt 0.24930762344747678 0.33333333333333326
vt 0.2534423817300285 0.33333333333333326
vt 0.2534423817300285 0.6666666666666666
vt 0.24930762344747678 0.6666666666666666
vt 0.24930762344747678 0.6666666666666666
vt 0.2534423817300285 0.6666666666666666
vt 0.2534423817300285 1
vt 0.24930762344747678 1
vt 0.2534423817300285 0
vt 0.25699131502053574 0
vt 0.25699131502053574 0.33333333333333326
vt 0.2534423817300285 0.33333333333333326
vt 0.2534423817300285 0.33333333333333326
vt 0.25699131502053574 0.33333333333333326
vt 0.25699131502053574 0.6666666666666666
vt 0.2534423817300285 0.6666666666666666
vt 0.2534423817300285 0.6666666666666666
vt 0.25699131502053574 0.6666666666666666
vt 0.25699131502053574 1
vt 0.2534423817300285 1
vt 0.25699131502053574 0
vt 0.26030348584940033 0
vt 0.26030348584940033 0.33333333333333326
vt 0.25699131502053574 0.33333333333333326
vt 0.25699131502053574 0.33333333333333326
vt 0.26030348584940033 0.33333333333333326
vt 0.26030348584940033 0.6666666666666666
vt 0.25699131502053574 0.6666666666666666
vt 0.25699131502053574 0.6666666666666666
vt 0.26030348584940033 0.6666666666666666
vt 0.26030348584940033 1
vt 0.25699131502053574 1
vt 0.26030348584940033 0
vt 0.2637780730351311 0
vt 0.2637780730351311 0.33333333333333326
vt 0.26030348584940033 0.33333333333333326
vt 0.26030348584940033 0.33333333333333326
vt 0.2637780730351311 0.33333333333333326
vt 0.2637780730351311 0.6666666666666666
vt 0.26030348584940033 0.6666666666666666
vt 0.26030348584940033 0.6666666666666666
vt 0.2637780730351311 0.6666666666666666
vt 0.2637780730351311 1
vt 0.26030348584940033 1
vt 0.2637780730351311 0
vt 0.2678289872314449 0
vt 0.2678289872314449 0.33333333333333326
vt 0.2637780730351311 0.33333333333333326
vt 0.2637780730351311 0.33333333333333326
vt 0.2678289872314449 0.33333333333333326
vt 0.2678289872314449 0.6666666666666666
vt 0.2637780730351311 0.6666666666666666
vt 0.2637780730351311 0.6666666666666666
vt 0.2678289872314449 0.6666666666666666
vt 0.2678289872314449 1
vt 0.2637780730351311 1
vt 0.2678289872314449 0
vt 0.272843796556397 0
vt 0.272843796556397 0.33333333333333326
vt 0.2678289872314449 0.33333333333333326
vt 0.2678289872314449 0.33333333333333326
vt 0.272843796556397 0.33333333333333326
vt 0.272843796556397 0.6666666666666666
vt 0.2678289872314449 0.6666666666666666
vt 0.2678289872314449 0.6666666666666666
vt 0.272843796556397 0.6666666666666666
vt 0.272843796556397 1
vt 0.2678289872314449 1
vt 0.272843796556397 0
vt 0.2791772486312277 0
vt 0.2791772486312277 0.33333333333333326
vt 0.272843796556397 0.33333333333333326
vt 0.272843796556397 0.33333333333333326
vt 0.2791772486312277 0.33333333333333326
vt 0.2791772486312277 0.6666666666666666
vt 0.272843796556397 0.6666666666666666
vt 0.272843796556397 0.6666666666666666
vt 0.2791772486312277 0.6666666666666666
vt 0.2791772486312277 1
vt 0.272843796556397 1
vt 0.2791772486312277 0
vt 0.28582079888998074 0
vt 0.28582079888998074 0.33333333333333326
vt 0.2791772486312277 0.33333333333333326
vt 0.2791772486312277 0.33333333333333326
vt 0.28582079888998074 0.33333333333333326
vt 0.28582079888998074 0.6666666666666666
vt 0.2791772486312277 0.6666666666666666
vt 0.2791772486312277 0.6666666666666666
vt 0.28582079888998074 0.6666666666666666
vt 0.28582079888998074 1
vt 0.2791772486312277 1
vt 0.28582079888998074 0
vt 0.29166550835331817 0
vt 0.29166550835331817 0.33333333333333326
vt 0.28582079888998074 0.33333333333333326
vt 0.28582079888998074 0.33333333333333326
vt 0.29166550835331817 0.33333333333333326
vt 0.29166550835331817 0.6666666666666666
vt 0.28582079888998074 0.6666666666666666
vt 0.28582079888998074 0.6666666666666666
vt 0.29166550835331817 0.6666666666666666
vt 0.29166550835331817 1
vt 0.28582079888998074 1
vt 0.29166550835331817 0
vt 0.29689815328427266 0
vt 0.29689815328427266 0.33333333333333326
vt 0.29166550835331817 0.33333333333333326
vt 0.29166550835331817 0.33333333333333326
vt 0.29689815328427266 0.33333333333333326
vt 0.29689815328427266 0.6666666666666666
vt 0.29166550835331817 0.6666666666666666
vt 0.29166550835331817 0.6666666666666666
vt 0.29689815328427266 0.6666666666666666
vt 0.29689815328427266 1
vt 0.29166550835331817 1
vt 0.29689815328427266 0
vt 0.3017280244364956 0
vt 0.3017280244364956 0.33333333333333326
vt 0.29689815328427266 0.33333333333333326
vt 0.29689815328427266 0.33333333333333326
vt 0.3017280244364956 0.33333333333333326
vt 0.3017280244364956 0.6666666666666666
vt 0.29689815328427266 0.6666666666666666
vt 0.29689815328427266 0.6666666666666666
vt 0.3017280244364956 0.6666666666666666
vt 0.3017280244364956 1
vt 0.29689815328427266 1
vt 0.3017280244364956 0
vt 0.3064203757953613 0
vt 0.3064203757953613 0.33333333333333326
vt 0.3017280244364956 0.33333333333333326
vt 0.3017280244364956 0.33333333333333326
vt 0.3064203757953613 0.33333333333333326
vt 0.3064203757953613 0.6666666666666666
vt 0.3017280244364956 0.6666666666666666
vt 0.3017280244364956 0.6666666666666666
vt 0.3064203757953613 0.6666666666666666
vt 0.3064203757953613 1
vt 0.3017280244364956 1
vt 0.3064203757953613 0
vt 0.3113146172202783 0
vt 0.3113146172202783 0.33333333333333326
vt 0.3064203757953613 0.33333333333333326
vt 0.3064203757953613 0.33333333333333326
vt 0.3113146172202783 0.33333333333333326
vt 0.3113146172202783 0.6666666666666666
vt 0.3064203757953613 0.6666666666666666
vt 0.3064203757953613 0.6666666666666666
vt 0.3113146172202783 0.6666666666666666
vt 0.3113146172202783 1
vt 0.3064203757953613 1
vt 0.3113146172202783 0
vt 0.3168028501044355 0
vt 0.3168028501044355 0.33333333333333326
vt 0.3113146172202783 0.33333333333333326
vt 0.3113146172202783 0.33333333333333326
vt 0.3168028501044355 0.33333333333333326
vt 0.3168028501044355 0.6666666666666666
vt 0.3113146172202783 0.6666666666666666
vt 0.3113146172202783 0.6666666666666666
vt 0.3168028501044355 0.6666666666666666
vt 0.3168028501044355 1
vt 0.3113146172202783 1
vt 0.3168028501044355 0
vt 0.32328292870646913 0
vt 0.32328292870646913 0.33333333333333326
vt 0.3168028501044355 0.33333333333333326
vt 0.3168028501044355 0.33333333333333326
vt 0.32328292870646913 0.33333333333333326
vt 0.32328292870646913 0.6666666666666666
vt 0.3168028501044355 0.6666666666666666
vt 0.3168028501044355 0.6666666666666666
vt 0.32328292870646913 0.6666666666666666
vt 0.32328292870646913 1
vt 0.3168028501044355 1
vt 0.32328292870646913 0
vt 0.3297359633716539 0
vt 0.3297359633716539 0.33333333333333326
vt 0.32328292870646913 0.33333333333333326
vt 0.32328292870646913 0.33333333333333326
vt 0.3297359633716539 0.33333333333333326
vt 0.3297359633716539 0.6666666666666666
vt 0.32328292870646913 0.6666666666666666
vt 0.32328292870646913 0.6666666666666666
vt 0.3297359633716539 0.6666666666666666
vt 0.3297359633716539 1
vt 0.32328292870646913 1
vt 0.3297359633716539 0
vt 0.33513558489283024 0
vt 0.33513558489283024 0.33333333333333326
vt 0.3297359633716539 0.33333333333333326
vt 0.3297359633716539 0.33333333333333326
vt 0.33513558489283024 0.33333333333333326
vt 0.33513558489283024 0.6666666666666666
vt 0.3297359633716539 0.6666666666666666
vt 0.3297359633716539 0.6666666666666666
vt 0.33513558489283024 0.6666666666666666
vt 0.33513558489283024 1
vt 0.3297359633716539 1
vt 0.33513558489283024 0
vt 0.3398225176846979 0
vt 0.3398225176846979 0.33333333333333326
vt 0.33513558489283024 0.33333333333333326
vt 0.33513558489283024 0.33333333333333326
vt 0.3398225176846979 0.33333333333333326
vt 0.3398225176846979 0.6666666666666666
vt 0.33513558489283024 0.6666666666666666
vt 0.33513558489283024 0.6666666666666666
vt 0.3398225176846979 0.6666666666666666
vt 0.3398225176846979 1
vt 0.33513558489283024 1
vt 0.3398225176846979 0
vt 0.34410440515902935 0
vt 0.34410440515902935 0.33333333333333326
vt 0.3398225176846979 0.33333333333333326
vt 0.3398225176846979 0.33333333333333326
vt 0.34410440515902935 0.33333333333333326
vt 0.34410440515902935 0.6666666666666666
vt 0.3398225176846979 0.6666666666666666
vt 0.3398225176846979 0.6666666666666666
vt 0.34410440515902935 0.6666666666666666
vt 0.34410440515902935 1
vt 0.3398225176846979 1
vt 0.34410440515902935 0
vt 0.3482923871653493 0
vt 0.3482923871653493 0.33333333333333326
vt 0.34410440515902935 0.33333333333333326
vt 0.34410440515902935 0.33333333333333326
vt 0.3482923871653493 0.33333333333333326
vt 0.3482923871653493 0.6666666666666666
vt 0.34410440515902935 0.6666666666666666
vt 0.34410440515902935 0.6666666666666666
vt 0.3482923871653493 0.6666666666666666
vt 0.3482923871653493 1
vt 0.34410440515902935 1
vt 0.3482923871653493 0
vt 0.3527517421055961 0
vt 0.3527517421055961 0.33333333333333326
vt 0.3482923871653493 0.33333333333333326
vt 0.3482923871653493 0.33333333333333326
vt 0.3527517421055961 0.33333333333333326
vt 0.3527517421055961 0.6666666666666666
vt 0.3482923871653493 0.6666666666666666
vt 0.3482923871653493 0.6666666666666666
vt 0.3527517421055961 0.6666666666666666
vt 0.3527517421055961 1
vt 0.3482923871653493 1
vt 0.3527517421055961 0
vt 0.35791915157125787 0
vt 0.35791915157125787 0.33333333333333326
vt 0.3527517421055961 0.33333333333333326
vt 0.3527517421055961 0.33333333333333326
vt 0.35791915157125787 0.33333333333333326
vt 0.35791915157125787 0.6666666666666666
vt 0.3527517421055961 0.6666666666666666
vt 0.3527517421055961 0.6666666666666666
vt 0.35791915157125787 0.6666666666666666
vt 0.35791915157125787 1
vt 0.3527517421055961 1
vt 0.35791915157125787 0
vt 0.36427041980932806 0
vt 0.36427041980932806 0.33333333333333326
vt 0.35791915157125787 0.33333333333333326
vt 0.35791915157125787 0.33333333333333326
vt 0.36427041980932806 0.33333333333333326
vt 0.36427041980932806 0.6666666666666666
vt 0.35791915157125787 0.6666666666666666
vt 0.35791915157125787 0.6666666666666666
vt 0.36427041980932806 0.6666666666666666
vt 0.36427041980932806 1
vt 0.35791915157125787 1
vt 0.36427041980932806 0
vt 0.3715677410795054 0
vt 0.3715677410795054 0.33333333333333326
vt 0.36427041980932806 0.33333333333333326
vt 0.36427041980932806 0.33333333333333326
vt 0.3715677410795054 0.33333333333333326
vt 0.3715677410795054 0.6666666666666666
vt 0.36427041980932806 0.6666666666666666
vt 0.36427041980932806 0.6666666666666666
vt 0.3715677410795054 0.6666666666666666
vt 0.3715677410795054 1
vt 0.36427041980932806 1
vt 0.3715677410795054 0
vt 0.3791534932144625 0
vt 0.3791534932144625 0.33333333333333326
vt 0.3715677410795054 0.33333333333333326
vt 0.3715677410795054 0.33333333333333326
vt 0.3791534932144625 0.33333333333333326
vt 0.3791534932144625 0.6666666666666666
vt 0.3715677410795054 0.6666666666666666
vt 0.3715677410795054 0.6666666666666666
vt 0.3791534932144625 0.6666666666666666
vt 0.3791534932144625 1
vt 0.3715677410795054 1
vt 0.3791534932144625 0
vt 0.3868889740171452 0
vt 0.3868889740171452 0.33333333333333326
vt 0.3791534932144625 0.33333333333333326
vt 0.3791534932144625 0.33333333333333326
vt 0.3868889740171452 0.33333333333333326
vt 0.3868889740171452 0.6666666666666666
vt 0.3791534932144625 0.6666666666666666
vt 0.3791534932144625 0.6666666666666666
vt 0.3868889740171452 0.6666666666666666
vt 0.3868889740171452 1
vt 0.3791534932144625 1
vt 0.3868889740171452 0
vt 0.3946462290674412 0
vt 0.3946462290674412 0.33333333333333326
vt 0.3868889740171452 0.33333333333333326
vt 0.3868889740171452 0.33333333333333326
vt 0.3946462290674412 0.33333333333333326
vt 0.3946462290674412 0.6666666666666666
vt 0.3868889740171452 0.6666666666666666
vt 0.3868889740171452 0.6666666666666666
vt 0.3946462290674412 0.6666666666666666
vt 0.3946462290674412 1
vt 0.3868889740171452 1
vt 0.3946462290674412 0
vt 0.4023165322120859 0
vt 0.4023165322120859 0.33333333333333326
vt 0.3946462290674412 0.33333333333333326
vt 0.3946462290674412 0.33333333333333326
vt 0.4023165322120859 0.33333333333333326
vt 0.4023165322120859 0.6666666666666666
vt 0.3946462290674412 0.6666666666666666
vt 0.3946462290674412 0.6666666666666666
vt 0.4023165322120859 0.6666666666666666
vt 0.4023165322120859 1
vt 0.3946462290674412 1
vt 0.4023165322120859 0
vt 0.40982166681728605 0
vt 0.40982166681728605 0.33333333333333326
vt 0.4023165322120859 0.33333333333333326
vt 0.4023165322120859 0.33333333333333326
vt 0.40982166681728605 0.33333333333333326
vt 0.40982166681728605 0.6666666666666666
vt 0.4023165322120859 0.6666666666666666
vt 0.4023165322120859 0.6666666666666666
vt 0.40982166681728605 0.6666666666666666
vt 0.40982166681728605 1
vt 0.4023165322120859 1
vt 0.40982166681728605 0
vt 0.4171295462817054 0
vt 0.4171295462817054 0.33333333333333326
vt 0.40982166681728605 0.33333333333333326
vt 0.40982166681728605 0.33333333333333326
vt 0.4171295462817054 0.33333333333333326
vt 0.4171295462817054 0.6666666666666666
vt 0.40982166681728605 0.6666666666666666
vt 0.40982166681728605 0.6666666666666666
vt 0.4171295462817054 0.6666666666666666
vt 0.4171295462817054 1
vt 0.40982166681728605 1
vt 0.4171295462817054 0
vt 0.42427469805686713 0
vt 0.42427469805686713 0.33333333333333326
vt 0.4171295462817054 0.33333333333333326
vt 0.4171295462817054 0.33333333333333326
vt 0.42427469805686713 0.33333333333333326
vt 0.42427469805686713 0.6666666666666666
vt 0.4171295462817054 0.6666666666666666
vt 0.4171295462817054 0.6666666666666666
vt 0.42427469805686713 0.6666666666666666
vt 0.42427469805686713 1
vt 0.4171295462817054 1
vt 0.42427469805686713 0
vt 0.4307091206301065 0
vt 0.4307091206301065 0.33333333333333326
vt 0.42427469805686713 0.33333333333333326
vt 0.42427469805686713 0.33333333333333326
vt 0.4307091206301065 0.33333333333333326
vt 0.4307091206301065 0.6666666666666666
vt 0.42427469805686713 0.6666666666666666
vt 0.42427469805686713 0.6666666666666666
vt 0.4307091206301065 0.6666666666666666
vt 0.4307091206301065 1
vt 0.42427469805686713 1
vt 0.4307091206301065 0
vt 0.43596201409040414 0
vt 0.43596201409040414 0.33333333333333326
vt 0.4307091206301065 0.33333333333333326
vt 0.4307091206301065 0.33333333333333326
vt 0.43596201409040414 0.33333333333333326
vt 0.43596201409040414 0.6666666666666666
vt 0.4307091206301065 0.6666666666666666
vt 0.4307091206301065 0.6666666666666666
vt 0.43596201409040414 0.6666666666666666
vt 0.43596201409040414 1
vt 0.4307091206301065 1
vt 0.43596201409040414 0
vt 0.4403041274915645 0
vt 0.4403041274915645 0.33333333333333326
vt 0.43596201409040414 0.33333333333333326
vt 0.43596201409040414 0.33333333333333326
vt 0.4403041274915645 0.33333333333333326
vt 0.4403041274915645 0.6666666666666666
vt 0.43596201409040414 0.6666666666666666
vt 0.43596201409040414 0.6666666666666666
vt 0.4403041274915645 0.6666666666666666
vt 0.4403041274915645 1
vt 0.43596201409040414 1
vt 0.4403041274915645 0
vt 0.4440884402213359 0
vt 0.4440884402213359 0.33333333333333326
vt 0.4403041274915645 0.33333333333333326
vt 0.4403041274915645 0.33333333333333326
vt 0.4440884402213359 0.33333333333333326
vt 0.4440884402213359 0.6666666666666666
vt 0.4403041274915645 0.6666666666666666
vt 0.4403041274915645 0.6666666666666666
vt 0.4440884402213359 0.6666666666666666
vt 0.4440884402213359 1
vt 0.4403041274915645 1
vt 0.4440884402213359 0
vt 0.44778764302700963 0
vt 0.44778764302700963 0.33333333333333326
vt 0.4440884402213359 0.33333333333333326
vt 0.4440884402213359 0.33333333333333326
vt 0.44778764302700963 0.33333333333333326
vt 0.44778764302700963 0.6666666666666666
vt 0.4440884402213359 0.6666666666666666
vt 0.4440884402213359 0.6666666666666666
vt 0.44778764302700963 0.6666666666666666
vt 0.44778764302700963 1
vt 0.4440884402213359 1
vt 0.44778764302700963 0
vt 0.45193337719970045 0
vt 0.45193337719970045 0.33333333333333326
vt 0.44778764302700963 0.33333333333333326
vt 0.44778764302700963 0.33333333333333326
vt 0.45193337719970045 0.33333333333333326
vt 0.45193337719970045 0.6666666666666666
vt 0.44778764302700963 0.6666666666666666
vt 0.44778764302700963 0.6666666666666666
vt 0.45193337719970045 0.6666666666666666
vt 0.45193337719970045 1
vt 0.44778764302700963 1
vt 0.45193337719970045 0
vt 0.45699577972297817 0
vt 0.45699577972297817 0.33333333333333326
vt 0.45193337719970045 0.33333333333333326
vt 0.45193337719970045 0.33333333333333326
vt 0.45699577972297817 0.33333333333333326
vt 0.45699577972297817 0.6666666666666666
vt 0.45193337719970045 0.6666666666666666
vt 0.45193337719970045 0.6666666666666666
vt 0.45699577972297817 0.6666666666666666
vt 0.45699577972297817 1
vt 0.45193337719970045 1
vt 0.45699577972297817 0
vt 0.4633486001054787 0
vt 0.4633486001054787 0.33333333333333326
vt 0.45699577972297817 0.33333333333333326
vt 0.45699577972297817 0.33333333333333326
vt 0.4633486001054787 0.33333333333333326
vt 0.4633486001054787 0.6666666666666666
vt 0.45699577972297817 0.6666666666666666
vt 0.45699577972297817 0.6666666666666666
vt 0.4633486001054787 0.6666666666666666
vt 0.4633486001054787 1
vt 0.45699577972297817 1
vt 0.4633486001054787 0
vt 0.47589765730101713 0
vt 0.47589765730101713 0.33333333333333326
vt 0.4633486001054787 0.33333333333333326
vt 0.4633486001054787 0.33333333333333326
vt 0.47589765730101713 0.33333333333333326
vt 0.47589765730101713 0.6666666666666666
vt 0.4633486001054787 0.6666666666666666
vt 0.4633486001054787 0.6666666666666666
vt 0.47589765730101713 0.6666666666666666
vt 0.47589765730101713 1
vt 0.4633486001054787 1
vt 0.47589765730101713 0
vt 0.4859642237284129 0
vt 0.4859642237284129 0.33333333333333326
vt 0.47589765730101713 0.33333333333333326
vt 0.47589765730101713 0.33333333333333326
vt 0.4859642237284129 0.33333333333333326
vt 0.4859642237284129 0.6666666666666666
vt 0.47589765730101713 0.6666666666666666
vt 0.47589765730101713 0.6666666666666666
vt 0.4859642237284129 0.6666666666666666
vt 0.4859642237284129 1
vt 0.47589765730101713 1
vt 0.4859642237284129 0
vt 0.49404376061672933 0
vt 0.49404376061672933 0.33333333333333326
vt 0.4859642237284129 0.33333333333333326
vt 0.4859642237284129 0.33333333333333326
vt 0.49404376061672933 0.33333333333333326
vt 0.49404376061672933 0.6666666666666666
vt 0.4859642237284129 0.6666666666666666
vt 0.4859642237284129 0.6666666666666666
vt 0.49404376061672933 0.6666666666666666
vt 0.49404376061672933 1
vt 0.4859642237284129 1
vt 0.49404376061672933 0
vt 0.500646284479674 0
vt 0.500646284479674 0.33333333333333326
vt 0.49404376061672933 0.33333333333333326
vt 0.49404376061672933 0.33333333333333326
vt 0.500646284479674 0.33333333333333326
vt 0.500646284479674 0.6666666666666666
vt 0.49404376061672933 0.6666666666666666
vt 0.49404376061672933 0.6666666666666666
vt 0.500646284479674 0.6666666666666666
vt 0.500646284479674 1
vt 0.49404376061672933 1
vt 0.500646284479674 0
vt 0.5063163316630445 0
vt 0.5063163316630445 0.33333333333333326
vt 0.500646284479674 0.33333333333333326
vt 0.500646284479674 0.33333333333333326
vt 0.5063163316630445 0.33333333333333326
vt 0.5063163316630445 0.6666666666666666
vt 0.500646284479674 0.6666666666666666
vt 0.500646284479674 0.6666666666666666
vt 0.5063163316630445 0.6666666666666666
vt 0.5063163316630445 1
vt 0.500646284479674 1
vt 0.5063163316630445 0
vt 0.511645793484692 0
vt 0.511645793484692 0.33333333333333326
vt 0.5063163316630445 0.33333333333333326
vt 0.5063163316630445 0.33333333333333326
vt 0.511645793484692 0.33333333333333326
vt 0.511645793484692 0.6666666666666666
vt 0.5063163316630445 0.6666666666666666
vt 0.5063163316630445 0.6666666666666666
vt 0.511645793484692 0.6666666666666666
vt 0.511645793484692 1
vt 0.5063163316630445 1
vt 0.511645793484692 0
vt 0.5172489941344899 0
vt 0.5172489941344899 0.33333333333333326
vt 0.511645793484692 0.33333333333333326
vt 0.511645793484692 0.33333333333333326
vt 0.5172489941344899 0.33333333333333326
vt 0.5172489941344899 0.6666666666666666
vt 0.511645793484692 0.6666666666666666
vt 0.511645793484692 0.6666666666666666
vt 0.5172489941344899 0.6666666666666666
vt 0.5172489941344899 1
vt 0.511645793484692 1
vt 0.5172489941344899 0
vt 0.5237107519965475 0
vt 0.5237107519965475 0.33333333333333326
vt 0.5172489941344899 0.33333333333333326
vt 0.5172489941344899 0.33333333333333326
vt 0.5237107519965475 0.33333333333333326
vt 0.5237107519965475 0.6666666666666666
vt 0.5172489941344899 0.6666666666666666
vt 0.5172489941344899 0.6666666666666666
vt 0.5237107519965475 0.6666666666666666
vt 0.5237107519965475 1
vt 0.5172489941344899 1
vt 0.5237107519965475 0
vt 0.5304434717174389 0
vt 0.5304434717174389 0.33333333333333326
vt 0.5237107519965475 0.33333333333333326
vt 0.5237107519965475 0.33333333333333326
vt 0.5304434717174389 0.33333333333333326
vt 0.5304434717174389 0.6666666666666666
vt 0.5237107519965475 0.6666666666666666
vt 0.5237107519965475 0.6666666666666666
vt 0.5304434717174389 0.6666666666666666
vt 0.5304434717174389 1
vt 0.5237107519965475 1
vt 0.5304434717174389 0
vt 0.5367395008745077 0
vt 0.5367395008745077 0.33333333333333326
vt 0.5304434717174389 0.33333333333333326
vt 0.5304434717174389 0.33333333333333326
vt 0.5367395008745077 0.33333333333333326
vt 0.5367395008745077 0.6666666666666666
vt 0.5304434717174389 0.6666666666666666
vt 0.5304434717174389 0.6666666666666666
vt 0.5367395008745077 0.6666666666666666
vt 0.5367395008745077 1
vt 0.5304434717174389 1
vt 0.5367395008745077 0
vt 0.542848629954043 0
vt 0.542848629954043 0.33333333333333326
vt 0.5367395008745077 0.33333333333333326
vt 0.5367395008745077 0.33333333333333326
vt 0.542848629954043 0.33333333333333326
vt 0.542848629954043 0.6666666666666666
vt 0.5367395008745077 0.6666666666666666
vt 0.5367395008745077 0.6666666666666666
vt 0.542848629954043 0.6666666666666666
vt 0.542848629954043 1
vt 0.5367395008745077 1
vt 0.542848629954043 0
vt 0.5488461226469713 0
vt 0.5488461226469713 0.33333333333333326
vt 0.542848629954043 0.33333333333333326
vt 0.542848629954043 0.33333333333333326
vt 0.5488461226469713 0.33333333333333326
vt 0.5488461226469713 0.6666666666666666
vt 0.542848629954043 0.6666666666666666
vt 0.542848629954043 0.6666666666666666
vt 0.5488461226469713 0.6666666666666666
vt 0.5488461226469713 1
vt 0.542848629954043 1
vt 0.5488461226469713 0
vt 0.5547315570101682 0
vt 0.5547315570101682 0.33333333333333326
vt 0.5488461226469713 0.33333333333333326
vt 0.5488461226469713 0.33333333333333326
vt 0.5547315570101682 0.33333333333333326
vt 0.5547315570101682 0.6666666666666666
vt 0.5488461226469713 0.6666666666666666
vt 0.5488461226469713 0.6666666666666666
vt 0.5547315570101682 0.6666666666666666
vt 0.5547315570101682 1
vt 0.5488461226469713 1
vt 0.5547315570101682 0
vt 0.5605484876794498 0
vt 0.5605484876794498 0.33333333333333326
vt 0.5547315570101682 0.33333333333333326
vt 0.5547315570101682 0.33333333333333326
vt 0.5605484876794498 0.33333333333333326
vt 0.5605484876794498 0.6666666666666666
vt 0.5547315570101682 0.6666666666666666
vt 0.5547315570101682 0.6666666666666666
vt 0.5605484876794498 0.6666666666666666
vt 0.5605484876794498 1
vt 0.5547315570101682 1
vt 0.5605484876794498 0
vt 0.566509352904648 0
vt 0.566509352904648 0.33333333333333326
vt 0.5605484876794498 0.33333333333333326
vt 0.5605484876794498 0.33333333333333326
vt 0.566509352904648 0.33333333333333326
vt 0.566509352904648 0.6666666666666666
vt 0.5605484876794498 0.6666666666666666
vt 0.5605484876794498 0.6666666666666666
vt 0.566509352904648 0.6666666666666666
vt 0.566509352904648 1
vt 0.5605484876794498 1
vt 0.566509352904648 0
vt 0.5730780657610121 0
vt 0.5730780657610121 0.33333333333333326
vt 0.566509352904648 0.33333333333333326
vt 0.566509352904648 0.33333333333333326
vt 0.5730780657610121 0.33333333333333326
vt 0.5730780657610121 0.6666666666666666
vt 0.566509352904648 0.6666666666666666
vt 0.566509352904648 0.6666666666666666
vt 0.5730780657610121 0.6666666666666666
vt 0.5730780657610121 1
vt 0.566509352904648 1
vt 0.5730780657610121 0
vt 0.5793150265936102 0
vt 0.5793150265936102 0.33333333333333326
vt 0.5730780657610121 0.33333333333333326
vt 0.5730780657610121 0.33333333333333326
vt 0.5793150265936102 0.33333333333333326
vt 0.5793150265936102 0.6666666666666666
vt 0.5730780657610121 0.6666666666666666
vt 0.5730780657610121 0.6666666666666666
vt 0.5793150265936102 0.6666666666666666
vt 0.5793150265936102 1
vt 0.5730780657610121 1
vt 0.5793150265936102 0
vt 0.5841711703765137 0
vt 0.5841711703765137 0.33333333333333326
vt 0.5793150265936102 0.33333333333333326
vt 0.5793150265936102 0.33333333333333326
vt 0.5841711703765137 0.33333333333333326
vt 0.5841711703765137 0.6666666666666666
vt 0.5793150265936102 0.6666666666666666
vt 0.5793150265936102 0.6666666666666666
vt 0.5841711703765137 0.6666666666666666
vt 0.5841711703765137 1
vt 0.5793150265936102 1
vt 0.5841711703765137 0
vt 0.588196435673127 0
vt 0.588196435673127 0.33333333333333326
vt 0.5841711703765137 0.33333333333333326
vt 0.5841711703765137 0.33333333333333326
vt 0.588196435673127 0.33333333333333326
vt 0.588196435673127 0.6666666666666666
vt 0.5841711703765137 0.6666666666666666
vt 0.5841711703765137 0.6666666666666666
vt 0.588196435673127 0.6666666666666666
vt 0.588196435673127 1
vt 0.5841711703765137 1
vt 0.588196435673127 0
vt 0.5919263605194935 0
vt 0.5919263605194935 0.33333333333333326
vt 0.588196435673127 0.33333333333333326
vt 0.588196435673127 0.33333333333333326
vt 0.5919263605194935 0.33333333333333326
vt 0.5919263605194935 0.6666666666666666
vt 0.588196435673127 0.6666666666666666
vt 0.588196435673127 0.6666666666666666
vt 0.5919263605194935 0.6666666666666666
vt 0.5919263605194935 1
vt 0.588196435673127 1
vt 0.5919263605194935 0
vt 0.5958077839071495 0
vt 0.5958077839071495 0.33333333333333326
vt 0.5919263605194935 0.33333333333333326
vt 0.5919263605194935 0.33333333333333326
vt 0.5958077839071495 0.33333333333333326
vt 0.5958077839071495 0.6666666666666666
vt 0.5919263605194935 0.6666666666666666
vt 0.5919263605194935 0.6666666666666666
vt 0.5958077839071495 0.6666666666666666
vt 0.5958077839071495 1
vt 0.5919263605194935 1
vt 0.5958077839071495 0
vt 0.6001918994716833 0
vt 0.6001918994716833 0.33333333333333326
vt 0.5958077839071495 0.33333333333333326
vt 0.5958077839071495 0.33333333333333326
vt 0.6001918994716833 0.33333333333333326
vt 0.6001918994716833 0.6666666666666666
vt 0.5958077839071495 0.6666666666666666
vt 0.5958077839071495 0.6666666666666666
vt 0.6001918994716833 0.6666666666666666
vt 0.6001918994716833 1
vt 0.5958077839071495 1
vt 0.6001918994716833 0
vt 0.6054014669939026 0
vt 0.6054014669939026 0.33333333333333326
vt 0.6001918994716833 0.33333333333333326
vt 0.6001918994716833 0.33333333333333326
vt 0.6054014669939026 0.33333333333333326
vt 0.6054014669939026 0.6666666666666666
vt 0.6001918994716833 0.6666666666666666
vt 0.6001918994716833 0.6666666666666666
vt 0.6054014669939026 0.6666666666666666
vt 0.6054014669939026 1
vt 0.6001918994716833 1
vt 0.6054014669939026 0
vt 0.6117880791681143 0
vt 0.6117880791681143 0.33333333333333326
vt 0.6054014669939026 0.33333333333333326
vt 0.6054014669939026 0.33333333333333326
vt 0.6117880791681143 0.33333333333333326
vt 0.6117880791681143 0.6666666666666666
vt 0.6054014669939026 0.6666666666666666
vt 0.6054014669939026 0.6666666666666666
vt 0.6117880791681143 0.6666666666666666
vt 0.6117880791681143 1
vt 0.6054014669939026 1
vt 0.6117880791681143 0
vt 0.6150111527258085 0
vt 0.6150111527258085 0.33333333333333326
vt 0.6117880791681143 0.33333333333333326
vt 0.6117880791681143 0.33333333333333326
vt 0.6150111527258085 0.33333333333333326
vt 0.6150111527258085 0.6666666666666666
vt 0.6117880791681143 0.6666666666666666
vt 0.6117880791681143 0.6666666666666666
vt 0.6150111527258085 0.6666666666666666
vt 0.6150111527258085 1
vt 0.6117880791681143 1
vt 0.6150111527258085 0
vt 0.6180681023000976 0
vt 0.6180681023000976 0.33333333333333326
vt 0.6150111527258085 0.33333333333333326
vt 0.6150111527258085 0.33333333333333326
vt 0.6180681023000976 0.33333333333333326
vt 0.6180681023000976 0.6666666666666666
vt 0.6150111527258085 0.6666666666666666
vt 0.6150111527258085 0.6666666666666666
vt 0.6180681023000976 0.6666666666666666
vt 0.6180681023000976 1
vt 0.6150111527258085 1
vt 0.6180681023000976 0
vt 0.6209188461143622 0
vt 0.6209188461143622 0.33333333333333326
vt 0.6180681023000976 0.33333333333333326
vt 0.6180681023000976 0.33333333333333326
vt 0.6209188461143622 0.33333333333333326
vt 0.6209188461143622 0.6666666666666666
vt 0.6180681023000976 0.6666666666666666
vt 0.6180681023000976 0.6666666666666666
vt 0.6209188461143622 0.6666666666666666
vt 0.6209188461143622 1
vt 0.6180681023000976 1
vt 0.6209188461143622 0
vt 0.6235330050145885 0
vt 0.6235330050145885 0.33333333333333326
vt 0.6209188461143622 0.33333333333333326
vt 0.6209188461143622 0.33333333333333326
vt 0.6235330050145885 0.33333333333333326
vt 0.6235330050145885 0.6666666666666666
vt 0.6209188461143622 0.6666666666666666
vt 0.6209188461143622 0.6666666666666666
vt 0.6235330050145885 0.6666666666666666
vt 0.6235330050145885 1
vt 0.6209188461143622 1
vt 0.6235330050145885 0
vt 0.625903767158346 0
vt 0.625903767158346 0.33333333333333326
vt 0.6235330050145885 0.33333333333333326
vt 0.6235330050145885 0.33333333333333326
vt 0.625903767158346 0.33333333333333326
vt 0.625903767158346 0.6666666666666666
vt 0.6235330050145885 0.6666666666666666
vt 0.6235330050145885 0.6666666666666666
vt 0.625903767158346 0.6666666666666666
vt 0.625903767158346 1
vt 0.6235330050145885 1
vt 0.625903767158346 0
vt 0.628070608352411 0
vt 0.628070608352411 0.33333333333333326
vt 0.625903767158346 0.33333333333333326
vt 0.625903767158346 0.33333333333333326
vt 0.628070608352411 0.33333333333333326
vt 0.628070608352411 0.6666666666666666
vt 0.625903767158346 0.6666666666666666
vt 0.625903767158346 0.6666666666666666
vt 0.628070608352411 0.6666666666666666
vt 0.628070608352411 1
vt 0.625903767158346 1
vt 0.628070608352411 0
vt 0.6301491605316902 0
vt 0.6301491605316902 0.33333333333333326
vt 0.628070608352411 0.33333333333333326
vt 0.628070608352411 0.33333333333333326
vt 0.6301491605316902 0.33333333333333326
vt 0.6301491605316902 0.6666666666666666
vt 0.628070608352411 0.6666666666666666
vt 0.628070608352411 0.6666666666666666
vt 0.6301491605316902 0.6666666666666666
vt 0.6301491605316902 1
vt 0.628070608352411 1
vt 0.6301491605316902 0
vt 0.6323429303797137 0
vt 0.6323429303797137 0.33333333333333326
vt 0.6301491605316902 0.33333333333333326
vt 0.6301491605316902 0.33333333333333326
vt 0.6323429303797137 0.33333333333333326
vt 0.6323429303797137 0.6666666666666666
vt 0.6301491605316902 0.6666666666666666
vt 0.6301491605316902 0.6666666666666666
vt 0.6323429303797137 0.6666666666666666
vt 0.6323429303797137 1
vt 0.6301491605316902 1
vt 0.6323429303797137 0
vt 0.6359314114102526 0
vt 0.6359314114102526 0.33333333333333326
vt 0.6323429303797137 0.33333333333333326
vt 0.6323429303797137 0.33333333333333326
vt 0.6359314114102526 0.33333333333333326
vt 0.6359314114102526 0.6666666666666666
vt 0.6323429303797137 0.6666666666666666
vt 0.6323429303797137 0.6666666666666666
vt 0.6359314114102526 0.6666666666666666
vt 0.6359314114102526 1
vt 0.6323429303797137 1
vt 0.6359314114102526 0
vt 0.6387223778362364 0
vt 0.6387223778362364 0.33333333333333326
vt 0.6359314114102526 0.33333333333333326
vt 0.6359314114102526 0.33333333333333326
vt 0.6387223778362364 0.33333333333333326
vt 0.6387223778362364 0.6666666666666666
vt 0.6359314114102526 0.6666666666666666
vt 0.6359314114102526 0.6666666666666666
vt 0.6387223778362364 0.6666666666666666
vt 0.6387223778362364 1
vt 0.6359314114102526 1
vt 0.6387223778362364 0
vt 0.6413829748512343 0
vt 0.6413829748512343 0.33333333333333326
vt 0.6387223778362364 0.33333333333333326
vt 0.6387223778362364 0.33333333333333326
vt 0.6413829748512343 0.33333333333333326
vt 0.6413829748512343 0.6666666666666666
vt 0.6387223778362364 0.6666666666666666
vt 0.6387223778362364 0.6666666666666666
vt 0.6413829748512343 0.6666666666666666
vt 0.6413829748512343 1
vt 0.6387223778362364 1
vt 0.6413829748512343 0
vt 0.6442244444698324 0
vt 0.6442244444698324 0.33333333333333326
vt 0.6413829748512343 0.33333333333333326
vt 0.6413829748512343 0.33333333333333326
vt 0.6442244444698324 0.33333333333333326
vt 0.6442244444698324 0.6666666666666666
vt 0.6413829748512343 0.6666666666666666
vt 0.6413829748512343 0.6666666666666666
vt 0.6442244444698324 0.6666666666666666
vt 0.6442244444698324 1
vt 0.6413829748512343 1
vt 0.6442244444698324 0
vt 0.6472073520413105 0
vt 0.6472073520413105 0.33333333333333326
vt 0.6442244444698324 0.33333333333333326
vt 0.6442244444698324 0.33333333333333326
vt 0.6472073520413105 0.33333333333333326
vt 0.6472073520413105 0.6666666666666666
vt 0.6442244444698324 0.6666666666666666
vt 0.6442244444698324 0.6666666666666666
vt 0.6472073520413105 0.6666666666666666
vt 0.6472073520413105 1
vt 0.6442244444698324 1
vt 0.6472073520413105 0
vt 0.6501171088833149 0
vt 0.6501171088833149 0.33333333333333326
vt 0.6472073520413105 0.33333333333333326
vt 0.6472073520413105 0.33333333333333326
vt 0.6501171088833149 0.33333333333333326
vt 0.6501171088833149 0.6666666666666666
vt 0.6472073520413105 0.6666666666666666
vt 0.6472073520413105 0.6666666666666666
vt 0.6501171088833149 0.6666666666666666
vt 0.6501171088833149 1
vt 0.6472073520413105 1
vt 0.6501171088833149 0
vt 0.6526648835480364 0
vt 0.6526648835480364 0.33333333333333326
vt 0.6501171088833149 0.33333333333333326
vt 0.6501171088833149 0.33333333333333326
vt 0.6526648835480364 0.33333333333333326
vt 0.6526648835480364 0.6666666666666666
vt 0.6501171088833149 0.6666666666666666
vt 0.6501171088833149 0.6666666666666666
vt 0.6526648835480364 0.6666666666666666
vt 0.6526648835480364 1
vt 0.6501171088833149 1
vt 0.6526648835480364 0
vt 0.6545291083799767 0
vt 0.6545291083799767 0.33333333333333326
vt 0.6526648835480364 0.33333333333333326
vt 0.6526648835480364 0.33333333333333326
vt 0.6545291083799767 0.33333333333333326
vt 0.6545291083799767 0.6666666666666666
vt 0.6526648835480364 0.6666666666666666
vt 0.6526648835480364 0.6666666666666666
vt 0.6545291083799767 0.6666666666666666
vt 0.6545291083799767 1
vt 0.6526648835480364 1
vt 0.6545291083799767 0
vt 0.6606680039070758 0
vt 0.6606680039070758 0.33333333333333326
vt 0.6545291083799767 0.33333333333333326
vt 0.6545291083799767 0.33333333333333326
vt 0.6606680039070758 0.33333333333333326
vt 0.6606680039070758 0.6666666666666666
vt 0.6545291083799767 0.6666666666666666
vt 0.6545291083799767 0.6666666666666666
vt 0.6606680039070758 0.6666666666666666
vt 0.6606680039070758 1
vt 0.6545291083799767 1
vt 0.6606680039070758 0
vt 0.6652214481134605 0
vt 0.6652214481134605 0.33333333333333326
vt 0.6606680039070758 0.33333333333333326
vt 0.6606680039070758 0.33333333333333326
vt 0.6652214481134605 0.33333333333333326
vt 0.6652214481134605 0.6666666666666666
vt 0.6606680039070758 0.6666666666666666
vt 0.6606680039070758 0.6666666666666666
vt 0.6652214481134605 0.6666666666666666
vt 0.6652214481134605 1
vt 0.6606680039070758 1
vt 0.6652214481134605 0
vt 0.6687174199904204 0
vt 0.6687174199904204 0.33333333333333326
vt 0.6652214481134605 0.33333333333333326
vt 0.6652214481134605 0.33333333333333326
vt 0.6687174199904204 0.33333333333333326
vt 0.6687174199904204 0.6666666666666666
vt 0.6652214481134605 0.6666666666666666
vt 0.6652214481134605 0.6666666666666666
vt 0.6687174199904204 0.6666666666666666
vt 0.6687174199904204 1
vt 0.6652214481134605 1
vt 0.6687174199904204 0
vt 0.671657906437508 0
vt 0.671657906437508 0.33333333333333326
vt 0.6687174199904204 0.33333333333333326
vt 0.6687174199904204 0.33333333333333326
vt 0.671657906437508 0.33333333333333326
vt 0.671657906437508 0.6666666666666666
vt 0.6687174199904204 0.6666666666666666
vt 0.6687174199904204 0.6666666666666666
vt 0.671657906437508 0.6666666666666666
vt 0.671657906437508 1
vt 0.6687174199904204 1
vt 0.671657906437508 0
vt 0.6743677653632333 0
vt 0.6743677653632333 0.33333333333333326
vt 0.671657906437508 0.33333333333333326
vt 0.671657906437508 0.33333333333333326
vt 0.6743677653632333 0.33333333333333326
vt 0.6743677653632333 0.6666666666666666
vt 0.671657906437508 0.6666666666666666
vt 0.671657906437508 0.6666666666666666
vt 0.6743677653632333 0.6666666666666666
vt 0.6743677653632333 1
vt 0.671657906437508 1
vt 0.6743677653632333 0
vt 0.6769147307665923 0
vt 0.6769147307665923 0.33333333333333326
vt 0.6743677653632333 0.33333333333333326
vt 0.6743677653632333 0.33333333333333326
vt 0.6769147307665923 0.33333333333333326
vt 0.6769147307665923 0.6666666666666666
vt 0.6743677653632333 0.6666666666666666
vt 0.6743677653632333 0.6666666666666666
vt 0.6769147307665923 0.6666666666666666
vt 0.6769147307665923 1
vt 0.6743677653632333 1
vt 0.6769147307665923 0
vt 0.6791710934655939 0
vt 0.6791710934655939 0.33333333333333326
vt 0.6769147307665923 0.33333333333333326
vt 0.6769147307665923 0.33333333333333326
vt 0.6791710934655939 0.33333333333333326
vt 0.6791710934655939 0.6666666666666666
vt 0.6769147307665923 0.6666666666666666
vt 0.6769147307665923 0.6666666666666666
vt 0.6791710934655939 0.6666666666666666
vt 0.6791710934655939 1
vt 0.6769147307665923 1
vt 0.6791710934655939 0
vt 0.680905569207267 0
vt 0.680905569207267 0.33333333333333326
vt 0.6791710934655939 0.33333333333333326
vt 0.6791710934655939 0.33333333333333326
vt 0.680905569207267 0.33333333333333326
vt 0.680905569207267 0.6666666666666666
vt 0.6791710934655939 0.6666666666666666
vt 0.6791710934655939 0.6666666666666666
vt 0.680905569207267 0.6666666666666666
vt 0.680905569207267 1
vt 0.6791710934655939 1
vt 0.680905569207267 0
vt 0.6871143374416712 0
vt 0.6871143374416712 0.33333333333333326
vt 0.680905569207267 0.33333333333333326
vt 0.680905569207267 0.33333333333333326
vt 0.6871143374416712 0.33333333333333326
vt 0.6871143374416712 0.6666666666666666
vt 0.680905569207267 0.6666666666666666
vt 0.680905569207267 0.6666666666666666
vt 0.6871143374416712 0.6666666666666666
vt 0.6871143374416712 1
vt 0.680905569207267 1
vt 0.6871143374416712 0
vt 0.6921058936598813 0
vt 0.6921058936598813 0.33333333333333326
vt 0.6871143374416712 0.33333333333333326
vt 0.6871143374416712 0.33333333333333326
vt 0.6921058936598813 0.33333333333333326
vt 0.6921058936598813 0.6666666666666666
vt 0.6871143374416712 0.6666666666666666
vt 0.6871143374416712 0.6666666666666666
vt 0.6921058936598813 0.6666666666666666
vt 0.6921058936598813 1
vt 0.6871143374416712 1
vt 0.6921058936598813 0
vt 0.6965124307245587 0
vt 0.6965124307245587 0.33333333333333326
vt 0.6921058936598813 0.33333333333333326
vt 0.6921058936598813 0.33333333333333326
vt 0.6965124307245587 0.33333333333333326
vt 0.6965124307245587 0.6666666666666666
vt 0.6921058936598813 0.6666666666666666
vt 0.6921058936598813 0.6666666666666666
vt 0.6965124307245587 0.6666666666666666
vt 0.6965124307245587 1
vt 0.6921058936598813 1
vt 0.6965124307245587 0
vt 0.7006198333771311 0
vt 0.7006198333771311 0.33333333333333326
vt 0.6965124307245587 0.33333333333333326
vt 0.6965124307245587 0.33333333333333326
vt 0.7006198333771311 0.33333333333333326
vt 0.7006198333771311 0.6666666666666666
vt 0.6965124307245587 0.6666666666666666
vt 0.6965124307245587 0.6666666666666666
vt 0.7006198333771311 0.6666666666666666
vt 0.7006198333771311 1
vt 0.6965124307245587 1
vt 0.7006198333771311 0
vt 0.7044644947738505 0
vt 0.7044644947738505 0.33333333333333326
vt 0.7006198333771311 0.33333333333333326
vt 0.7006198333771311 0.33333333333333326
vt 0.7044644947738505 0.33333333333333326
vt 0.7044644947738505 0.6666666666666666
vt 0.7006198333771311 0.6666666666666666
vt 0.7006198333771311 0.6666666666666666
vt 0.7044644947738505 0.6666666666666666
vt 0.7044644947738505 1
vt 0.7006198333771311 1
vt 0.7044644947738505 0
vt 0.708117694109787 0
vt 0.708117694109787 0.33333333333333326
vt 0.7044644947738505 0.33333333333333326
vt 0.7044644947738505 0.33333333333333326
vt 0.708117694109787 0.33333333333333326
vt 0.708117694109787 0.6666666666666666
vt 0.7044644947738505 0.6666666666666666
vt 0.7044644947738505 0.6666666666666666
vt 0.708117694109787 0.6666666666666666
vt 0.708117694109787 1
vt 0.7044644947738505 1
vt 0.708117694109787 0
vt 0.7120484025519682 0
vt 0.7120484025519682 0.33333333333333326
vt 0.708117694109787 0.33333333333333326
vt 0.708117694109787 0.33333333333333326
vt 0.7120484025519682 0.33333333333333326
vt 0.7120484025519682 0.6666666666666666
vt 0.708117694109787 0.6666666666666666
vt 0.708117694109787 0.6666666666666666
vt 0.7120484025519682 0.6666666666666666
vt 0.7120484025519682 1
vt 0.708117694109787 1
vt 0.7120484025519682 0
vt 0.7172128666201113 0
vt 0.7172128666201113 0.33333333333333326
vt 0.7120484025519682 0.33333333333333326
vt 0.7120484025519682 0.33333333333333326
vt 0.7172128666201113 0.33333333333333326
vt 0.7172128666201113 0.6666666666666666
vt 0.7120484025519682 0.6666666666666666
vt 0.7120484025519682 0.6666666666666666
vt 0.7172128666201113 0.6666666666666666
vt 0.7172128666201113 1
vt 0.7120484025519682 1
vt 0.7172128666201113 0
vt 0.7231520360693253 0
vt 0.7231520360693253 0.33333333333333326
vt 0.7172128666201113 0.33333333333333326
vt 0.7172128666201113 0.33333333333333326
vt 0.7231520360693253 0.33333333333333326
vt 0.7231520360693253 0.6666666666666666
vt 0.7172128666201113 0.6666666666666666
vt 0.7172128666201113 0.6666666666666666
vt 0.7231520360693253 0.6666666666666666
vt 0.7231520360693253 1
vt 0.7172128666201113 1
vt 0.7231520360693253 0
vt 0.7271401830941143 0
vt 0.7271401830941143 0.33333333333333326
vt 0.7231520360693253 0.33333333333333326
vt 0.7231520360693253 0.33333333333333326
vt 0.7271401830941143 0.33333333333333326
vt 0.7271401830941143 0.6666666666666666
vt 0.7231520360693253 0.6666666666666666
vt 0.7231520360693253 0.6666666666666666
vt 0.7271401830941143 0.6666666666666666
vt 0.7271401830941143 1
vt 0.7231520360693253 1
vt 0.7271401830941143 0
vt 0.7297514780054918 0
vt 0.7297514780054918 0.33333333333333326
vt 0.7271401830941143 0.33333333333333326
vt 0.7271401830941143 0.33333333333333326
vt 0.7297514780054918 0.33333333333333326
vt 0.7297514780054918 0.6666666666666666
vt 0.7271401830941143 0.6666666666666666
vt 0.7271401830941143 0.6666666666666666
vt 0.7297514780054918 0.6666666666666666
vt 0.7297514780054918 1
vt 0.7271401830941143 1
vt 0.7297514780054918 0
vt 0.7315639804047208 0
vt 0.7315639804047208 0.33333333333333326
vt 0.7297514780054918 0.33333333333333326
vt 0.7297514780054918 0.33333333333333326
vt 0.7315639804047208 0.33333333333333326
vt 0.7315639804047208 0.6666666666666666
vt 0.7297514780054918 0.6666666666666666
vt 0.7297514780054918 0.6666666666666666
vt 0.7315639804047208 0.6666666666666666
vt 0.7315639804047208 1
vt 0.7297514780054918 1
vt 0.7315639804047208 0
vt 0.7331583745538208 0
vt 0.7331583745538208 0.33333333333333326
vt 0.7315639804047208 0.33333333333333326
vt 0.7315639804047208 0.33333333333333326
vt 0.7331583745538208 0.33333333333333326
vt 0.7331583745538208 0.6666666666666666
vt 0.7315639804047208 0.6666666666666666
vt 0.7315639804047208 0.6666666666666666
vt 0.7331583745538208 0.6666666666666666
vt 0.7331583745538208 1
vt 0.7315639804047208 1
vt 0.7331583745538208 0
vt 0.7351063415640625 0
vt 0.7351063415640625 0.33333333333333326
vt 0.7331583745538208 0.33333333333333326
vt 0.7331583745538208 0.33333333333333326
vt 0.7351063415640625 0.33333333333333326
vt 0.7351063415640625 0.6666666666666666
vt 0.7331583745538208 0.6666666666666666
vt 0.7331583745538208 0.6666666666666666
vt 0.7351063415640625 0.6666666666666666
vt 0.7351063415640625 1
vt 0.7331583745538208 1
vt 0.7351063415640625 0
vt 0.7379724558204409 0
vt 0.7379724558204409 0.33333333333333326
vt 0.7351063415640625 0.33333333333333326
vt 0.7351063415640625 0.33333333333333326
vt 0.7379724558204409 0.33333333333333326
vt 0.7379724558204409 0.6666666666666666
vt 0.7351063415640625 0.6666666666666666
vt 0.7351063415640625 0.6666666666666666
vt 0.7379724558204409 0.6666666666666666
vt 0.7379724558204409 1
vt 0.7351063415640625 1
vt 0.7379724558204409 0
vt 0.7423246119904505 0
vt 0.7423246119904505 0.33333333333333326
vt 0.7379724558204409 0.33333333333333326
vt 0.7379724558204409 0.33333333333333326
vt 0.7423246119904505 0.33333333333333326
vt 0.7423246119904505 0.6666666666666666
vt 0.7379724558204409 0.6666666666666666
vt 0.7379724558204409 0.6666666666666666
vt 0.7423246119904505 0.6666666666666666
vt 0.7423246119904505 1
vt 0.7379724558204409 1
vt 0.7423246119904505 0
vt 0.7489245085232445 0
vt 0.7489245085232445 0.33333333333333326
vt 0.7423246119904505 0.33333333333333326
vt 0.7423246119904505 0.33333333333333326
vt 0.7489245085232445 0.33333333333333326
vt 0.7489245085232445 0.6666666666666666
vt 0.7423246119904505 0.6666666666666666
vt 0.7423246119904505 0.6666666666666666
vt 0.7489245085232445 0.6666666666666666
vt 0.7489245085232445 1
vt 0.7423246119904505 1
vt 0.7489245085232445 0
vt 0.7547727532813963 0
vt 0.7547727532813963 0.33333333333333326
vt 0.7489245085232445 0.33333333333333326
vt 0.7489245085232445 0.33333333333333326
vt 0.7547727532813963 0.33333333333333326
vt 0.7547727532813963 0.6666666666666666
vt 0.7489245085232445 0.6666666666666666
vt 0.7489245085232445 0.6666666666666666
vt 0.7547727532813963 0.6666666666666666
vt 0.7547727532813963 1
vt 0.7489245085232445 1
vt 0.7547727532813963 0
vt 0.7604935835311395 0
vt 0.7604935835311395 0.33333333333333326
vt 0.7547727532813963 0.33333333333333326
vt 0.7547727532813963 0.33333333333333326
vt 0.7604935835311395 0.33333333333333326
vt 0.7604935835311395 0.6666666666666666
vt 0.7547727532813963 0.6666666666666666
vt 0.7547727532813963 0.6666666666666666
vt 0.7604935835311395 0.6666666666666666
vt 0.7604935835311395 1
vt 0.7547727532813963 1
vt 0.7604935835311395 0
vt 0.7661574500063539 0
vt 0.7661574500063539 0.33333333333333326
vt 0.7604935835311395 0.33333333333333326
vt 0.7604935835311395 0.33333333333333326
vt 0.7661574500063539 0.33333333333333326
vt 0.7661574500063539 0.6666666666666666
vt 0.7604935835311395 0.6666666666666666
vt 0.7604935835311395 0.6666666666666666
vt 0.7661574500063539 0.6666666666666666
vt 0.7661574500063539 1
vt 0.7604935835311395 1
vt 0.7661574500063539 0
vt 0.77151676233473 0
vt 0.77151676233473 0.33333333333333326
vt 0.7661574500063539 0.33333333333333326
vt 0.7661574500063539 0.33333333333333326
vt 0.77151676233473 0.33333333333333326
vt 0.77151676233473 0.6666666666666666
vt 0.7661574500063539 0.6666666666666666
vt 0.7661574500063539 0.6666666666666666
vt 0.77151676233473 0.6666666666666666
vt 0.77151676233473 1
vt 0.7661574500063539 1
vt 0.77151676233473 0
vt 0.7762754487738595 0
vt 0.7762754487738595 0.33333333333333326
vt 0.77151676233473 0.33333333333333326
vt 0.77151676233473 0.33333333333333326
vt 0.7762754487738595 0.33333333333333326
vt 0.7762754487738595 0.6666666666666666
vt 0.77151676233473 0.6666666666666666
vt 0.77151676233473 0.6666666666666666
vt 0.7762754487738595 0.6666666666666666
vt 0.7762754487738595 1
vt 0.77151676233473 1
vt 0.7762754487738595 0
vt 0.7804419226197962 0
vt 0.7804419226197962 0.33333333333333326
vt 0.7762754487738595 0.33333333333333326
vt 0.7762754487738595 0.33333333333333326
vt 0.7804419226197962 0.33333333333333326
vt 0.7804419226197962 0.6666666666666666
vt 0.7762754487738595 0.6666666666666666
vt 0.7762754487738595 0.6666666666666666
vt 0.7804419226197962 0.6666666666666666
vt 0.7804419226197962 1
vt 0.7762754487738595 1
vt 0.7804419226197962 0
vt 0.7849028443986168 0
vt 0.7849028443986168 0.33333333333333326
vt 0.7804419226197962 0.33333333333333326
vt 0.7804419226197962 0.33333333333333326
vt 0.7849028443986168 0.33333333333333326
vt 0.7849028443986168 0.6666666666666666
vt 0.7804419226197962 0.6666666666666666
vt 0.7804419226197962 0.6666666666666666
vt 0.7849028443986168 0.6666666666666666
vt 0.7849028443986168 1
vt 0.7804419226197962 1
vt 0.7849028443986168 0
vt 0.7925711315861235 0
vt 0.7925711315861235 0.33333333333333326
vt 0.7849028443986168 0.33333333333333326
vt 0.7849028443986168 0.33333333333333326
vt 0.7925711315861235 0.33333333333333326
vt 0.7925711315861235 0.6666666666666666
vt 0.7849028443986168 0.6666666666666666
vt 0.7849028443986168 0.6666666666666666
vt 0.7925711315861235 0.6666666666666666
vt 0.7925711315861235 1
vt 0.7849028443986168 1
vt 0.7925711315861235 0
vt 0.8010527454603272 0
vt 0.8010527454603272 0.33333333333333326
vt 0.7925711315861235 0.33333333333333326
vt 0.7925711315861235 0.33333333333333326
vt 0.8010527454603272 0.33333333333333326
vt 0.8010527454603272 0.6666666666666666
vt 0.7925711315861235 0.6666666666666666
vt 0.7925711315861235 0.6666666666666666
vt 0.8010527454603272 0.6666666666666666
vt 0.8010527454603272 1
vt 0.7925711315861235 1
vt 0.8010527454603272 0
vt 0.8097951247537691 0
vt 0.8097951247537691 0.33333333333333326
vt 0.8010527454603272 0.33333333333333326
vt 0.8010527454603272 0.33333333333333326
vt 0.8097951247537691 0.33333333333333326
vt 0.8097951247537691 0.6666666666666666
vt 0.8010527454603272 0.6666666666666666
vt 0.8010527454603272 0.6666666666666666
vt 0.8097951247537691 0.6666666666666666
vt 0.8097951247537691 1
vt 0.8010527454603272 1
vt 0.8097951247537691 0
vt 0.8182170715991516 0
vt 0.8182170715991516 0.33333333333333326
vt 0.8097951247537691 0.33333333333333326
vt 0.8097951247537691 0.33333333333333326
vt 0.8182170715991516 0.33333333333333326
vt 0.8182170715991516 0.6666666666666666
vt 0.8097951247537691 0.6666666666666666
vt 0.8097951247537691 0.6666666666666666
vt 0.8182170715991516 0.6666666666666666
vt 0.8182170715991516 1
vt 0.8097951247537691 1
vt 0.8182170715991516 0
vt 0.8257596559631893 0
vt 0.8257596559631893 0.33333333333333326
vt 0.8182170715991516 0.33333333333333326
vt 0.8182170715991516 0.33333333333333326
vt 0.8257596559631893 0.33333333333333326
vt 0.8257596559631893 0.6666666666666666
vt 0.8182170715991516 0.6666666666666666
vt 0.8182170715991516 0.6666666666666666
vt 0.8257596559631893 0.6666666666666666
vt 0.8257596559631893 1
vt 0.8182170715991516 1
vt 0.8257596559631893 0
vt 0.831969867208982 0
vt 0.831969867208982 0.33333333333333326
vt 0.8257596559631893 0.33333333333333326
vt 0.8257596559631893 0.33333333333333326
vt 0.831969867208982 0.33333333333333326
vt 0.831969867208982 0.6666666666666666
vt 0.8257596559631893 0.6666666666666666
vt 0.8257596559631893 0.6666666666666666
vt 0.831969867208982 0.6666666666666666
vt 0.831969867208982 1
vt 0.8257596559631893 1
vt 0.831969867208982 0
vt 0.8367668987623604 0
vt 0.8367668987623604 0.33333333333333326
vt 0.831969867208982 0.33333333333333326
vt 0.831969867208982 0.33333333333333326
vt 0.8367668987623604 0.33333333333333326
vt 0.8367668987623604 0.6666666666666666
vt 0.831969867208982 0.6666666666666666
vt 0.831969867208982 0.6666666666666666
vt 0.8367668987623604 0.6666666666666666
vt 0.8367668987623604 1
vt 0.831969867208982 1
vt 0.8367668987623604 0
vt 0.841247898953309 0
vt 0.841247898953309 0.33333333333333326
vt 0.8367668987623604 0.33333333333333326
vt 0.8367668987623604 0.33333333333333326
vt 0.841247898953309 0.33333333333333326
vt 0.841247898953309 0.6666666666666666
vt 0.8367668987623604 0.6666666666666666
vt 0.8367668987623604 0.6666666666666666
vt 0.841247898953309 0.6666666666666666
vt 0.841247898953309 1
vt 0.8367668987623604 1
vt 0.841247898953309 0
vt 0.8478408002172975 0
vt 0.8478408002172975 0.33333333333333326
vt 0.841247898953309 0.33333333333333326
vt 0.841247898953309 0.33333333333333326
vt 0.8478408002172975 0.33333333333333326
vt 0.8478408002172975 0.6666666666666666
vt 0.841247898953309 0.6666666666666666
vt 0.841247898953309 0.6666666666666666
vt 0.8478408002172975 0.6666666666666666
vt 0.8478408002172975 1
vt 0.841247898953309 1
vt 0.8478408002172975 0
vt 0.8534572324530671 0
vt 0.8534572324530671 0.33333333333333326
vt 0.8478408002172975 0.33333333333333326
vt 0.8478408002172975 0.33333333333333326
vt 0.8534572324530671 0.33333333333333326
vt 0.8534572324530671 0.6666666666666666
vt 0.8478408002172975 0.6666666666666666
vt 0.8478408002172975 0.6666666666666666
vt 0.8534572324530671 0.6666666666666666
vt 0.8534572324530671 1
vt 0.8478408002172975 1
vt 0.8534572324530671 0
vt 0.8581688650941808 0
vt 0.8581688650941808 0.33333333333333326
vt 0.8534572324530671 0.33333333333333326
vt 0.8534572324530671 0.33333333333333326
vt 0.8581688650941808 0.33333333333333326
vt 0.8581688650941808 0.6666666666666666
vt 0.8534572324530671 0.6666666666666666
vt 0.8534572324530671 0.6666666666666666
vt 0.8581688650941808 0.6666666666666666
vt 0.8581688650941808 1
vt 0.8534572324530671 1
vt 0.8581688650941808 0
vt 0.8620573966884165 0
vt 0.8620573966884165 0.33333333333333326
vt 0.8581688650941808 0.33333333333333326
vt 0.8581688650941808 0.33333333333333326
vt 0.8620573966884165 0.33333333333333326
vt 0.8620573966884165 0.6666666666666666
vt 0.8581688650941808 0.6666666666666666
vt 0.8581688650941808 0.6666666666666666
vt 0.8620573966884165 0.6666666666666666
vt 0.8620573966884165 1
vt 0.8581688650941808 1
vt 0.8620573966884165 0
vt 0.8652439797347415 0
vt 0.8652439797347415 0.33333333333333326
vt 0.8620573966884165 0.33333333333333326
vt 0.8620573966884165 0.33333333333333326
vt 0.8652439797347415 0.33333333333333326
vt 0.8652439797347415 0.6666666666666666
vt 0.8620573966884165 0.6666666666666666
vt 0.8620573966884165 0.6666666666666666
vt 0.8652439797347415 0.6666666666666666
vt 0.8652439797347415 1
vt 0.8620573966884165 1
vt 0.8652439797347415 0
vt 0.867946643456282 0
vt 0.867946643456282 0.33333333333333326
vt 0.8652439797347415 0.33333333333333326
vt 0.8652439797347415 0.33333333333333326
vt 0.867946643456282 0.33333333333333326
vt 0.867946643456282 0.6666666666666666
vt 0.8652439797347415 0.6666666666666666
vt 0.8652439797347415 0.6666666666666666
vt 0.867946643456282 0.6666666666666666
vt 0.867946643456282 1
vt 0.8652439797347415 1
vt 0.867946643456282 0
vt 0.8705413536088914 0
vt 0.8705413536088914 0.33333333333333326
vt 0.867946643456282 0.33333333333333326
vt 0.867946643456282 0.33333333333333326
vt 0.8705413536088914 0.33333333333333326
vt 0.8705413536088914 0.6666666666666666
vt 0.867946643456282 0.6666666666666666
vt 0.867946643456282 0.6666666666666666
vt 0.8705413536088914 0.6666666666666666
vt 0.8705413536088914 1
vt 0.867946643456282 1
vt 0.8705413536088914 0
vt 0.8735007284452687 0
vt 0.8735007284452687 0.33333333333333326
vt 0.8705413536088914 0.33333333333333326
vt 0.8705413536088914 0.33333333333333326
vt 0.8735007284452687 0.33333333333333326
vt 0.8735007284452687 0.6666666666666666
vt 0.8705413536088914 0.6666666666666666
vt 0.8705413536088914 0.6666666666666666
vt 0.8735007284452687 0.6666666666666666
vt 0.8735007284452687 1
vt 0.8705413536088914 1
vt 0.8735007284452687 0
vt 0.8775276119089622 0
vt 0.8775276119089622 0.33333333333333326
vt 0.8735007284452687 0.33333333333333326
vt 0.8735007284452687 0.33333333333333326
vt 0.8775276119089622 0.33333333333333326
vt 0.8775276119089622 0.6666666666666666
vt 0.8735007284452687 0.6666666666666666
vt 0.8735007284452687 0.6666666666666666
vt 0.8775276119089622 0.6666666666666666
vt 0.8775276119089622 1
vt 0.8735007284452687 1
vt 0.8775276119089622 0
vt 0.8814702127840028 0
vt 0.8814702127840028 0.33333333333333326
vt 0.8775276119089622 0.33333333333333326
vt 0.8775276119089622 0.33333333333333326
vt 0.8814702127840028 0.33333333333333326
vt 0.8814702127840028 0.6666666666666666
vt 0.8775276119089622 0.6666666666666666
vt 0.8775276119089622 0.6666666666666666
vt 0.8814702127840028 0.6666666666666666
vt 0.8814702127840028 1
vt 0.8775276119089622 1
vt 0.8814702127840028 0
vt 0.8857686735868052 0
vt 0.8857686735868052 0.33333333333333326
vt 0.8814702127840028 0.33333333333333326
vt 0.8814702127840028 0.33333333333333326
vt 0.8857686735868052 0.33333333333333326
vt 0.8857686735868052 0.6666666666666666
vt 0.8814702127840028 0.6666666666666666
vt 0.8814702127840028 0.6666666666666666
vt 0.8857686735868052 0.6666666666666666
vt 0.8857686735868052 1
vt 0.8814702127840028 1
vt 0.8857686735868052 0
vt 0.8905372149772985 0
vt 0.8905372149772985 0.33333333333333326
vt 0.8857686735868052 0.33333333333333326
vt 0.8857686735868052 0.33333333333333326
vt 0.8905372149772985 0.33333333333333326
vt 0.8905372149772985 0.6666666666666666
vt 0.8857686735868052 0.6666666666666666
vt 0.8857686735868052 0.6666666666666666
vt 0.8905372149772985 0.6666666666666666
vt 0.8905372149772985 1
vt 0.8857686735868052 1
vt 0.8905372149772985 0
vt 0.8956990368180104 0
vt 0.8956990368180104 0.33333333333333326
vt 0.8905372149772985 0.33333333333333326
vt 0.8905372149772985 0.33333333333333326
vt 0.8956990368180104 0.33333333333333326
vt 0.8956990368180104 0.6666666666666666
vt 0.8905372149772985 0.6666666666666666
vt 0.8905372149772985 0.6666666666666666
vt 0.8956990368180104 0.6666666666666666
vt 0.8956990368180104 1
vt 0.8905372149772985 1
vt 0.8956990368180104 0
vt 0.9010930231464004 0
vt 0.9010930231464004 0.33333333333333326
vt 0.8956990368180104 0.33333333333333326
vt 0.8956990368180104 0.33333333333333326
vt 0.9010930231464004 0.33333333333333326
vt 0.9010930231464004 0.6666666666666666
vt 0.8956990368180104 0.6666666666666666
vt 0.8956990368180104 0.6666666666666666
vt 0.9010930231464004 0.6666666666666666
vt 0.9010930231464004 1
vt 0.8956990368180104 1
vt 0.9010930231464004 0
vt 0.9065319146349309 0
vt 0.9065319146349309 0.33333333333333326
vt 0.9010930231464004 0.33333333333333326
vt 0.9010930231464004 0.33333333333333326
vt 0.9065319146349309 0.33333333333333326
vt 0.9065319146349309 0.6666666666666666
vt 0.9010930231464004 0.6666666666666666
vt 0.9010930231464004 0.6666666666666666
vt 0.9065319146349309 0.6666666666666666
vt 0.9065319146349309 1
vt 0.9010930231464004 1
vt 0.9065319146349309 0
vt 0.9118406522883611 0
vt 0.9118406522883611 0.33333333333333326
vt 0.9065319146349309 0.33333333333333326
vt 0.9065319146349309 0.33333333333333326
vt 0.9118406522883611 0.33333333333333326
vt 0.9118406522883611 0.6666666666666666
vt 0.9065319146349309 0.6666666666666666
vt 0.9065319146349309 0.6666666666666666
vt 0.9118406522883611 0.6666666666666666
vt 0.9118406522883611 1
vt 0.9065319146349309 1
vt 0.9118406522883611 0
vt 0.9181816986917232 0
vt 0.9181816986917232 0.33333333333333326
vt 0.9118406522883611 0.33333333333333326
vt 0.9118406522883611 0.33333333333333326
vt 0.9181816986917232 0.33333333333333326
vt 0.9181816986917232 0.6666666666666666
vt 0.9118406522883611 0.6666666666666666
vt 0.9118406522883611 0.6666666666666666
vt 0.9181816986917232 0.6666666666666666
vt 0.9181816986917232 1
vt 0.9118406522883611 1
vt 0.9181816986917232 0
vt 0.9233993488184286 0
vt 0.9233993488184286 0.33333333333333326
vt 0.9181816986917232 0.33333333333333326
vt 0.9181816986917232 0.33333333333333326
vt 0.9233993488184286 0.33333333333333326
vt 0.9233993488184286 0.6666666666666666
vt 0.9181816986917232 0.6666666666666666
vt 0.9181816986917232 0.6666666666666666
vt 0.9233993488184286 0.6666666666666666
vt 0.9233993488184286 1
vt 0.9181816986917232 1
vt 0.9233993488184286 0
vt 0.928075689119138 0
vt 0.928075689119138 0.33333333333333326
vt 0.9233993488184286 0.33333333333333326
vt 0.9233993488184286 0.33333333333333326
vt 0.928075689119138 0.33333333333333326
vt 0.928075689119138 0.6666666666666666
vt 0.9233993488184286 0.6666666666666666
vt 0.9233993488184286 0.6666666666666666
vt 0.928075689119138 0.6666666666666666
vt 0.928075689119138 1
vt 0.9233993488184286 1
vt 0.928075689119138 0
vt 0.9326927747874074 0
vt 0.9326927747874074 0.33333333333333326
vt 0.928075689119138 0.33333333333333326
vt 0.928075689119138 0.33333333333333326
vt 0.9326927747874074 0.33333333333333326
vt 0.9326927747874074 0.6666666666666666
vt 0.928075689119138 0.6666666666666666
vt 0.928075689119138 0.6666666666666666
vt 0.9326927747874074 0.6666666666666666
vt 0.9326927747874074 1
vt 0.928075689119138 1
vt 0.9326927747874074 0
vt 0.9375126930624436 0
vt 0.9375126930624436 0.33333333333333326
vt 0.9326927747874074 0.33333333333333326
vt 0.9326927747874074 0.33333333333333326
vt 0.9375126930624436 0.33333333333333326
vt 0.9375126930624436 0.6666666666666666
vt 0.9326927747874074 0.6666666666666666
vt 0.9326927747874074 0.6666666666666666
vt 0.9375126930624436 0.6666666666666666
vt 0.9375126930624436 1
vt 0.9326927747874074 1
vt 0.9375126930624436 0
vt 0.9425875675983484 0
vt 0.9425875675983484 0.33333333333333326
vt 0.9375126930624436 0.33333333333333326
vt 0.9375126930624436 0.33333333333333326
vt 0.9425875675983484 0.33333333333333326
vt 0.9425875675983484 0.6666666666666666
vt 0.9375126930624436 0.6666666666666666
vt 0.9375126930624436 0.6666666666666666
vt 0.9425875675983484 0.6666666666666666
vt 0.9425875675983484 1
vt 0.9375126930624436 1
vt 0.9425875675983484 0
vt 0.9478329004268263 0
vt 0.9478329004268263 0.33333333333333326
vt 0.9425875675983484 0.33333333333333326
vt 0.9425875675983484 0.33333333333333326
vt 0.9478329004268263 0.33333333333333326
vt 0.9478329004268263 0.6666666666666666
vt 0.9425875675983484 0.6666666666666666
vt 0.9425875675983484 0.6666666666666666
vt 0.9478329004268263 0.6666666666666666
vt 0.9478329004268263 1
vt 0.9425875675983484 1
vt 0.9478329004268263 0
vt 0.9530884638508007 0
vt 0.9530884638508007 0.33333333333333326
vt 0.9478329004268263 0.33333333333333326
vt 0.9478329004268263 0.33333333333333326
vt 0.9530884638508007 0.33333333333333326
vt 0.9530884638508007 0.6666666666666666
vt 0.9478329004268263 0.6666666666666666
vt 0.9478329004268263 0.6666666666666666
vt 0.9530884638508007 0.6666666666666666
vt 0.9530884638508007 1
vt 0.9478329004268263 1
vt 0.9530884638508007 0
vt 0.9593868580635714 0
vt 0.9593868580635714 0.33333333333333326
vt 0.9530884638508007 0.33333333333333326
vt 0.9530884638508007 0.33333333333333326
vt 0.9593868580635714 0.33333333333333326
vt 0.9593868580635714 0.6666666666666666
vt 0.9530884638508007 0.6666666666666666
vt 0.9530884638508007 0.6666666666666666
vt 0.9593868580635714 0.6666666666666666
vt 0.9593868580635714 1
vt 0.9530884638508007 1
vt 0.9593868580635714 0
vt 0.9649699434230214 0
vt 0.9649699434230214 0.33333333333333326
vt 0.9593868580635714 0.33333333333333326
vt 0.9593868580635714 0.33333333333333326
vt 0.9649699434230214 0.33333333333333326
vt 0.9649699434230214 0.6666666666666666
vt 0.9593868580635714 0.6666666666666666
vt 0.9593868580635714 0.6666666666666666
vt 0.9649699434230214 0.6666666666666666
vt 0.9649699434230214 1
vt 0.9593868580635714 1
vt 0.9649699434230214 0
vt 0.9706189156528787 0
vt 0.9706189156528787 0.33333333333333326
vt 0.9649699434230214 0.33333333333333326
vt 0.9649699434230214 0.33333333333333326
vt 0.9706189156528787 0.33333333333333326
vt 0.9706189156528787 0.6666666666666666
vt 0.9649699434230214 0.6666666666666666
vt 0.9649699434230214 0.6666666666666666
vt 0.9706189156528787 0.6666666666666666
vt 0.9706189156528787 1
vt 0.9649699434230214 1
vt 0.9706189156528787 0
vt 0.976475040892072 0
vt 0.976475040892072 0.33333333333333326
vt 0.9706189156528787 0.33333333333333326
vt 0.9706189156528787 0.33333333333333326
vt 0.976475040892072 0.33333333333333326
vt 0.976475040892072 0.6666666666666666
vt 0.9706189156528787 0.6666666666666666
vt 0.9706189156528787 0.6666666666666666
vt 0.976475040892072 0.6666666666666666
vt 0.976475040892072 1
vt 0.9706189156528787 1
vt 0.976475040892072 0
vt 0.9823475343125266 0
vt 0.9823475343125266 0.33333333333333326
vt 0.976475040892072 0.33333333333333326
vt 0.976475040892072 0.33333333333333326
vt 0.9823475343125266 0.33333333333333326
vt 0.9823475343125266 0.6666666666666666
vt 0.976475040892072 0.6666666666666666
vt 0.976475040892072 0.6666666666666666
vt 0.9823475343125266 0.6666666666666666
vt 0.9823475343125266 1
vt 0.976475040892072 1
vt 0.9823475343125266 0
vt 0.988040802112055 0
vt 0.988040802112055 0.33333333333333326
vt 0.9823475343125266 0.33333333333333326
vt 0.9823475343125266 0.33333333333333326
vt 0.988040802112055 0.33333333333333326
vt 0.988040802112055 0.6666666666666666
vt 0.9823475343125266 0.6666666666666666
vt 0.9823475343125266 0.6666666666666666
vt 0.988040802112055 0.6666666666666666
vt 0.988040802112055 1
vt 0.9823475343125266 1
vt 0.988040802112055 0
vt 0.993676681412263 0
vt 0.993676681412263 0.33333333333333326
vt 0.988040802112055 0.33333333333333326
vt 0.988040802112055 0.33333333333333326
vt 0.993676681412263 0.33333333333333326
vt 0.993676681412263 0.6666666666666666
vt 0.988040802112055 0.6666666666666666
vt 0.988040802112055 0.6666666666666666
vt 0.993676681412263 0.6666666666666666
vt 0.993676681412263 1
vt 0.988040802112055 1
vt 0.993676681412263 0
vt 1 0
vt 1 0.33333333333333326
vt 0.993676681412263 0.33333333333333326
vt 0.993676681412263 0.33333333333333326
vt 1 0.33333333333333326
vt 1 0.6666666666666666
vt 0.993676681412263 0.6666666666666666
vt 0.993676681412263 0.6666666666666666
vt 1 0.6666666666666666
vt 1 1
vt 0.993676681412263 1
vt 0.002631208099597493 0.6689303573876881
vt 0.12692494672911026 0.6688757422715048
vt 0.1291187574120236 0.6875000000000033
vt 0 0.6875000000000033
vt 0 0.8563813885480553
vt 0.19741250039574487 0.8563813885480553
vt 0.19475117536783737 0.8749378070982048
vt 0.0021886789198193313 0.8749999999999988
vt 0.002223993251317724 0.6063063284311369
vt 0.11781149342029146 0.6063063284311369
vt 0.11926250421897056 0.6250000000000026
vt 0 0.6249251987132081
vt 0 0.8563062500000025
vt 0.17318125 0.8563062500000025
vt 0.17100624999999997 0.8749312500000025
vt 0.001493750000000016 0.8750000000000026
vt 0.001511515927340834 0.6687562780012353
vt 0.12019901609190115 0.6687562780012354
vt 0.12073125312381194 0.6874999999999971
vt 0 0.6874438576225077
vt 2.7755575615628914e-17 0.8750000000000011
vt 0 0.7243999994812427
vt 0.018693626989890605 0.7258828010822107
vt 0.0187375476612201 0.8744265552393602
vt 0.0005577265830130074 0.6687623366119932
vt 0.12322648056349902 0.6687623366119934
vt 0.12258750398312249 0.6874999999999996
vt 0 0.6874999793014727
vt 0.00003748349780907656 0.8562468856423151
vt 0.12304471642665121 0.8525589377455077
vt 0.12304471642665127 0.8713109397219634
vt 0 0.8749999999999996
vt 0 0.6687629506137618
vt 0.12841252570451414 0.6687629506137618
vt 0.12592428305307107 0.6873457787104225
vt 0.0007181055702633887 0.6875000000000034
vt 1.1657341758564144e-15 0.8726678422979794
vt 1.1102230246251565e-15 0.789323852328321
vt 0.018745165843768175 0.7887563333399428
vt 0.01860695711160054 0.8750000000000016
vt 6.938893903907228e-16 0.7499999999999966
vt 6.522560269672795e-16 0.603781095586742
vt 0.018224836225048557 0.6082075864240397
vt 0.018541549664896392 0.747226943514058
vt 0.005623359623270166 0.8563425135443575
vt 0.036721755004905196 0.8563425135443576
vt 0.03861951168256493 0.8749999999999978
vt 2.4980018054066022e-15 0.8742048750724396
vt 0 0.6691682984240137
vt 0.16422500107036841 0.6691682984240137
vt 0.160270844023146 0.6874999999999969
vt 0.004470829339866422 0.6873802880963776
vt 6.938893903907228e-18 0.856258335186008
vt 0.022484161849133984 0.8524349688676377
vt 0.031045134238322194 0.869110882032336
vt 0 0.8749999999999993
vt 0 0.6691160227858808
vt 0.1808372439841232 0.668761839162324
vt 0.18015516285164612 0.6875000000000029
vt 0.003692582164372668 0.6875000000000028
vt 0 0.8745272082127477
vt 0 0.7760260325773143
vt 0.018411454982524306 0.77244719323313
vt 0.018735413679404234 0.8749999999999987
vt 0 0.749428610008809
vt 0.006161560065414906 0.5772738007770515
vt 0.024909564125847564 0.5772738007770515
vt 0.018735590238980013 0.7500000000000031
vt 0 0.8562572722371586
vt 0.1996972718657544 0.8562572722371586
vt 0.20023013683027446 0.8750000000000027
vt 0.0007577342420542754 0.8749923313611891
vt 6.938893903907228e-16 0.7484121699274049
vt 8.326672684688674e-16 0.5677763516960115
vt 0.018739115325131922 0.5671383844994121
vt 0.018681101714984577 0.7499999999999964
vt 0 0.7937638870565349
vt 0.2092295393969264 0.7937638870565349
vt 0.20848761313224873 0.8125
vt 0.0008449194596734655 0.8124907962177303
vt 1.1102230246251565e-16 0.748506558953726
vt 0 0.5689233643361268
vt 0.018737788908103875 0.5681644374883073
vt 0.01868660180360024 0.7499999999999976
vt 0 0.793772922452723
vt 0.21072487181527128 0.793772922452723
vt 0.2098944656792746 0.812500000000002
vt 0.0010658410505376414 0.8124918195317443
vt 0.062499999999996614 0.7483816632985221
vt 0.06249999999999667 0.581246084912291
vt 0.08122033012560653 0.5802057735162746
vt 0.08117670910206154 0.7499999999999989
vt 0 0.8562791679418154
vt 0.2060352591373925 0.8562791679418154
vt 0.20497820610567208 0.8749999999999967
vt 0.0014808723290369308 0.8749689176380417
vt 3.219646771412954e-15 0.7480375463744583
vt 3.219646771412954e-15 0.6041119718033452
vt 0.018685442492686943 0.6025225473469434
vt 0.01864372659616964 0.7499999999999982
vt 0 0.8563044136880453
vt 0.1980750429919177 0.8563044136880453
vt 0.19660320657024455 0.8750000000000023
vt 0.002215704586609357 0.8749267768838747
vt 0 0.7474109424783595
vt 0 0.6340995749302402
vt 0.01859940920130998 0.6317299459667252
vt 0.018568431919851358 0.749999999999997
vt 0 0.8563837909507557
vt 0.19238807176186878 0.8563837909507555
vt 0.1901760566997981 0.875
vt 0.0032129468869313005 0.8748586381791974
vt 0.06249999999999889 0.7465057561676208
vt 0.06249999999999889 0.6571321746666396
vt 0.08104872402555774 0.6543951753702112
vt 0.0809139220608982 0.7500000000000006
vt 0 0.8565307362566377
vt 0.19462082144679438 0.8565307362566376
vt 0.19140502062845233 0.8749999999999964
vt 0.0038367663018991083 0.8748799083079757
vt 0.06250000000000178 0.7459934076287628
vt 0.06250000000000178 0.6461466654983231
vt 0.08098556887027875 0.6430381600628676
vt 0.08082035003441068 0.7499999999999978
vt 0 0.7941433113178514
vt 0.20765553705671436 0.7941433113178514
vt 0.20382642007278906 0.8125000000000026
vt 0.003978380287961492 0.8124660822763298
vt 0.0029827347945623195 0.6689944304155411
vt 0.09563876304050267 0.6689944304155411
vt 0.09992250769413119 0.6872499315263021
vt 1.2212453270876722e-15 0.6875000000000016
vt 0.06250000000000311 0.9374999999999969
vt 0.06250000000000311 0.7139107197337016
vt 0.08081771698255302 0.717921412767294
vt 0.08078007192533043 0.9333248613310582
vt 0.003203602752678225 0.6689468478309357
vt 0.12205787539358925 0.6689468478309357
vt 0.1247676302079832 0.6874999999999976
vt 0 0.6874063795751468
vt 0 0.9374999999999976
vt 0 0.7208860582381039
vt 0.018277176338397427 0.7250715825968459
vt 0.01855983376369741 0.9348198952839624
vt 0.0019684660531886777 0.668831360708849
vt 0.16542084981620553 0.668831360708849
vt 0.1672056578813817 0.6874999999999964
vt 1.7763568394002505e-15 0.6874719829529545
vt 0.06250000000000322 0.9374999999999987
vt 0.06250000000000322 0.7153002530625584
vt 0.08105748186157546 0.7179674627623038
vt 0.08118151686726227 0.9359328351511992
vt 0.0010835979660530626 0.6687852238405612
vt 0.1944555925289938 0.6687852238405612
vt 0.19576343404165236 0.6874874363755197
vt 0 0.6875000000000018
vt 0.06250000000000278 0.9374999999999983
vt 0.06250000000000278 0.7076198378604337
vt 0.08118792063908042 0.7091835315045127
vt 0.08122291152677874 0.9365140409691473
vt 0.0006367447057605835 0.6687606106708426
vt 0.2034477409444077 0.6687606106708426
vt 0.20456017908476637 0.687473336666709
vt 0 0.6874999999999987
vt 0.06249999999999811 1
vt 0.062499999999998 0.7716137863658907
vt 0.08122362377316195 0.7726061078175943
vt 0.08123931744701807 0.9993004094538147
vt 0.00042532851726029275 0.6687543194051264
vt 0.19136422519791313 0.6687543194051265
vt 0.19251302591898545 0.6874656540973862
vt 0 0.6874999999999968
vt 0.06250000000000178 0.9374999999999973
vt 0.06250000000000178 0.7253157132054752
vt 0.08123762947736812 0.726017184431849
vt 0.08124133940100053 0.9369161932947677
vt 0.0003866480452798804 0.6687536817320974
vt 0.1572041072384848 0.6687536817320974
vt 0.1587749867144843 0.6874338557187574
vt 1.887379141862766e-15 0.6875000000000022
vt 0.12499999999999944 0.9374999999999984
vt 0.12499999999999933 0.7570716814771014
vt 0.14374509308011252 0.7576696933753073
vt 0.14373269030144498 0.9367292039373928
vt 0.002690601385652247 0.6590341642028086
vt 0.09916383126312744 0.6687507645989258
vt 0.09916383126312744 0.6875000000000028
vt 3.1086244689504383e-15 0.6775864499058842
vt 0.062500000000003 0.937499999999997
vt 0.062500000000003 0.7960088438607351
vt 0.08123278797380562 0.7967848502901895
vt 0.08122980247360512 0.936661959547608
vt 0.12499999999999911 0.7484276772509177
vt 0.12499999999999911 0.5938072577047757
vt 0.14373972575108462 0.5932238418268646
vt 0.14368652768166634 0.7499999999999998
vt 0 0.8562508587266592
vt 0.17030545811130074 0.8562508587266592
vt 0.169464432511837 0.874982629557017
vt 0.00020409467720808316 0.8750000000000011
vt 0.06249999999999922 0.7493522267705223
vt 0.06249999999999911 0.6137872070555808
vt 0.08124133243888987 0.6133527562787591
vt 0.08123491370157976 0.7500000000000003
vt 0.00006205872916538457 0.8562500349926551
vt 0.1454925968092055 0.8562500349926551
vt 0.1452917658591823 0.874999711524652
vt 5.967448757360216e-16 0.8749999999999994
vt 0.06250000000000033 0.7495330940848095
vt 0.06250000000000033 0.6245376058849847
vt 0.08124546473132876 0.6243706792348673
vt 0.08124171084583454 0.7499999999999989
vt 0.0004246723631097238 0.8562460153446191
vt 0.12686598919254843 0.8562460153446191
vt 0.1269279633474093 0.8749999999999964
vt 1.304512053934559e-15 0.8749886734140876
vt 0.06249999999999767 0.6873805519607592
vt 0.06249999999999767 0.5646493619559361
vt 0.0812514477771239 0.5648360351642632
vt 0.08124797983226029 0.6875000000000019
vt 0.0007839079352521955 0.8562569269120119
vt 0.11366726103149044 0.8562569269120118
vt 0.11408915256769775 0.8750000000000002
vt 1.942890293094024e-16 0.8749877853723588
vt 0.062499999999999556 0.750000000000003
vt 0.062499999999999556 0.622937416379765
vt 0.08124198041055442 0.6234672364934595
vt 0.08125033812763172 0.7496812871010426
vt 0.000977291409506531 0.8562673339039081
vt 0.10754151152025715 0.8562673339039081
vt 0.10831716285615206 0.8749999999999988
vt 0 0.8749934201941852
vt 0.06250000000000167 0.6874999999999981
vt 0.06250000000000167 0.5507027923690491
vt 0.0812394096023219 0.5514521126486819
vt 0.08123760835027671 0.6868377343345
vt 0.0009765940122783978 0.7937715372039384
vt 0.11128647446984435 0.7937715372039384
vt 0.11226229225972406 0.8124999999999998
vt 0 0.8124985109419769
vt 0.062499999999999445 0.6874999999999986
vt 0.062499999999999556 0.5350229615134612
vt 0.08123046338180018 0.5358072402046955
vt 0.08123090863326676 0.6866854021945168
vt 0.0008198559345258261 0.7937658289649189
vt 0.12674975489869156 0.7937658289649189
vt 0.12772762036998075 0.8124877170005862
vt 0 0.8124999999999987
vt 0.06249999999999978 0.7499999999999989
vt 0.06249999999999978 0.5745819273982499
vt 0.08124549851095086 0.5748272676231005
vt 0.08122779927632262 0.7492055840096272
vt 0.0003181451344680397 0.8562564147826925
vt 0.15378682093876694 0.8562564147826923
vt 0.15461293032817858 0.8749841287339257
vt 2.4424906541753444e-15 0.8749999999999984
vt 0.06250000000000067 0.7499999999999982
vt 0.06490024662377003 0.589135485275976
vt 0.08364890595083918 0.589135485275976
vt 0.08124514657589921 0.7497119106508732
vt 0.000027567744782519554 0.8562476933247012
vt 0.1628197197842005 0.8562476933247012
vt 0.16314233735953843 0.874994853003572
vt 0 0.8749999999999998
vt 0.12500000000000122 0.7499999999999991
vt 0.12500000000000122 0.6140600715734146
vt 0.14375194087200693 0.6140290307486265
vt 0.14374121864975864 0.7495521700691274
vt 0.0004968730615033667 0.8562498064570667
vt 0.12983220469138912 0.8562498064570668
vt 0.1298641945724437 0.8750000000000016
vt 0 0.8749916565601317
vt 0.125000000000003 0.7499999999999976
vt 0.125000000000003 0.6255211887383014
vt 0.1437498373199524 0.625794562635976
vt 0.14372807627455808 0.7491484281125771
vt 0.06357249655217734 0.8562577340438845
vt 0.16738478395412693 0.8562577340438846
vt 0.16788224433470833 0.8749999999999996
vt 0.062499999999997335 0.8749757762146902
vt 0.12499999999999967 0.6874999999999991
vt 0.12499999999999978 0.5635420665797759
vt 0.1437429606784324 0.5639905658208373
vt 0.14369985948895936 0.6861644943258582
vt 0.06388933609362857 0.8562831495866933
vt 0.1541983483532725 0.8562831495866932
vt 0.15527257539202655 0.8750000000000027
vt 0.06249999999999778 0.874980303737631
vt 0.12499999999999833 0.6874999999999969
vt 0.12499999999999833 0.5565877069310778
vt 0.14375149740250087 0.5569882649498914
vt 0.14368109303741844 0.6859227306659108
vt 0.06372217524202517 0.7937959876833774
vt 0.15808255656014003 0.7937959876833774
vt 0.15947632212321694 0.812495784943112
vt 0.06250000000000089 0.8124999999999976
vt 0.06250000000000261 0.7499999999999991
vt 0.06250000000000278 0.6041499651825537
vt 0.08124776185122529 0.604373003032121
vt 0.081193661975556 0.7485915954039213
vt 0.06334608248327656 0.8562738337964875
vt 0.18035114931400198 0.8562738337964876
vt 0.18158668575146786 0.8749864729415732
vt 0.06250000000000089 0.8749999999999979
vt 0.12499999999999734 0.7500000000000036
vt 0.12499999999999734 0.5772805650683057
vt 0.1437513491064587 0.5773763372595275
vt 0.14371995720091169 0.7489921600035587
vt 0.0629793054856711 0.7937616027399266
vt 0.21738859342886752 0.7937616027399267
vt 0.218239670339059 0.8124889662664736
vt 0.062499999999998224 0.8125000000000021
vt 0.062500000000001 0.7500000000000031
vt 0.062500000000001 0.5392716288530455
vt 0.08121582720344656 0.5404240039398847
vt 0.08124103256305748 0.7494496918177502
vt 0.00014140813905827443 0.7887259191301893
vt 0.1957257362610234 0.7937510791977261
vt 0.19572573626102363 0.8125000000000018
vt 0 0.8074767733770818
vt 0.06249999999999989 0.7499999999999947
vt 0.062499999999999944 0.6307724572377409
vt 0.08123002521963812 0.629969470261373
vt 0.08112373325560118 0.7478713090291831
vt 0.06250000000000222 0.7937489338666767
vt 0.1756233010922177 0.7937489338666768
vt 0.17532693752541606 0.8125000000000002
vt 0.0627866631448799 0.8124890951400987
vt 0.06250000000000344 0.6871673125931386
vt 0.06992327607493992 0.5937915676807672
vt 0.08867046336397078 0.5937915676807668
vt 0.08124247408200025 0.6874999999999929
vt 0.06250000000000266 0.7937502963841071
vt 0.1663931880887799 0.7937502963841071
vt 0.166112666358615 0.8125000000000021
vt 0.06330783914633153 0.8124720160310481
vt 0.12499999999999734 0.6687970799708143
vt 0.19608663535828752 0.6687970799708142
vt 0.19849009126654416 0.6873921177752141
vt 0.12617060396029967 0.6875000000000002
vt 0.06250000000000044 0.856266846425243
vt 0.15933881985676024 0.856266846425243
vt 0.15852451170284398 0.8750000000000009
vt 0.06383954060408792 0.8749580972537054
vt 0.06249999999999689 0.6687873292877854
vt 0.12179108609752998 0.6687873292877853
vt 0.12485204171089048 0.68728231076373
vt 0.06354211030070678 0.6874999999999968
vt 0.062499999999998224 0.7937991384551102
vt 0.16080242915678467 0.7937991384551102
vt 0.15945080826270086 0.812500000000001
vt 0.0640607880611741 0.8124737973794545
vt 0.12500000000000622 0.6687695075302583
vt 0.18895180222490504 0.6687695075302583
vt 0.19174841210868143 0.6873087255820116
vt 0.12554261689144264 0.687500000000002
vt 0.12500000000000056 0.8749999999999996
vt 0.12500000000000056 0.770207323356424
vt 0.1436850161125509 0.7717766761485749
vt 0.1436986501759776 0.8736981784266136
vt 0.1250000000000031 0.6687589157147792
vt 0.20919405134123537 0.6687589157147791
vt 0.2112523145185543 0.6873931384197349
vt 0.12514101352543516 0.6874999999999971
vt 0.12499999999999667 0.9374999999999973
vt 0.12499999999999656 0.8216941385807126
vt 0.14370726027226655 0.8230036496938933
vt 0.14372417334375132 0.9366762672047102
vt 0.06250000000000044 0.6687581128168975
vt 0.1770579021559735 0.6688038586918773
vt 0.1784887029148896 0.6874999999999998
vt 0.06258258974430442 0.6874999999999998
vt 0.12500000000000244 0.8749999999999991
vt 0.12500000000000244 0.7406734398355064
vt 0.14373005505468806 0.7415000945160957
vt 0.14373879774115728 0.8745827940813116
vt 0.06250000000000488 0.60624971209881
vt 0.21465668450852382 0.60624971209881
vt 0.21526029517955125 0.6249918122538171
vt 0.06266578562228275 0.6249999999999983
vt 0.06250000000000311 0.8562539918437457
vt 0.2248433938879666 0.8562539918437457
vt 0.22441927890566893 0.8749999999999984
vt 0.0626509139499074 0.8749975938349515
vt 0.06249999999999378 0.668749992357
vt 0.22856250105851839 0.6687499923569997
vt 0.22849586810824674 0.6874999999999967
vt 0.06258961704872634 0.6874999823579193
vt 0.06256583771714208 0.7937499769279177
vt 0.2235220896586636 0.7937499769279175
vt 0.22337500194250248 0.8125000000000033
vt 0.06250000000000089 0.8124999873801144
vt 0.06249999999999334 0.6687500055536038
vt 0.20502500054814288 0.6687500055536036
vt 0.2052766449955179 0.6874999835555136
vt 0.06256414444808955 0.6874999999999971
vt 0.06249999999999867 0.8562500029821998
vt 0.20743125013476105 0.8562500029822
vt 0.20750080870772702 0.874999999999998
vt 0.06275080830327218 0.8749937421837977
vt 0.12522979616194707 0.668749741502477
vt 0.24703611687489246 0.668749741502477
vt 0.24771881344864832 0.6874927667572401
vt 0.12500000000000577 0.6875000000000009
vt 0.06250000000000266 0.7937559869339201
vt 0.1980000697647446 0.7937559869339204
vt 0.19775034030383942 0.8124999999999996
vt 0.06315027007571583 0.8124990867163371
vt 0.1255875816384311 0.6687597790666524
vt 0.2309198197738902 0.6687597790666522
vt 0.23208214050225573 0.6874736699942339
vt 0.1250000000000071 0.6875
vt 0.062499999999998224 0.8562663483765867
vt 0.1946008096351024 0.8562663483765864
vt 0.19394764428272238 0.8750000000000009
vt 0.06355303042622529 0.8749815263007727
vt 0.1259375964314895 0.6687720448645176
vt 0.2223852591332114 0.6687720448645174
vt 0.22387870147699296 0.6874656010812545
vt 0.12499999999999689 0.6875000000000002
vt 0.06250000000000089 0.8562801076167463
vt 0.1967403926089788 0.8562801076167463
vt 0.19567576043793533 0.874999999999994
vt 0.06382281638316067 0.8749843267414905
vt 0.1261848623308377 0.6687865301769196
vt 0.22560909109639127 0.6687865301769196
vt 0.22708664766081155 0.6874782988793178
vt 0.12499999999999467 0.6875000000000027
vt 0.06249999999999689 0.7937960287484898
vt 0.20380376313659054 0.7937960287484898
vt 0.20247148124165948 0.8125000000000031
vt 0.06383023842493385 0.8124930684568992
vt 0.12622129467017773 0.6687894031274095
vt 0.24229931598020027 0.6687894031274095
vt 0.2434968436349294 0.6875000000000018
vt 0.12500000000000666 0.6874987017083591
vt 0.06250000000000311 0.8562806490122199
vt 0.21646467698083693 0.8562806490122203
vt 0.2151328564338555 0.8749817457622941
vt 0.06361206108022976 0.8750000000000036
vt 0.0635567101500194 0.6687647624510356
vt 0.20826360274890332 0.6687647624510356
vt 0.20905069028939272 0.6874999999999991
vt 0.06249999999999689 0.6874867447571735
vt 0.06249999999999689 0.7937706228855705
vt 0.23670048839268176 0.7937706228855705
vt 0.23558855210859253 0.8124858083779087
vt 0.06331310271820367 0.8125000000000036
vt 0.125000000000004 0.7491628973154414
vt 0.12500000000000355 0.6009292814153611
vt 0.14374087335053698 0.6003851561455278
vt 0.14373306947374465 0.7500000000000049
vt 0.125 0.8749999999999978
vt 0.12499999999999956 0.7056979593254611
vt 0.14373374518361315 0.7065086992393341
vt 0.14373464524844337 0.8743544767800646
vt 0.12500000000000044 0.7492481315099437
vt 0.12500000000000044 0.6249009409945867
vt 0.1437463928971896 0.6246153846836413
vt 0.1437324252640626 0.749999999999996
vt 0.125 0.8749999999999969
vt 0.125 0.733709472075263
vt 0.14373995216286195 0.7343509224308258
vt 0.14374694904909724 0.8745727232593921
vt 0.18750000000000355 0.7494375356717191
vt 0.18750000000000355 0.6375951652555278
vt 0.20624918349099008 0.637770146458333
vt 0.20624556721279896 0.7500000000000044
vt 0.1875000000000009 0.8749946840604477
vt 0.1875000000000009 0.7562774293646792
vt 0.20624695565592788 0.7567014785330497
vt 0.20625070339989504 0.8750000000000018
vt 0.12500000000000355 0.7498654579037065
vt 0.12500000000000355 0.6401983413859804
vt 0.14373808648676123 0.6409015521934793
vt 0.1437495547860328 0.7499999999999931
vt 0.18749999999999734 0.8744210424554713
vt 0.18749999999999734 0.7734720249237241
vt 0.2062510647332889 0.7734635769712741
vt 0.20623881342225348 0.8749999999999973
vt 0.12500000000000355 0.6874999999999978
vt 0.125000000000004 0.5719479174178894
vt 0.14371877130622845 0.5730415706297229
vt 0.1437405394259046 0.6870500060819906
vt 0.12499999999999867 0.8739538741690094
vt 0.12499999999999822 0.7834698678992549
vt 0.1437424904678064 0.7829036404148386
vt 0.14371740488811646 0.8749999999999969
vt 0.18749999999999822 0.7499999999999987
vt 0.18749999999999822 0.6228369284823114
vt 0.20620894932422518 0.6240492755844227
vt 0.20622793270002937 0.7490498942976669
vt 0.18750000000000178 0.8738101861349254
vt 0.18750000000000133 0.7815156486983845
vt 0.2062169874957438 0.7804679558358307
vt 0.2062139947840924 0.8749999999999982
vt 0.1875000000000009 0.7499999999999991
vt 0.18750000000000044 0.6055056789070061
vt 0.20622202660266886 0.6065895707150215
vt 0.20622192684745055 0.7488963828817363
vt 0.18750000000000266 0.9364588124124085
vt 0.18750000000000266 0.8266079902716519
vt 0.2062172202372392 0.8254241461504552
vt 0.20622111187857328 0.9375000000000027
vt 0.18749999999999356 0.7499999999999969
vt 0.18749999999999356 0.5800615059563796
vt 0.20624854355831634 0.5805193853118658
vt 0.20622214636995273 0.7490390307682664
vt 0.18750000000000266 0.8745811808088821
vt 0.18750000000000222 0.7319673385360779
vt 0.2062171777316446 0.7309297858508552
vt 0.20624210929425324 0.8749999999999978
vt 0.12499999999999689 0.6687500000000022
vt 0.3048312499999968 0.6687500000000022
vt 0.30476249999999716 0.6875000000000022
vt 0.12538124999999667 0.6875000000000022
vt 0.06257434548115537 0.7937499973933424
vt 0.24161809559024316 0.7937499973933424
vt 0.24203749989061185 0.8124937327643358
vt 0.06249999999999911 0.8124999999999938
vt 0.06250000000000266 0.6687500045950205
vt 0.2512125004139918 0.6687500045950208
vt 0.25100749196905614 0.6874937682155562
vt 0.06256999196845214 0.6875000000000029
vt 0.12521122911463944 0.856249985639703
vt 0.30962997953826754 0.856249985639703
vt 0.30970000042298196 0.8749999809367208
vt 0.12499999999999911 0.8749999999999942
vt 0.1250000000000071 0.6687499203740495
vt 0.3195812549184227 0.6687499203740492
vt 0.3192292207112146 0.6874999999999991
vt 0.12521046577858286 0.6874998735264857
vt 0.06285745830920941 0.7937499032053899
vt 0.24880746503144735 0.7937499032053899
vt 0.2490187550211207 0.8124935970693339
vt 0.06250000000000266 0.812499999999998
vt 0.062499999999997335 0.6687559959939602
vt 0.2599375253244647 0.66875599599396
vt 0.259440768898787 0.6875000000000029
vt 0.06285949346449193 0.6874995663185139
vt 0.12552043706769744 0.7937502050269314
vt 0.3097017177143071 0.7937502050269314
vt 0.31006253410545526 0.8124999999999938
vt 0.12499999999999734 0.812494258374155
vt 0.12500000000000533 0.6687618299870928
vt 0.3229625948135526 0.6687618299870925
vt 0.3222871839164796 0.6874999999999998
vt 0.12553083852520341 0.6874988194187
vt 0.1257166189026142 0.7937568190205262
vt 0.30512923037753303 0.7937568190205262
vt 0.30565012464038155 0.8125000000000033
vt 0.1250000000000009 0.812488879509456
vt 0.06250000000000533 0.6687637508545271
vt 0.25952531087401454 0.6687637508545272
vt 0.25864608690917734 0.6874965922842772
vt 0.06322078461326086 0.6875000000000017
vt 0.12593559117926656 0.8562639488740511
vt 0.2981859726193381 0.8562639488740511
vt 0.29889415410625286 0.8749999999999979
vt 0.12500000000000355 0.8749909592907003
vt 0.06249999999999467 0.6687777727799511
vt 0.25830086274467856 0.6687777727799511
vt 0.25719391736999064 0.6874936412994043
vt 0.06346183261712479 0.6874999999999997
vt 0.12618771312337707 0.7937720353728227
vt 0.28997006214659304 0.7937720353728228
vt 0.2909011763907987 0.8124999999999982
vt 0.125 0.8124827619931749
vt 0.1250000000000009 0.6687600900945793
vt 0.31996394257977645 0.6687600900945793
vt 0.31937352811786734 0.6874999999999968
vt 0.1262344758628977 0.6874679796560431
vt 0.12557356626525262 0.8562595668609436
vt 0.28228783115620804 0.8562595668609436
vt 0.2834829059859807 0.8749728559031256
vt 0.12500000000000266 0.874999999999998
vt 0.187500000000001 0.7500000000000036
vt 0.18931238294457386 0.5935194306363449
vt 0.20806553372151004 0.5935194306363458
vt 0.20624683933752053 0.7496623275762966
vt 0.18749999999999845 0.8747561875535013
vt 0.1924605348938193 0.7147732557007807
vt 0.21121134008486386 0.7147732557007807
vt 0.20624786990042787 0.8750000000000027
vt 0.2500000000000022 0.7495595618100355
vt 0.2500000000000022 0.6290502252617323
vt 0.26873694326296205 0.6283218091902949
vt 0.2687473278966205 0.7499999999999947
vt 0.18750000000000244 0.8750000000000009
vt 0.18750000000000244 0.7372594774131453
vt 0.20624193092121812 0.7375961458804499
vt 0.2062309654435459 0.8741615700370451
vt 0.18749999999999795 0.6866251480638965
vt 0.18749999999999792 0.5978933028697249
vt 0.2061868934758862 0.5963867376426926
vt 0.20622817128592147 0.6875000000000044
vt 0.18749999999999656 0.8749999999999973
vt 0.18749999999999656 0.7505120425000849
vt 0.20622902922157121 0.751356571979974
vt 0.2061915996473089 0.8735131694364853
vt 0.18884361233412061 0.6062933527534168
vt 0.2538962652873247 0.6062933527534167
vt 0.25609575043135013 0.6249117481706838
vt 0.18750000000000178 0.6250000000000001
vt 0.12500000000000355 0.8563104735537033
vt 0.24557046856766274 0.8563104735537033
vt 0.24407023432737684 0.8749999999999984
vt 0.12698708257012825 0.8749563798918787
vt 0.18930039864523263 0.6688381182528871
vt 0.2488952731102403 0.6688381182528871
vt 0.2509573881071798 0.687470484301028
vt 0.18749999999999467 0.6875
vt 0.1874999999999991 0.7938460803026652
vt 0.30951014574231994 0.7938460803026652
vt 0.3075152991502055 0.8124876166164037
vt 0.18943037769629356 0.8125000000000009
vt 0.12687151314239653 0.6687902507758929
vt 0.2036654485515479 0.6687902507758925
vt 0.2049378151589094 0.6874999999999996
vt 0.12499999999999378 0.6874444083502196
vt 0.1874999999999991 0.7938017425819894
vt 0.3145063539564541 0.7938017425819894
vt 0.3125802095510428 0.8124479722757378
vt 0.18887392486331667 0.8124999999999942
vt 0.18750000000000622 0.6861093557551605
vt 0.18750000000000622 0.5773139512609342
vt 0.20624128231890326 0.5766797986425791
vt 0.2061988650430182 0.6875000000000009
vt 0.18750000000000178 0.8749999999999982
vt 0.1875000000000009 0.73487357814615
vt 0.206200316491584 0.7362328342578293
vt 0.20622866728553024 0.874228112203471
vt 0.18777522274458924 0.668756502312382
vt 0.3364894499882949 0.6641925532622279
vt 0.3364894499882949 0.6829418553325706
vt 0.18749999999999645 0.6875000000000036
vt 0.12500000000000355 0.856254855526827
vt 0.2884422800376205 0.8495827205486162
vt 0.2884422800376214 0.8683312757012809
vt 0.12528129875980376 0.8750000000000036
vt 0.24999999999999556 0.8125
vt 0.24999999999999645 0.48127762326261525
vt 0.26866710336618027 0.4830087474576663
vt 0.26874582608660447 0.812100219256231
vt 0.2499999999999991 0.9357756876920673
vt 0.2499999999999991 0.6493773629926629
vt 0.26874048598117906 0.6489020283718858
vt 0.26867180227481136 0.9374999999999991
vt 0.12499999999999467 0.668840858982481
vt 0.4020131098121693 0.668840858982481
vt 0.3997834189712961 0.6874580784732274
vt 0.1266204055976008 0.6875000000000027
vt 0.18750000000000044 0.9976757991844538
vt 0.1875 0.7790183472440679
vt 0.20616826203795657 0.777311486003458
vt 0.20610489594351522 1
vt 0.12499999999999734 0.668753390847094
vt 0.36222888711708556 0.668753390847094
vt 0.3622904167298566 0.6874999999999982
vt 0.1288376620484044 0.687026891512394
vt 0.1875 0.8562499323016084
vt 0.35437760789160766 0.8562499323016084
vt 0.35672393498768695 0.8748537600101254
vt 0.18750060696616977 0.8749999999999956
vt 0.12500000000000444 0.6687879776614336
vt 0.34479598717120474 0.6687879776614332
vt 0.3436202953531886 0.6875
vt 0.12978697568785158 0.6869060900514277
vt 0.187500000000002 0.9316557919715409
vt 0.187500000000002 0.8041610456030632
vt 0.20625444924679237 0.8043232106796756
vt 0.20531063033226848 0.9374999999999964
vt 0.2500000000000009 0.7500000000000018
vt 0.2500000000000009 0.5704827078968098
vt 0.26846505895881734 0.5737674375980077
vt 0.2680882729200875 0.7451006330173238
vt 0.24999999999999822 0.8696928446881262
vt 0.24999999999999822 0.773123874435643
vt 0.26785603007872494 0.7673932479033514
vt 0.267976206087718 0.8749999999999982
vt 0.24999999999999734 0.8125000000000044
vt 0.24999999999999734 0.6018028845638286
vt 0.2679658958027886 0.6071766440605177
vt 0.2683357693480488 0.808594846164679
vt 0.18938778364460918 0.8563505722413902
vt 0.26076817378980355 0.8570507817420951
vt 0.2661780152147051 0.8750000000000009
vt 0.18750000000000266 0.8750000000000018
vt 0.2499999999999991 0.7500000000000036
vt 0.2499999999999991 0.5434956167232798
vt 0.2678686578624827 0.5491855485335917
vt 0.268574698036117 0.7474390616237399
vt 0.24999999999999645 0.9319953586630936
vt 0.2597269948300669 0.8221249334468381
vt 0.2784745832166431 0.8221249334468381
vt 0.26791070783084514 0.9374999999999969
vt 0.24999999999999734 0.7499999999999967
vt 0.24999999999999734 0.5480735185612062
vt 0.26871630327382334 0.5492920247725852
vt 0.2686806796185026 0.7485214482623905
vt 0.18886087449545852 0.7938433675420722
vt 0.30382905572536445 0.7938433675420722
vt 0.30770282013281314 0.8121879364148494
vt 0.1875000000000001 0.8124999999999982
vt 0.2500000000000009 0.7500000000000009
vt 0.2500000000000009 0.5719105271175131
vt 0.2686200686062641 0.5697163057070602
vt 0.26862783901572485 0.7482457472625659
vt 0.18867782978117997 0.8563068198898209
vt 0.36727885084926504 0.8563068198898209
vt 0.36875552366927655 0.8749952893431399
vt 0.18750000000000355 0.875
vt 0.24999999999999645 0.7499999999999982
vt 0.24999999999999645 0.5816408149363004
vt 0.26866414843433084 0.5798644310297028
vt 0.26870337423264345 0.7494385397378109
vt 0.18870198822341555 0.8562847055668188
vt 0.3501212589954099 0.8562847055668197
vt 0.35121342766566466 0.8750000000000018
vt 0.18750000000000178 0.8749639823344246
vt 0.2500000000000018 0.7499999999999991
vt 0.2608651156965234 0.5855476373736104
vt 0.27961582922461403 0.5855476373736104
vt 0.2687103504807675 0.7499588765649445
vt 0.18856954406214887 0.8562832210793019
vt 0.3372917946250691 0.8562832210793019
vt 0.33843636371261776 0.8750000000000018
vt 0.18749999999999312 0.8749680113644276
vt 0.24999999999999645 0.7500000000000013
vt 0.24999999999999645 0.5883928445417341
vt 0.26873816414664553 0.5877587903439361
vt 0.268621998478908 0.7480899728008668
vt 0.1883202075010768 0.7937785562728319
vt 0.3264785582541627 0.7937785562728319
vt 0.32752533802823436 0.8125000000000018
vt 0.18749999999999423 0.8124683908335015
vt 0.24999999999999822 0.6875000000000022
vt 0.24999999999999822 0.530398900360908
vt 0.26874958082655986 0.5304147142222089
vt 0.2685686364374682 0.6850737441570245
vt 0.1879690023050271 0.856262658707232
vt 0.31607171759265285 0.8562626587072315
vt 0.3169274030069227 0.8750000000000036
vt 0.1875000000000009 0.8749705634776852
vt 0.31250000000000266 0.7500000000000031
vt 0.3125000000000018 0.5978039971574511
vt 0.33124153913688037 0.5984470366923085
vt 0.3310203420497606 0.7471847137605656
vt 0.18752808776539576 0.7937570787327131
vt 0.3075620002911901 0.7937570787327135
vt 0.3081192080562092 0.8124999999999973
vt 0.18749999999999645 0.8124764597775673
vt 0.25 0.7500000000000018
vt 0.2499999999999991 0.5990076010812153
vt 0.2687227553853253 0.5999981191748143
vt 0.2684907119372726 0.7469708419296275
vt 0.2499999999999991 0.8562539081267371
vt 0.36986947230477263 0.8562539081267366
vt 0.37001756046816237 0.8750000000000009
vt 0.25037957140014555 0.8749772607475865
vt 0.3125000000000009 0.7499999999999973
vt 0.3125000000000009 0.5900238512650606
vt 0.33125018352521884 0.5899563006679225
vt 0.33100753236287694 0.7470048418406297
vt 0.2500000000000009 0.8562526651792477
vt 0.3864954018513549 0.8562526651792473
vt 0.3862344398211004 0.8749999999999964
vt 0.2509561265304914 0.8749816680523366
vt 0.25 0.6871998470672942
vt 0.25556871668976733 0.5455304815679325
vt 0.27431879377294255 0.5455304815679334
vt 0.26874204794951684 0.6875000000000009
vt 0.3125000000000058 0.9375000000000018
vt 0.3125000000000062 0.769424825110721
vt 0.3312219112977206 0.7704120275268966
vt 0.331217446917047 0.9364554862218473
vt 0.25000000000000444 0.7484244353309153
vt 0.25000000000000355 0.6480278650303068
vt 0.2687192988048359 0.6469656956380341
vt 0.2686837281487451 0.7499999999999964
vt 0.3125 0.9375000000000018
vt 0.3124999999999991 0.7975806771240581
vt 0.33122105112456435 0.7986200291356207
vt 0.3312046851085775 0.9361260980561079
vt 0.31250000000000266 0.68552478272241
vt 0.3125000000000018 0.6087683535841122
vt 0.33122221833575516 0.6078008414907128
vt 0.3311407756465874 0.6874999999999991
vt 0.3125000000000018 0.9374999999999991
vt 0.31250000000000266 0.8147279831354055
vt 0.3311961005233117 0.8161010375215358
vt 0.331198779523449 0.9360913562742819
vt 0.2500000000000018 0.6853762247395379
vt 0.2500000000000018 0.6119168277381166
vt 0.26875013849025997 0.6116687059763808
vt 0.26862813125237306 0.6874999999999991
vt 0.31250000000000355 0.874999999999996
vt 0.31250000000000355 0.7638042792176183
vt 0.33120062303820674 0.7652030016867086
vt 0.33122591206219276 0.8740423097765038
vt 0.2500000000000009 0.748329093577994
vt 0.2500000000000009 0.6613501988678405
vt 0.2687406005121362 0.6618727843341363
vt 0.2686781661851869 0.7499999999999982
vt 0.31250000000000266 0.874999999999998
vt 0.31250000000000355 0.770577378939892
vt 0.3312281042605667 0.7715138708274472
vt 0.33124670243683063 0.8747676224892287
vt 0.2499999999999969 0.6687496666552892
vt 0.35900344909126947 0.663217964672052
vt 0.35900344909126924 0.6819690313083795
vt 0.2500687460892195 0.6874999999999991
vt 0.31249999999999734 0.8746457826787488
vt 0.31249999999999734 0.7682013745059846
vt 0.33124942828030424 0.7684244428231242
vt 0.3312442803466604 0.8749999999999989
vt 0.24999999999999645 0.7497980260145003
vt 0.24999999999999734 0.6140302318020565
vt 0.26871944742624443 0.6151193034794211
vt 0.26874616699012144 0.7500000000000033
vt 0.2500000000000071 0.8743545019414409
vt 0.250000000000008 0.7540608839426044
vt 0.2687474571855315 0.7537125656407107
vt 0.26873263602831177 0.8749999999999973
vt 0.3125 0.75
vt 0.3125000000000009 0.5827176430309371
vt 0.3312262657218952 0.5837326762449233
vt 0.33124593119983015 0.7498089273339004
vt 0.3125000000000071 0.9368480023445676
vt 0.3125000000000071 0.790034183571223
vt 0.3312402576409452 0.7893983022035491
vt 0.33123959858981955 0.9374999999999978
vt 0.2500000000000031 0.6687602145609146
vt 0.334737012740157 0.6687602145609155
vt 0.3340611652560046 0.6875000000000062
vt 0.2508662025210615 0.6874905345930173
vt 0.24999999999999556 0.8746140475493229
vt 0.24999999999999645 0.8085308787745698
vt 0.2687408135340945 0.8078778256429984
vt 0.26874695458816245 0.875000000000006
vt 0.24999999999999778 0.6687630470427663
vt 0.33342912434553185 0.6687630470427663
vt 0.33270138696768203 0.6874999999999956
vt 0.2512270843199591 0.6874700218034464
vt 0.24999999999999645 0.8743922692011781
vt 0.24999999999999645 0.8133739772460196
vt 0.2687420079431293 0.8129819303616594
vt 0.2687381483166966 0.8749999999999978
vt 0.2500000000000031 0.6687743318648343
vt 0.3318304079426655 0.6687743318648351
vt 0.3309952565244063 0.6875000000000062
vt 0.25140622771404075 0.6874725986258543
vt 0.31249999999999556 0.8740699607673177
vt 0.31249999999999467 0.8206563034401646
vt 0.3312412471787134 0.8200475859369649
vt 0.3312214539906888 0.8749999999999951
vt 0.31250000000000266 0.6687755155728148
vt 0.3935055932193139 0.6687755155728139
vt 0.3925319707316177 0.6875000000000009
vt 0.31423166235025235 0.6874478175500673
vt 0.31249999999999467 0.8735698365869591
vt 0.31249999999999467 0.830175729664187
vt 0.33122574616401046 0.8292549915223439
vt 0.3311879845201222 0.8749999999999996
vt 0.3125 0.6687844392119677
vt 0.3946068896507775 0.6687844392119677
vt 0.39350839493543077 0.6874999999999956
vt 0.3147821451956956 0.6873873943080211
vt 0.2500000000000018 0.8726871692632896
vt 0.2500000000000009 0.8418199454196644
vt 0.2686987555084013 0.8404359480616117
vt 0.26859766223335235 0.8750000000000018
vt 0.2500000000000018 0.6687859108126135
vt 0.33606326751655047 0.6687859108126135
vt 0.3349417038986111 0.6875
vt 0.25314875051380703 0.6872645581999177
vt 0.31249999999999334 0.8715408224874386
vt 0.31249999999999334 0.8542853432851683
vt 0.3311329447508231 0.8522085437100921
vt 0.3308362364595032 0.8750000000000018
vt 0.25000000000000266 0.6687853679245421
vt 0.3417529142078086 0.6687853679245421
vt 0.3406697478284837 0.6874999999999982
vt 0.254107371668427 0.6870714368921993
vt 0.3143906969264707 0.7940869462427913
vt 0.32396494012436783 0.7940869462427915
vt 0.3274791743167773 0.8125000000000016
vt 0.31250000000000355 0.8124990779297323
vt 0.31249999999999645 0.6466852037060866
vt 0.40665763964275303 0.6699711266941242
vt 0.4000009284614219 0.6874999999999973
vt 0.31249999999999645 0.6654313168448818
vt 0.3141744009410701 0.7913041738190039
vt 0.330464498086422 0.7937494739657123
vt 0.330464498086422 0.8125
vt 0.3124999999999929 0.8099680147852553
vt 0.31249999999999467 0.6875
vt 0.31249999999999467 0.5630008201583232
vt 0.33022675457827066 0.569114021825337
vt 0.33110977495350347 0.6853845003711276
vt 0.3125000000000022 0.875
vt 0.31250000000000244 0.8313463485025299
vt 0.3311934059739514 0.832788491428218
vt 0.33096361867453017 0.8741137661473228
vt 0.2500000000000018 0.6688905328150474
vt 0.36508811586807255 0.6688905328150465
vt 0.35869377420365023 0.6865121573851924
vt 0.2520966017515587 0.6875000000000009
vt 0.31249999999999856 0.8703830932615
vt 0.31249999999999867 0.8606947122531736
vt 0.3308862956408192 0.8643733817369468
vt 0.3299948081667946 0.8750000000000002
vt 0.24999999999999734 0.668854650552344
vt 0.35697582086620994 0.668854650552344
vt 0.35136392626807655 0.6867461278343336
vt 0.2517888125181025 0.6874999999999973
vt 0.31249999999999645 0.8700872290519253
vt 0.3142408677773245 0.8596718837170667
vt 0.33299029485190523 0.8596718837170667
vt 0.32889746770805317 0.874999999999998
vt 0.31249999999999745 0.6062790218522007
vt 0.41066433148838744 0.6062790218521998
vt 0.4059337777976112 0.624424920000024
vt 0.312699355999685 0.625
vt 0.3124999999999991 0.8109507543564118
vt 0.3124999999999991 0.7769426205637067
vt 0.3308639719212243 0.7731757517179085
vt 0.33097410756804724 0.8125000000000029
vt 0.31371719204912973 0.6688238013332324
vt 0.4051664009713507 0.6688238013332324
vt 0.4009498057550598 0.687093766134633
vt 0.3124999999999929 0.6874999999999982
vt 0.31249999999999734 0.8740715890300255
vt 0.31249999999999734 0.8214594747376642
vt 0.3311730609853578 0.8197453569800335
vt 0.33114423415250016 0.8749999999999982
vt 0.3147287249090689 0.668918360768501
vt 0.39815547951872565 0.66923044497209
vt 0.393943114014097 0.6875000000000027
vt 0.31250000000000444 0.6875000000000027
vt 0.31249999999999645 0.8745671026808699
vt 0.31249999999999645 0.8152711418018814
vt 0.33122761083935437 0.8143503370929155
vt 0.33119023345155085 0.8750000000000036
vt 0.25304244996241776 0.6690311140502176
vt 0.3234134717194235 0.6690311140502168
vt 0.3188055230696625 0.6872025581192416
vt 0.24999999999999867 0.6875000000000018
vt 0.3125 0.8750000000000022
vt 0.3125 0.8190456292899086
vt 0.3312419521891936 0.8186353968704627
vt 0.33120570613773737 0.8748683218369466
vt 0.31355843938751793 0.6062968946060936
vt 0.35880821506800453 0.5969285955380608
vt 0.35880821506800453 0.6156826586394937
vt 0.31250000000000266 0.6249999999999973
vt 0.375 0.8743482488498042
vt 0.375 0.8314243458898867
vt 0.3937502789995948 0.8315755336865456
vt 0.3937174620208168 0.875
vt 0.2522788991873659 0.6688046345732364
vt 0.37802416376023196 0.6688046345732364
vt 0.37945847783748654 0.6875000000000018
vt 0.2500000000000018 0.6874113007105072
vt 0.31250000000000266 0.9375000000000027
vt 0.31250000000000266 0.7637286357559199
vt 0.33123496299167243 0.7630627616963279
vt 0.33114878294086303 0.9355309017419926
vt 0.3168591165899488 0.6608119439690316
vt 0.39328553346617046 0.6687521324129229
vt 0.39328553346617046 0.6874999999999982
vt 0.3124999999999991 0.6790406691813917
vt 0.3124999999999991 0.9374999999999969
vt 0.3124999999999991 0.7908284902995355
vt 0.33114571651447555 0.792809442021386
vt 0.3310496331282664 0.9348164386662972
vt 0.31594824538590527 0.6688508580148618
vt 0.3569306372794063 0.6688508580148618
vt 0.35889203508279444 0.6875
vt 0.3125000000000032 0.6872794298534117
vt 0.375 0.8750000000000018
vt 0.375 0.7454871367090818
vt 0.3935550159352843 0.7481749377185118
vt 0.3934856644142526 0.8718874849034739
vt 0.37950256364057733 0.6687774508812332
vt 0.4050505003539895 0.6687774508812332
vt 0.40604585195411147 0.6874999999999991
vt 0.3750000000000031 0.6869744438601595
vt 0.31249999999999734 0.9375000000000044
vt 0.3124999999999982 0.8208396690708488
vt 0.3309960011015667 0.8239465688219312
vt 0.33102093995590387 0.9345817957641382
vt 0.3124999999999929 0.6832040867673168
vt 0.3124999999999929 0.6559776290469301
vt 0.3312447263702496 0.6556597397317327
vt 0.3307471405241893 0.6874999999999973
vt 0.31249999999999734 0.9375000000000027
vt 0.31249999999999734 0.834334097126888
vt 0.33102536244012537 0.8372299807181935
vt 0.3310991138696249 0.9351382784055664
vt 0.312499999999998 0.6840755630500723
vt 0.312499999999998 0.6519842814994314
vt 0.33125174898516674 0.6519224425172654
vt 0.330938092923033 0.6874999999999982
vt 0.31250000000000044 0.8750000000000027
vt 0.3125 0.7850466490253867
vt 0.33110295005335244 0.7873747415788444
vt 0.3311553404897456 0.8731119232770705
vt 0.37499999999999956 0.6846368423923028
vt 0.37499999999999956 0.6551587891153314
vt 0.39375020463721633 0.6551921826027076
vt 0.39352982352218957 0.6874999999999982
vt 0.31249999999999734 0.8750000000000009
vt 0.3124999999999969 0.7977889496959003
vt 0.331158496973726 0.7996611305081753
vt 0.3311584964678076 0.8731779020853132
vt 0.3125000000000001 0.6845681105891739
vt 0.3125000000000001 0.6739164895271017
vt 0.3312400539281064 0.6733975250926942
vt 0.33101942289820885 0.6874999999999982
vt 0.3125000000000018 0.8563368522960206
vt 0.377495981846959 0.8563368522960204
vt 0.37567224410761657 0.8750000000000009
vt 0.31436408879144917 0.8749904224848639
vt 0.2505569522996538 0.6687776985987056
vt 0.3675272476741629 0.6687776985987055
vt 0.3710156921009613 0.6872024191065897
vt 0.25 0.6875
vt 0.2500000000000009 0.793848540417117
vt 0.43062467095558343 0.793848540417117
vt 0.42872463786626724 0.8125000000000023
vt 0.25242128858041113 0.8124228984322107
vt 0.31258032036054395 0.606274510973948
vt 0.3985933026655424 0.6062745109739476
vt 0.4023105231383335 0.6246514370656981
vt 0.31250000000000266 0.6249999999999969
vt 0.2500000000000062 0.7938870356793641
vt 0.40340128773294914 0.7938870356793641
vt 0.4009469936356558 0.8124756146624115
vt 0.25216237820728793 0.8124999999999978
vt 0.3125000000000018 0.668774115811571
vt 0.3941661099577125 0.668774115811571
vt 0.3971057793911159 0.6872930531173345
vt 0.31256883258019297 0.6874999999999982
vt 0.24999999999999822 0.8562964296728386
vt 0.3816691706809623 0.8562964296728386
vt 0.37949248778877287 0.8749221432923715
vt 0.25120086719375667 0.8749999999999969
vt 0.3125 0.6687803207496605
vt 0.40465208641832184 0.6687803207496601
vt 0.40631318299870856 0.6874530421307443
vt 0.3131856048987114 0.6874999999999938
vt 0.25017588600969454 0.8562661298115763
vt 0.35925088099594227 0.8562661298115763
vt 0.3580534401031743 0.8749779065426435
vt 0.25000000000000533 0.8749999999999969
vt 0.3125000000000018 0.6687549472888477
vt 0.42009481447338803 0.6687549472888477
vt 0.4202938130128828 0.6874999999999973
vt 0.3142900207743997 0.6873942299165994
vt 0.3143623508353892 0.7937469566961597
vt 0.3966220638826954 0.7937469566961597
vt 0.39678057147504475 0.8124999999999982
vt 0.3125000000000009 0.8123702527840817
vt 0.31250000000000266 0.606287891388753
vt 0.43927601711532827 0.606287891388753
vt 0.4380871367035031 0.6249999999999947
vt 0.3158552108917494 0.624716909069694
vt 0.315598548204564 0.8563348207592085
vt 0.36966116525646076 0.8563348207592081
vt 0.37147256306866794 0.8750000000000013
vt 0.31250000000000355 0.8747413820628309
vt 0.25 0.6688211511139379
vt 0.39553314592387423 0.6688211511139379
vt 0.3939120391709956 0.6874999999999978
vt 0.2546629342069595 0.6869650048223996
vt 0.31475612771297534 0.7939639012180206
vt 0.36306342044657836 0.7939639012180206
vt 0.36631393897316844 0.8124311681955894
vt 0.3125000000000018 0.8124999999999991
vt 0.25000000000000355 0.6687565071796285
vt 0.4148557756277098 0.6687565071796285
vt 0.4143530172810763 0.687500000000002
vt 0.2544402647008477 0.6869675750972146
vt 0.3128727438186898 0.8562578764581454
vt 0.4018874660911882 0.8562578764581454
vt 0.40440879410042374 0.874843336132844
vt 0.3124999999999938 0.8749999999999996
vt 0.3125000000000029 0.7500000000000009
vt 0.3125000000000031 0.6005642308496313
vt 0.3312363504294815 0.601300639420856
vt 0.331208407299475 0.7487471796549157
vt 0.37500000000000266 0.9374579766235334
vt 0.3750000000000029 0.7937228729116619
vt 0.39375034547555887 0.7933336458927034
vt 0.3937441228198584 0.9375000000000018
vt 0.312499999999998 0.7495439150442769
vt 0.312499999999998 0.6492761372409115
vt 0.3312129615457513 0.6504378775301589
vt 0.3312445188391988 0.75
vt 0.31249999999999867 0.8750000000000044
vt 0.31249999999999867 0.7804858027777746
vt 0.3312473806569627 0.7804465750402079
vt 0.3312473806569627 0.8749607722624377
vt 0.31313374593282095 0.6687579567174429
vt 0.37910390549852924 0.6687579567174429
vt 0.3773634429241488 0.6874322332101797
vt 0.31249999999999734 0.6874999999999971
vt 0.31250000000000133 0.8749999999999982
vt 0.3125000000000009 0.816851066083502
vt 0.3312498446339234 0.8168935250788127
vt 0.33123997437020813 0.8747569696953441
vt 0.3134175370622394 0.6687756289544344
vt 0.3565984392355386 0.6687756289544344
vt 0.35452221937067296 0.6874096822946298
vt 0.3124999999999982 0.6874999999999973
vt 0.3750000000000029 0.8125000000000018
vt 0.3750000000000029 0.7754361224960888
vt 0.3937461445342376 0.7756987613433468
vt 0.39374021515933655 0.8121895066918938
vt 0.3137257799277471 0.6062915762337182
vt 0.3472525847356174 0.606291576233718
vt 0.3455733360248425 0.6249682716558844
vt 0.3124999999999991 0.6249999999999984
vt 0.31250000000000044 0.8124999999999947
vt 0.31250000000000044 0.7757554043089279
vt 0.33124811416600997 0.7760786151043284
vt 0.3312427477305848 0.8121831039087191
vt 0.3765744807562008 0.6687793656342991
vt 0.4189376285271411 0.6687793656342991
vt 0.41785405203783643 0.6875000000000018
vt 0.37499999999999734 0.6874611026897994
vt 0.375 0.8750000000000036
vt 0.375 0.8227706571187028
vt 0.3937480864272098 0.8230822142047636
vt 0.3937443289608282 0.874818494329971
vt 0.31402741924619715 0.668764231148929
vt 0.38137519000783815 0.668764231148929
vt 0.3807457768909206 0.6874999999999996
vt 0.31249999999999734 0.6874477925602027
vt 0.37499999999999867 0.8750000000000053
vt 0.37499999999999867 0.7990569945411412
vt 0.39374905324751963 0.7992245667543179
vt 0.3937488428718252 0.87496056613056
vt 0.3136221044293652 0.6687818399819301
vt 0.4183587632232779 0.6687818399819301
vt 0.41663045427422496 0.6874510215066145
vt 0.31249999999999645 0.6875000000000007
vt 0.3750000000000011 0.8749999999999982
vt 0.3750000000000011 0.7660315052340225
vt 0.39374894124799864 0.7660676112119109
vt 0.39373633331769287 0.8743290563579205
vt 0.31250000000000355 0.6688094171679486
vt 0.4601235691346863 0.6688094171679482
vt 0.4585073627413001 0.6874926750983512
vt 0.31397599414317945 0.6875000000000004
vt 0.37499999999999667 0.8749999999999973
vt 0.3749999999999971 0.7421246301745477
vt 0.3937411284594794 0.7427532032134021
vt 0.3937070187237477 0.8738167389471281
vt 0.31249999999999734 0.6687735884916197
vt 0.4452109177698347 0.6687735884916197
vt 0.444305730727625 0.6874999999999982
vt 0.3151214794619652 0.6873360451866661
vt 0.3749999999999991 0.8749999999999978
vt 0.3749999999999991 0.7543481995446171
vt 0.393714828663269 0.7554640970161364
vt 0.39372047281080724 0.8740360444824584
vt 0.3125000000000018 0.6062499321137413
vt 0.4455822410790615 0.6062499321137409
vt 0.4456305843648398 0.6249999999999969
vt 0.31481011875632303 0.6248514502327471
vt 0.3750000000000029 0.8750000000000009
vt 0.3750000000000029 0.7487932009247826
vt 0.39373063986159706 0.7496897685464687
vt 0.3937277186887467 0.8744397841685796
vt 0.3124999999999998 0.6560232781037119
vt 0.44801108627017694 0.6687698244276805
vt 0.4470987919960234 0.6874999999999982
vt 0.3124999999999998 0.6747682576399106
vt 0.37500000000000155 0.8749999999999978
vt 0.37500000000000155 0.741613774927607
vt 0.393746948173101 0.742126561257495
vt 0.39373753823403645 0.8749170090933731
vt 0.31249999999999956 0.6062977428409431
vt 0.4466452303009685 0.6062977428409426
vt 0.4482460140151432 0.6249782220639291
vt 0.31370520964209625 0.6250000000000022
vt 0.3750000000000031 0.8744566099272921
vt 0.3750000000000031 0.74092360765702
vt 0.3937491253070202 0.740994782419258
vt 0.3937358300801298 0.8749999999999998
vt 0.3125000000000011 0.6687587639294277
vt 0.44107503053300334 0.6687587639294272
vt 0.44332837039990025 0.6873748061983083
vt 0.31301706828329756 0.6874999999999991
vt 0.37500000000000333 0.9360560493171428
vt 0.37500000000000333 0.8081859716687245
vt 0.3937435718837822 0.8076725984125868
vt 0.3936949965779777 0.9375000000000004
vt 0.31358671063297283 0.6687843565432492
vt 0.4414054942499064 0.6687843565432487
vt 0.4438651346352325 0.6873748597585974
vt 0.3125000000000009 0.6874999999999987
vt 0.374999999999998 0.8726136956413533
vt 0.374999999999998 0.7467095443495868
vt 0.39370067657295515 0.7453286166401654
vt 0.393594639809171 0.8750000000000062
vt 0.31514608457382787 0.6687575610575855
vt 0.45583381780331056 0.6687575610575855
vt 0.4563072177293108 0.6874999999999982
vt 0.3125000000000022 0.6873048737130802
vt 0.37500000000000333 0.9357716855678513
vt 0.37500000000000333 0.7974363748076367
vt 0.3935957145082931 0.7950253188172711
vt 0.39366905024462295 0.9374999999999991
vt 0.43749999999999845 0.8113250864274386
vt 0.4374999999999982 0.6091366106763152
vt 0.45623199480085197 0.6098995637176641
vt 0.45620747907681447 0.8124999999999973
vt 0.2507141298457527 0.7937656383181637
vt 0.42782417651959914 0.7937656383181635
vt 0.42964650727947973 0.8124273787491656
vt 0.2499999999999991 0.8125000000000013
vt 0.3750000000000049 0.8124999999999973
vt 0.3750000000000051 0.5970409296046553
vt 0.3937425354170698 0.5974604518955786
vt 0.3937499710302914 0.8124448684442536
vt 0.31277645014878797 0.7937569132243927
vt 0.5174376994196868 0.7937569132243927
vt 0.5181587869357687 0.8124893266845998
vt 0.3124999999999978 0.8124999999999944
vt 0.37499999999999956 0.8121836105311866
vt 0.37499999999999956 0.5960421470713437
vt 0.39374862549135736 0.5961673780971464
vt 0.39374404841086896 0.8125
vt 0.24999999999999956 0.8562496903645798
vt 0.46611121449672543 0.8562496903645798
vt 0.46638986551220096 0.8749999999999984
vt 0.25008241199463566 0.8749975768408107
vt 0.3749999999999969 0.7493601904609104
vt 0.37499999999999645 0.5467168769763542
vt 0.3937471257855685 0.5464684416880914
vt 0.39373798102294044 0.7499999999999991
vt 0.31250000000000266 0.8562495110425172
vt 0.525950108705175 0.8562495110425172
vt 0.5258654230051554 0.8750000000000009
vt 0.3130173387649946 0.8749897235206945
vt 0.43750000000000133 0.7489358043006291
vt 0.4375000000000018 0.5762070960885168
vt 0.456224603431461 0.5752589442232585
vt 0.45621935065850283 0.7500000000000013
vt 0.31249999999999734 0.793758645993039
vt 0.5122977806785185 0.793758645993039
vt 0.511782876271357 0.8124999999999933
vt 0.3137669765434947 0.8124638540779743
vt 0.37499999999999734 0.6830149594459378
vt 0.3934727510812157 0.561309135811431
vt 0.41222218961447554 0.561309135811431
vt 0.3932036117718669 0.6874999999999969
vt 0.31250000000000133 0.7937956226832055
vt 0.49572914327506146 0.7937956226832055
vt 0.4944631750918411 0.8125000000000013
vt 0.3153076390025489 0.8123336340748399
vt 0.4375000000000031 0.6789588303035634
vt 0.45760092945450415 0.6286658498284989
vt 0.47634969712234043 0.6286658498284994
vt 0.4541831964927836 0.6874999999999969
vt 0.3125000000000022 0.7939733808393039
vt 0.4944558511227748 0.793973380839304
vt 0.49159252433616585 0.8125000000000033
vt 0.3174853654095373 0.812034234973201
vt 0.38276787953608693 0.6630341269686406
vt 0.40977308740653573 0.6687473960141479
vt 0.40977308740653573 0.6874999999999942
vt 0.375 0.6800284334788467
vt 0.31249999999999556 0.8565192284100738
vt 0.5073370819829304 0.8565192284100736
vt 0.5023066624362502 0.8745838594555553
vt 0.3156320775159345 0.8750000000000033
vt 0.4375000000000031 0.7470163645692565
vt 0.43750000000000355 0.5892589062223927
vt 0.45624737234925394 0.5896680959688012
vt 0.45601126846657314 0.7499999999999987
vt 0.43750000000000133 0.9374999999999953
vt 0.43750000000000133 0.769922008245969
vt 0.455991504213594 0.7730026836558719
vt 0.4562437785400588 0.937378870766153
vt 0.43749999999999734 0.6869236854686973
vt 0.43749999999999734 0.5484527496080447
vt 0.45623712353515566 0.549147966572902
vt 0.45623543940466593 0.6875000000000029
vt 0.37499999999999867 0.93740215773109
vt 0.37499999999999867 0.7995160079099426
vt 0.39375417523064593 0.7996079344061235
vt 0.3937415136299176 0.9375000000000018
vt 0.4375000000000018 0.7495910027058148
vt 0.43750000000000133 0.6292869710233207
vt 0.45621729405913003 0.6304517926208615
vt 0.45624342349568003 0.7499999999999982
vt 0.3749999999999951 0.8745828441963368
vt 0.3749999999999951 0.7634889168054799
vt 0.393751278778681 0.763393651838046
vt 0.3937403121998484 0.8749999999999971
vt 0.37499999999999734 0.7499017196456295
vt 0.37499999999999734 0.6429544016422077
vt 0.3936581014232243 0.6448254645167681
vt 0.3937470182304903 0.7500000000000013
vt 0.43750000000000355 0.8740744775680682
vt 0.43750000000000355 0.7906747904433555
vt 0.4562444076623162 0.7902687403214361
vt 0.4562210122283257 0.875
vt 0.43750000000000133 0.6874999999999993
vt 0.43750000000000133 0.5867923900824141
vt 0.4560371053851129 0.5896080517282376
vt 0.45623857469020423 0.6870027436353514
vt 0.37499999999999556 0.8733511578094038
vt 0.37499999999999556 0.8188484955321123
vt 0.3937303364729412 0.8179636383839028
vt 0.39367359827551507 0.8749999999999978
vt 0.4374999999999978 0.6874999999999973
vt 0.4374999999999978 0.5850600089915421
vt 0.4559019339200905 0.588642802053601
vt 0.4561936626405425 0.6861033576356093
vt 0.43750000000000133 0.8097621378400008
vt 0.43750000000000133 0.7816124230046335
vt 0.45618953074709445 0.7801197471930585
vt 0.45603768779015885 0.8124999999999996
vt 0.4374999999999969 0.6875
vt 0.437499999999997 0.5814152222129634
vt 0.4559204440231759 0.5849249096707618
vt 0.4561336472523225 0.6854137160545855
vt 0.375 0.8720286711550753
vt 0.375 0.8533041864325255
vt 0.393581646596314 0.8507934385196134
vt 0.3934850317881202 0.8750000000000022
vt 0.4374999999999977 0.6874999999999969
vt 0.4374999999999977 0.579808469315128
vt 0.4559552937030916 0.5831240612619064
vt 0.456149904091594 0.6855754507347762
vt 0.43749999999999856 0.8097483616304002
vt 0.43749999999999856 0.7740517876964077
vt 0.45602765122775957 0.7711658358417419
vt 0.4560400845813308 0.8124999999999991
vt 0.4374999999999978 0.7499999999999991
vt 0.4374999999999978 0.6034231860667836
vt 0.45595376915295815 0.6067356869138396
vt 0.4561006604572323 0.7476512301906806
vt 0.43749999999999806 0.871849282328367
vt 0.437499999999998 0.8225321453473953
vt 0.45605293222623444 0.8198202584012488
vt 0.45597961846105395 0.8749999999999942
vt 0.437499999999994 0.75
vt 0.4374999999999942 0.6115352828673495
vt 0.45607259801993827 0.6141158308303925
vt 0.45602710865625484 0.747085958911732
vt 0.4375000000000002 0.8102925978065274
vt 0.43750000000000044 0.756155254381448
vt 0.45598292259685347 0.7529947915350066
vt 0.45611729582085636 0.8124999999999947
vt 0.4375000000000018 0.6874999999999978
vt 0.43750000000000133 0.5544153817114819
vt 0.4561815916968728 0.5560588485453108
vt 0.45613873127788995 0.6854301831812513
vt 0.4374999999999982 0.8736590451585853
vt 0.43749999999999845 0.7959879452202878
vt 0.45611652805336944 0.7937265330949665
vt 0.45620235520230645 0.8749999999999964
vt 0.4374999999999942 0.6874999999999984
vt 0.43749999999999467 0.5547212292829707
vt 0.4562272557108251 0.5556701240894004
vt 0.4562157883867992 0.6863298440017093
vt 0.3750000000000009 0.8742863387764351
vt 0.3750000000000011 0.7728118084129001
vt 0.39369819259771544 0.7714495607926868
vt 0.39374123295458485 0.8750000000000009
vt 0.43749999999999467 0.7499999999999993
vt 0.43749999999999467 0.6158712539840445
vt 0.4562457794492851 0.6163313946158683
vt 0.45624518358987887 0.7494850606889712
vt 0.43749999999999867 0.8747440077839557
vt 0.43749999999999867 0.7550896432454024
vt 0.456236242281743 0.7543703889633343
vt 0.4562482534399279 0.8749999999999991
vt 0.43750000000000444 0.7499999999999997
vt 0.437500000000004 0.6164588626993068
vt 0.45625051309554454 0.6165307842987602
vt 0.45625203416241744 0.7499469308543734
vt 0.43749999999999956 0.8748686318703474
vt 0.43931336643690044 0.7431274935631427
vt 0.4580634549783582 0.7431274935631427
vt 0.4562529239447344 0.8749999999999993
vt 0.4999999999999982 0.7496725824133785
vt 0.4999999999999982 0.620787572951213
vt 0.5187428992718415 0.6204711347494765
vt 0.5187473754639518 0.7500000000000017
vt 0.4375000000000029 0.8749999999999996
vt 0.4375000000000031 0.7363529768395654
vt 0.4562497376665082 0.7364852405429755
vt 0.4562386804736447 0.8744758390211453
vt 0.4375000000000062 0.6867860981413527
vt 0.4375000000000062 0.5679706923049777
vt 0.4562103876727037 0.566746622755337
vt 0.4562363312780664 0.6874999999999998
vt 0.43749999999999933 0.9375000000000006
vt 0.4374999999999991 0.7953353680477284
vt 0.4562391836073494 0.795857635560614
vt 0.4562031616051314 0.9361592665123882
vt 0.4388602550080434 0.6687993801472909
vt 0.5626852677843903 0.6687993801472905
vt 0.5651374641167738 0.6873920181062365
vt 0.43750000000000044 0.6875000000000009
vt 0.37500000000000216 0.7937994121011003
vt 0.5627437675813124 0.7937994121011003
vt 0.561389360520823 0.8125000000000009
vt 0.37739554931127417 0.8123983771192747
vt 0.4398015540751157 0.6063916150764115
vt 0.5277203416186492 0.6063916150764115
vt 0.5305562218144952 0.6249265022173496
vt 0.43750000000000044 0.6249999999999971
vt 0.37500000000000133 0.7939045449738273
vt 0.5434375418599218 0.7939045449738276
vt 0.5410256512255562 0.8124999999999987
vt 0.37775057723850836 0.8124526104013863
vt 0.3777339292010444 0.6689344002678579
vt 0.4504339818574903 0.6689344002678579
vt 0.45306257886178813 0.6874999999999969
vt 0.3749999999999991 0.6874814541915588
vt 0.3749999999999971 0.85643312648143
vt 0.5320250403001034 0.85643312648143
vt 0.5292695766106941 0.8749788553827522
vt 0.37762580284065894 0.8749999999999971
vt 0.4401506377167794 0.6063645096893162
vt 0.5169944243170148 0.6063645096893162
vt 0.519062613653217 0.6250000000000009
vt 0.4375000000000031 0.6249233555672096
vt 0.3749999999999978 0.8563759785748097
vt 0.5250312657519234 0.8563759785748097
vt 0.52241477206704 0.8749396795001899
vt 0.3771397844556146 0.8750000000000013
vt 0.3771409603663072 0.6688132575048682
vt 0.46728472098302976 0.6688132575048682
vt 0.46885004051371215 0.6875
vt 0.3750000000000031 0.6874392987834093
vt 0.37499999999999356 0.8563191641715096
vt 0.5217812547902851 0.8563191641715096
vt 0.5196610132158783 0.8749447064633773
vt 0.37662352267428156 0.8750000000000016
vt 0.43911422883704576 0.6687877924768375
vt 0.5424142318622154 0.6687877924768375
vt 0.5436250105053635 0.6874999999999973
vt 0.43750000000000133 0.6874694336891789
vt 0.3749999999999942 0.7937939096566671
vt 0.521206251202277 0.7937939096566671
vt 0.5195898969642969 0.8124753670971978
vt 0.3762461489445623 0.8125000000000004
vt 0.43873436713488734 0.6687751676824799
vt 0.5507281187044504 0.6687751676824799
vt 0.5517312536309578 0.6874999999999993
vt 0.437500000000002 0.6874878746025466
vt 0.3750000000000031 0.7937813373427388
vt 0.5209125005354267 0.7937813373427387
vt 0.5196703530629012 0.8124876938233978
vt 0.3760203535900224 0.8124999999999998
vt 0.3760051559771178 0.6687798306741985
vt 0.49258026923569487 0.6687798306741984
vt 0.4915751132585773 0.6874999999999996
vt 0.37500000000000044 0.6874999999999997
vt 0.43750000000000044 0.8562555577588362
vt 0.579142150919888 0.8485785636180403
vt 0.579142150919888 0.8673302468758175
vt 0.43751839001572623 0.8749999999999999
vt 0.37500000000000133 0.6687820544232078
vt 0.5755938060834958 0.6687820544232078
vt 0.5725701455330172 0.6872905706302942
vt 0.37608274720467905 0.6875000000000002
vt 0.440726080468963 0.7937726987513858
vt 0.5501208617158875 0.7937726987513859
vt 0.5510709359596295 0.8125000000000009
vt 0.4374999999999969 0.812243130742348
vt 0.37499999999999756 0.6688950009486188
vt 0.5556129156857257 0.6688950009486186
vt 0.553302826878312 0.6874999999999989
vt 0.3781146707503653 0.687382111057538
vt 0.43976835240850987 0.7938844075980439
vt 0.5338753746790343 0.7938844075980439
vt 0.5371002207823368 0.8123527445337974
vt 0.4375000000000002 0.8125000000000012
vt 0.3750000000000031 0.6687792323943312
vt 0.5400065114718995 0.6687792323943312
vt 0.538889837026486 0.6875
vt 0.37730188098745265 0.6873876639975619
vt 0.438561705671183 0.8562786706750651
vt 0.5515057754164554 0.8562786706750651
vt 0.5538312924619044 0.8748794397746568
vt 0.43750000000000044 0.875000000000003
vt 0.37499999999999833 0.6687499714034802
vt 0.5273688301150352 0.6687499714034801
vt 0.527350557738573 0.6874999999999987
vt 0.37611294498272196 0.6874675899509994
vt 0.37500000000000033 0.8562499906577759
vt 0.5107250761247256 0.8562499906577759
vt 0.5118074010495429 0.8749676048371956
vt 0.3750011086289604 0.8749999999999986
vt 0.43749999999999656 0.6687500198627535
vt 0.5740875280268996 0.6687500198627535
vt 0.5751682693169895 0.687468081364653
vt 0.4375370115234718 0.6874999999999999
vt 0.4375000000000002 0.8562499989705498
vt 0.5897625103901566 0.8562499989705497
vt 0.5897631871613115 0.8750000000000023
vt 0.43856941515360737 0.8749683551762035
vt 0.43849707095863577 0.6687745089899911
vt 0.5532470847453994 0.6687745089899911
vt 0.5555624551780011 0.6873796262399531
vt 0.43749999999999845 0.6875000000000006
vt 0.37500000000000355 0.7937808809067082
vt 0.540250009573566 0.7937808809067082
vt 0.539168881374097 0.8124999999999991
vt 0.3772375875689342 0.8123988703254496
vt 0.43965787759966823 0.6688737372018067
vt 0.536020394017166 0.6688737372018067
vt 0.5391749352490801 0.6873593989408046
vt 0.4374999999999999 0.6874999999999996
vt 0.37500000000000155 0.8563917905232282
vt 0.5557688175284264 0.8563917905232283
vt 0.553509900944966 0.8750000000000013
vt 0.3780222450072971 0.8748954351166827
vt 0.503117049748329 0.6689295863637381
vt 0.6118047224408314 0.6689295863637381
vt 0.6143940807475569 0.6875000000000008
vt 0.5000000000000013 0.687416422286333
vt 0.3750000000000011 0.7939455596394221
vt 0.5773062967268022 0.7939455596394221
vt 0.5742751211857582 0.8124476240891497
vt 0.37766886137343947 0.8125000000000034
vt 0.24012996326799652 0.9375000000000033
vt 0.06302382961327213 0.9375000000000034
vt 0.06250000000000266 0.9062543906678706
vt 0.2396061336547275 0.9062543906678706
vt 0.30461874999999994 0.8717312500000016
vt 0.125 0.8750000000000017
vt 0.125 0.8437500000000017
vt 0.30461874999999994 0.8404812500000016
vt 0.2585750000000049 0.9015437499999996
vt 0.12500000000000533 0.9374999999999997
vt 0.12500000000000533 0.9062499999999997
vt 0.2585750000000049 0.8702937499999996
vt 0.26258125000000376 0.9375000000000017
vt 0.12500000000000355 0.9004812500000017
vt 0.12500000000000355 0.8692312500000017
vt 0.26258125000000376 0.9062500000000017
vt 0.2772187499999994 0.9116749999999978
vt 0.1874999999999991 0.9999999999999978
vt 0.1874999999999991 0.9687499999999978
vt 0.2772187499999994 0.8804249999999978
vt 0.28010624999999756 1
vt 0.18749999999999822 0.9092312499999999
vt 0.18749999999999822 0.8779812499999999
vt 0.28010624999999756 0.96875
vt 0.24798124999999605 0.8873375
vt 0.187499999999996 1
vt 0.187499999999996 0.96875
vt 0.24798124999999605 0.8560875
vt 0.18628125000000129 0.9999999999999982
vt 0.12500000000000133 0.8855437499999983
vt 0.12500000000000133 0.8542937499999983
vt 0.18628125000000129 0.9687499999999982
vt 0.2376625000000021 0.8137375000000014
vt 0.18750000000000178 0.9375000000000014
vt 0.18750000000000178 0.9062500000000014
vt 0.2376625000000021 0.7824875000000014
vt 0.237474999999999 0.9375000000000018
vt 0.1874999999999991 0.8131625000000018
vt 0.1874999999999991 0.7819125000000018
vt 0.237474999999999 0.9062500000000018
vt 0.24040624999999816 0.8150499999999994
vt 0.18749999999999822 0.9374999999999994
vt 0.18749999999999822 0.9062499999999994
vt 0.24040624999999816 0.7837999999999994
vt 0.2397187500000002 0.9374999999999976
vt 0.1875 0.8154062499999974
vt 0.1875 0.7841562499999974
vt 0.2397187500000002 0.9062499999999976
vt 0.1905312500000047 0.82964375
vt 0.12500000000000533 0.9375
vt 0.12500000000000533 0.90625
vt 0.1905312500000047 0.79839375
vt 0.2518125000000033 0.9375000000000022
vt 0.18750000000000266 0.8306062500000023
vt 0.18750000000000266 0.7993562500000023
vt 0.2518125000000033 0.9062500000000023
vt 0.21205625000000605 0.9164624999999975
vt 0.12500000000000533 0.9999999999999976
vt 0.12500000000000533 0.9687499999999976
vt 0.21205625000000605 0.8852124999999976
vt 0.210218750000001 0.9999999999999999
vt 0.1250000000000009 0.9175499999999999
vt 0.1250000000000009 0.8862999999999999
vt 0.210218750000001 0.9687499999999999
vt 0.2462375000000021 0.8831062500000032
vt 0.12500000000000266 0.9375000000000032
vt 0.12500000000000266 0.9062500000000032
vt 0.2462375000000021 0.8518562500000032
vt 0.24446875000000023 0.9375000000000013
vt 0.1250000000000009 0.8836062500000013
vt 0.1250000000000009 0.8523562500000013
vt 0.24446875000000023 0.9062500000000013
vt 0.23154374999999572 0.9146437499999988
vt 0.12499999999999556 0.9374999999999988
vt 0.12499999999999556 0.9062499999999988
vt 0.23154374999999572 0.8833937499999988
vt 0.23085624999999776 0.9375000000000016
vt 0.12499999999999822 0.9148062500000016
vt 0.12499999999999822 0.8835562500000016
vt 0.23085624999999776 0.9062500000000016
vt 0.19858125000000015 0.9186812500000026
vt 0.125 0.9375000000000026
vt 0.125 0.9062500000000026
vt 0.19858125000000015 0.8874312500000026
vt 0.19844374999999825 0.9374999999999964
vt 0.12499999999999822 0.9190062499999965
vt 0.12499999999999822 0.8877562499999965
vt 0.19844374999999825 0.9062499999999964
vt 0.2377687499999963 0.9233499999999967
vt 0.18749999999999645 0.9374999999999967
vt 0.18749999999999645 0.9062499999999967
vt 0.2377687499999963 0.8920999999999967
vt 0.23736874999999813 0.9375000000000011
vt 0.18749999999999822 0.9237375000000011
vt 0.18749999999999822 0.8924875000000011
vt 0.23736874999999813 0.9062500000000011
vt 0.16058749999999566 0.9283624999999974
vt 0.12499999999999556 0.9374999999999974
vt 0.12499999999999556 0.9062499999999974
vt 0.16058749999999566 0.8971124999999974
vt 0.2225437500000007 0.9374999999999997
vt 0.1875000000000009 0.9287874999999997
vt 0.1875000000000009 0.8975374999999997
vt 0.2225437500000007 0.9062499999999997
vt 0.16155000000000275 0.8688437499999988
vt 0.12500000000000266 0.8749999999999988
vt 0.12500000000000266 0.8437499999999988
vt 0.16155000000000275 0.8375937499999988
vt 0.22353749999999994 0.9375000000000011
vt 0.1875 0.9317687500000011
vt 0.1875 0.9005187500000011
vt 0.22353749999999994 0.9062500000000011
vt 0.18298125000000365 0.9330500000000024
vt 0.12500000000000355 0.9375000000000024
vt 0.12500000000000355 0.9062500000000024
vt 0.18298125000000365 0.9018000000000024
vt 0.1827249999999978 0.9374999999999978
vt 0.12499999999999734 0.9334187499999977
vt 0.12499999999999734 0.9021687499999977
vt 0.1827249999999978 0.9062499999999978
vt 0.1569625000000059 0.934412500000001
vt 0.06250000000000533 0.9375000000000009
vt 0.06250000000000533 0.9062500000000009
vt 0.1569625000000059 0.903162500000001
vt 0.2194749999999992 0.8749999999999964
vt 0.12499999999999911 0.8722124999999965
vt 0.12499999999999911 0.8409624999999965
vt 0.2194749999999992 0.8437499999999964
vt 0.26871874999999434 0.9351312500000004
vt 0.12499999999999467 0.9375000000000004
vt 0.12499999999999467 0.9062500000000004
vt 0.26871874999999434 0.9038812500000004
vt 0.2696190569939958 0.9999999999999976
vt 0.12545385214531457 0.9999999999999976
vt 0.12500000000000178 0.9687532958821199
vt 0.269165204848683 0.9687532958821199
vt 0.213843750000005 0.9375000000000032
vt 0.12500000000000444 0.9320062500000033
vt 0.12500000000000444 0.9007562500000033
vt 0.213843750000005 0.9062500000000032
vt 0.27925624999999865 0.9321562499999989
vt 0.18749999999999822 0.9374999999999989
vt 0.18749999999999822 0.9062499999999989
vt 0.27925624999999865 0.9009062499999989
vt 0.17288125000000765 0.875
vt 0.1250000000000071 0.8685875
vt 0.1250000000000071 0.8373375
vt 0.17288125000000765 0.84375
vt 0.24103750000000357 0.9318250000000023
vt 0.18750000000000355 0.9375000000000023
vt 0.18750000000000355 0.9062500000000023
vt 0.24103750000000357 0.9005750000000023
vt 0.1787375000000031 0.9374999999999998
vt 0.12500000000000355 0.9315562499999999
vt 0.12500000000000355 0.9003062499999999
vt 0.1787375000000031 0.9062499999999998
vt 0.18378125 0.9949625
vt 0.125 1
vt 0.125 0.96875
vt 0.18378125 0.9637125
vt 0.20710000000000672 0.9375000000000033
vt 0.12500000000000622 0.9323625000000033
vt 0.12500000000000622 0.9011125000000033
vt 0.20710000000000672 0.9062500000000033
vt 0.2091687500000008 0.9331562499999982
vt 0.1250000000000009 0.9374999999999982
vt 0.1250000000000009 0.9062499999999982
vt 0.2091687500000008 0.9019062499999982
vt 0.2339687500000025 1
vt 0.12500000000000266 0.9950875
vt 0.12500000000000266 0.9638375
vt 0.2339687500000025 0.96875
vt 0.1704750000000015 0.99581875
vt 0.06250000000000178 1
vt 0.06250000000000178 0.96875
vt 0.1704750000000015 0.96456875
vt 0.256568749999996 0.9374999999999976
vt 0.12499999999999556 0.9324437499999976
vt 0.12499999999999556 0.9011937499999976
vt 0.256568749999996 0.9062499999999976
vt 0.19072500000000225 0.9332000000000027
vt 0.06250000000000266 0.9375000000000027
vt 0.06250000000000266 0.9062500000000027
vt 0.19072500000000225 0.9019500000000027
vt 0.2158125000000073 0.937499999999997
vt 0.0625000000000071 0.932293749999997
vt 0.0625000000000071 0.901043749999997
vt 0.2158125000000073 0.906249999999997
vt 0.21122500000000155 0.9331062499999971
vt 0.06250000000000178 0.9374999999999971
vt 0.06250000000000178 0.9062499999999971
vt 0.21122500000000155 0.9018562499999971
vt 0.24304999999999755 0.9375000000000031
vt 0.062499999999997335 0.9324937500000031
vt 0.062499999999997335 0.9012437500000031
vt 0.24304999999999755 0.9062500000000031
vt 0.23875000000000046 0.9333374999999975
vt 0.0625 0.9374999999999976
vt 0.0625 0.9062499999999976
vt 0.23875000000000046 0.9020874999999975
vt 0.2526237012642607 0.9375000000000031
vt 0.18762319615805012 0.9375000000000031
vt 0.18750000000000622 0.9062502428376404
vt 0.2525005051062168 0.9062502428376404
vt 0.1863571597404885 0.9375000000000008
vt 0.1250445973042309 0.9375000000000008
vt 0.12500000000000266 0.9062500318227297
vt 0.18631256243625938 0.9062500318227297
vt 0.20221250000000168 0.9371687500000034
vt 0.12500000000000178 0.9375000000000036
vt 0.12500000000000178 0.9062500000000036
vt 0.20221250000000168 0.9059187500000034
vt 0.1985844287450247 0.9375000000000002
vt 0.12507173506010627 0.9375000000000002
vt 0.1250000000000009 0.9062500823348102
vt 0.1985126936849193 0.9062500823348102
vt 0.21493124999999935 0.9355249999999985
vt 0.12499999999999911 0.9374999999999984
vt 0.12499999999999911 0.9062499999999984
vt 0.21493124999999935 0.9042749999999985
vt 0.21071875000000073 0.9374999999999971
vt 0.1250000000000009 0.9357937499999971
vt 0.1250000000000009 0.9045437499999971
vt 0.21071875000000073 0.9062499999999971
vt 0.16549999999999354 0.99421875
vt 0.06249999999999378 1
vt 0.06249999999999378 0.96875
vt 0.16549999999999354 0.96296875
vt 0.22276249999999642 0.9375000000000022
vt 0.12499999999999645 0.9322000000000022
vt 0.12499999999999645 0.9009500000000022
vt 0.22276249999999642 0.9062500000000022
vt 0.1785499999999982 0.9880687499999984
vt 0.062499999999998224 0.9999999999999984
vt 0.062499999999998224 0.9687499999999984
vt 0.1785499999999982 0.9568187499999984
vt 0.23507499999999792 1
vt 0.12499999999999822 0.98884375
vt 0.12499999999999822 0.95759375
vt 0.23507499999999792 0.96875
vt 0.2531375000000027 0.9186812500000019
vt 0.1250000000000027 0.9375000000000019
vt 0.1250000000000027 0.9062500000000019
vt 0.2531375000000027 0.8874312500000019
vt 0.30991874999999885 0.9374999999999997
vt 0.18749999999999883 0.9196749999999997
vt 0.18749999999999883 0.8884249999999997
vt 0.30991874999999885 0.9062499999999997
vt 0.2695312500000022 0.9125625000000032
vt 0.12500000000000222 0.9375000000000031
vt 0.12500000000000222 0.9062500000000031
vt 0.2695312500000022 0.8813125000000032
vt 0.20246875000000397 0.9375000000000017
vt 0.062500000000004 0.9135375000000017
vt 0.062500000000004 0.8822875000000017
vt 0.20246875000000397 0.9062500000000017
vt 0.23350625000000047 0.9066187500000031
vt 0.06250000000000089 0.9375000000000032
vt 0.06250000000000089 0.9062500000000032
vt 0.23350625000000047 0.8753687500000031
vt 0.2947499999999983 0.9374999999999978
vt 0.12499999999999822 0.9070124999999978
vt 0.12499999999999822 0.8757624999999978
vt 0.2947499999999983 0.9062499999999978
vt 0.22796250000000073 0.9231687500000034
vt 0.18750000000000044 0.9375000000000033
vt 0.18750000000000044 0.9062500000000033
vt 0.22796250000000073 0.8919187500000034
vt 0.22868124999999928 0.9374999999999973
vt 0.18749999999999956 0.9236999999999973
vt 0.18749999999999956 0.8924499999999973
vt 0.22868124999999928 0.9062499999999973
vt 0.17846249999999975 0.9209937500000013
vt 0.12499999999999956 0.9375000000000013
vt 0.12499999999999956 0.9062500000000013
vt 0.17846249999999975 0.8897437500000013
vt 0.1790687499999999 0.9375000000000007
vt 0.125 0.9219875000000006
vt 0.125 0.8907375000000006
vt 0.1790687499999999 0.9062500000000007
vt 0.1818437499999983 0.9206000000000003
vt 0.12499999999999822 0.9375000000000003
vt 0.12499999999999822 0.9062500000000003
vt 0.1818437499999983 0.8893500000000003
vt 0.24597499999999917 0.9375000000000004
vt 0.1874999999999991 0.9213437500000006
vt 0.1874999999999991 0.8900937500000006
vt 0.24597499999999917 0.9062500000000004
vt 0.17516249999999678 0.98414375
vt 0.12499999999999667 1
vt 0.12499999999999667 0.96875
vt 0.17516249999999678 0.95289375
vt 0.24058749999999884 0.9375000000000022
vt 0.1874999999999989 0.9220875000000022
vt 0.1874999999999989 0.8908375000000022
vt 0.24058749999999884 0.9062500000000022
vt 0.19204999999999783 0.9289437499999965
vt 0.18749999999999778 0.9374999999999964
vt 0.18749999999999778 0.9062499999999964
vt 0.19204999999999783 0.8976937499999965
vt 0.19633124999999918 0.9374999999999984
vt 0.1875 0.9297562499999984
vt 0.1875 0.8985062499999984
vt 0.19633124999999918 0.9062499999999984
vt 0.19456875000000085 0.9296499999999988
vt 0.1875000000000009 0.9374999999999988
vt 0.1875000000000009 0.9062499999999988
vt 0.19456875000000085 0.8983999999999988
vt 0.20243125000000317 0.9374999999999976
vt 0.1875000000000031 0.9281624999999976
vt 0.1875000000000031 0.8969124999999976
vt 0.20243125000000317 0.9062499999999976
vt 0.15654999999999963 0.8623187499999988
vt 0.12499999999999956 0.8749999999999989
vt 0.12499999999999956 0.8437499999999989
vt 0.15654999999999963 0.8310687499999988
vt 0.16222500000000295 0.9374999999999987
vt 0.12500000000000294 0.9245312499999987
vt 0.12500000000000294 0.8932812499999987
vt 0.16222500000000295 0.9062499999999987
vt 0.22972499999999751 0.9264312500000016
vt 0.18749999999999734 0.9375000000000017
vt 0.18749999999999734 0.9062500000000017
vt 0.22972499999999751 0.8951812500000016
vt 0.22813125000000145 0.9375000000000014
vt 0.18750000000000178 0.9293125000000014
vt 0.18750000000000178 0.8980625000000014
vt 0.22813125000000145 0.9062500000000014
vt 0.1413062500000013 0.9375000000000016
vt 0.12500000000000178 0.9351500000000015
vt 0.12500000000000178 0.9039000000000015
vt 0.1413062500000013 0.9062500000000016
vt 0.20541875000000243 0.9345500000000012
vt 0.18750000000000266 0.9375000000000012
vt 0.18750000000000266 0.9062500000000012
vt 0.20541875000000243 0.9033000000000012
vt 0.19680000000000586 0.9375000000000027
vt 0.18750000000000622 0.9352312500000026
vt 0.18750000000000622 0.9039812500000026
vt 0.19680000000000586 0.9062500000000027
vt 0.20271249999999696 0.9360812500000021
vt 0.18749999999999734 0.937500000000002
vt 0.18749999999999734 0.906250000000002
vt 0.20271249999999696 0.9048312500000021
vt 0.14224374999999867 0.9370062500000026
vt 0.12499999999999822 0.9375000000000027
vt 0.12499999999999822 0.9062500000000027
vt 0.14224374999999867 0.9057562500000026
vt 0.21028124999999864 0.937500000000002
vt 0.18749999999999822 0.9356125000000021
vt 0.18749999999999822 0.9043625000000021
vt 0.21028124999999864 0.906250000000002
vt 0.1555687499999987 0.9332374999999995
vt 0.12499999999999911 0.9374999999999994
vt 0.12499999999999911 0.9062499999999994
vt 0.1555687499999987 0.9019874999999995
vt 0.15915625000000233 0.9374999999999972
vt 0.12500000000000178 0.9321999999999973
vt 0.12500000000000178 0.9009499999999973
vt 0.15915625000000233 0.9062499999999972
vt 0.16789999999999683 0.9309937500000024
vt 0.12499999999999689 0.9375000000000024
vt 0.12499999999999689 0.9062500000000024
vt 0.16789999999999683 0.8997437500000024
vt 0.23268749999999727 0.9375000000000027
vt 0.18749999999999734 0.9303625000000026
vt 0.18749999999999734 0.8991125000000026
vt 0.23268749999999727 0.9062500000000027
vt 0.17799374999999396 0.9308125000000034
vt 0.12499999999999378 0.9375000000000034
vt 0.12499999999999378 0.9062500000000034
vt 0.17799374999999396 0.8995625000000034
vt 0.17949375000000334 0.9375000000000016
vt 0.12500000000000355 0.9304437500000016
vt 0.12500000000000355 0.8991937500000016
vt 0.17949375000000334 0.9062500000000016
vt 0.18581250000000393 0.9325375000000016
vt 0.125000000000004 0.9375000000000016
vt 0.125000000000004 0.9062500000000016
vt 0.18581250000000393 0.9012875000000016
vt 0.12429999999999763 0.9374999999999996
vt 0.062499999999997335 0.9323187499999995
vt 0.062499999999997335 0.9010687499999995
vt 0.12429999999999763 0.9062499999999996
vt 0.12856249999999614 0.9359249999999995
vt 0.062499999999996 0.9374999999999993
vt 0.062499999999996 0.9062499999999993
vt 0.12856249999999614 0.9046749999999995
vt 0.19210624999999926 0.9374999999999992
vt 0.12499999999999911 0.9357937499999993
vt 0.12499999999999911 0.9045437499999993
vt 0.19210624999999926 0.9062499999999992
vt 0.20929374999999917 0.935687500000002
vt 0.06249999999999911 0.937500000000002
vt 0.06249999999999911 0.906250000000002
vt 0.20929374999999917 0.904437500000002
vt 0.21096292957945018 0.9374999999999977
vt 0.06286531014276742 0.9374999999999976
vt 0.062499999999999556 0.906252135296956
vt 0.21059761943668232 0.9062521352969561
vt 0.18277500000000013 0.8729250000000017
vt 0.06250000000000022 0.8750000000000018
vt 0.06250000000000022 0.8437500000000018
vt 0.18277500000000013 0.8416750000000017
vt 0.1842555342133949 0.9375000000000033
vt 0.06296699072618006 0.9375000000000033
vt 0.06250000000000333 0.9062534894802402
vt 0.18378854348721818 0.9062534894802402
vt 0.23141874999999668 0.9352999999999996
vt 0.12499999999999667 0.9374999999999996
vt 0.12499999999999667 0.9062499999999996
vt 0.23141874999999668 0.9040499999999996
vt 0.16905624999999969 0.875000000000003
vt 0.06249999999999978 0.8730812500000029
vt 0.06249999999999978 0.8418312500000029
vt 0.16905624999999969 0.843750000000003
vt 0.22940000000000293 0.9354000000000016
vt 0.1250000000000029 0.9375000000000016
vt 0.1250000000000029 0.9062500000000016
vt 0.22940000000000293 0.9041500000000016
vt 0.22823750000000143 0.8749999999999973
vt 0.12500000000000155 0.8731749999999974
vt 0.12500000000000155 0.8419249999999974
vt 0.22823750000000143 0.8437499999999973
vt 0.2361812499999978 0.9358562500000002
vt 0.12499999999999778 0.9375000000000002
vt 0.12499999999999778 0.9062500000000002
vt 0.2361812499999978 0.9046062500000002
vt 0.2342459695208654 0.9374999999999996
vt 0.12540555362303607 0.9374999999999996
vt 0.12500000000000133 0.9062526316906708
vt 0.23384041589783067 0.9062526316906707
vt 0.18526874999999965 0.9361937499999997
vt 0.062499999999999556 0.9374999999999997
vt 0.062499999999999556 0.9062499999999997
vt 0.18526874999999965 0.9049437499999997
vt 0.2452891332229541 0.937499999999999
vt 0.1252962415064025 0.937499999999999
vt 0.12499999999999734 0.9062514041760282
vt 0.24499289171654892 0.9062514041760282
vt 0.20240625000000367 0.9359687499999987
vt 0.06250000000000355 0.9374999999999987
vt 0.06250000000000355 0.9062499999999987
vt 0.20240625000000367 0.9047187499999987
vt 0.2628163942917814 0.9375000000000009
vt 0.12530964388930155 0.9375000000000008
vt 0.12499999999999822 0.9062515341070674
vt 0.26250675040247895 0.9062515341070675
vt 0.2599562499999939 0.9375000000000019
vt 0.12499999999999378 0.9170500000000019
vt 0.12499999999999378 0.8858000000000019
vt 0.2599562499999939 0.9062500000000019
vt 0.19627500000000087 0.979887499999999
vt 0.06250000000000089 0.999999999999999
vt 0.06250000000000089 0.968749999999999
vt 0.19627500000000087 0.948637499999999
vt 0.230562500000004 0.935606249999998
vt 0.06250000000000355 0.937499999999998
vt 0.06250000000000355 0.906249999999998
vt 0.230562500000004 0.904356249999998
vt 0.2288636639268029 0.9374999999999987
vt 0.06281758880757593 0.9374999999999987
vt 0.062499999999998224 0.9062516138440817
vt 0.2285460751192252 0.9062516138440818
vt 0.23575625000000588 0.9374999999999989
vt 0.12500000000000533 0.8916562499999988
vt 0.12500000000000533 0.8604062499999988
vt 0.23575625000000588 0.9062499999999989
vt 0.23581875000000352 0.8924187500000035
vt 0.12500000000000355 0.9375000000000036
vt 0.12500000000000355 0.9062500000000036
vt 0.23581875000000352 0.8611687500000035
vt 0.16366874999999403 0.9375000000000002
vt 0.06249999999999378 0.8729000000000002
vt 0.06249999999999378 0.8416500000000002
vt 0.16366874999999403 0.9062500000000002
vt 0.1646250000000018 0.8732999999999969
vt 0.06250000000000178 0.9374999999999968
vt 0.06250000000000178 0.9062499999999968
vt 0.1646250000000018 0.8420499999999969
vt 0.1647062499999996 0.9375000000000016
vt 0.062499999999999556 0.8602750000000017
vt 0.062499999999999556 0.8290250000000017
vt 0.1647062499999996 0.9062500000000016
vt 0.16633125000000337 0.9227187499999981
vt 0.06250000000000355 0.9999999999999981
vt 0.06250000000000355 0.9687499999999981
vt 0.16633125000000337 0.8914687499999981
vt 0.23646874999999756 0.9374999999999976
vt 0.12499999999999734 0.8558812499999975
vt 0.12499999999999734 0.8246312499999975
vt 0.23646874999999756 0.9062499999999976
vt 0.17604374999999717 0.8555375000000022
vt 0.062499999999997335 0.9375000000000022
vt 0.062499999999997335 0.9062500000000022
vt 0.17604374999999717 0.8242875000000022
vt 0.19038749999999593 0.999999999999998
vt 0.062499999999996 0.924081249999998
vt 0.062499999999996 0.892831249999998
vt 0.19038749999999593 0.968749999999998
vt 0.19276250000000372 0.92375
vt 0.06250000000000355 1
vt 0.06250000000000355 0.96875
vt 0.19276250000000372 0.8925
vt 0.2130812500000041 0.9999999999999987
vt 0.062500000000004 0.9418562499999987
vt 0.062500000000004 0.9106062499999987
vt 0.2130812500000041 0.9687499999999987
vt 0.21553124999999818 0.94181875
vt 0.062499999999998224 1
vt 0.062499999999998224 0.96875
vt 0.21553124999999818 0.91056875
vt 0.2391249999999956 0.9374999999999984
vt 0.06249999999999556 0.9110062499999985
vt 0.06249999999999556 0.8797562499999985
vt 0.2391249999999956 0.9062499999999984
vt 0.24187499999999718 0.9114437500000001
vt 0.062499999999997335 0.9375000000000001
vt 0.062499999999997335 0.9062500000000001
vt 0.24187499999999718 0.8801937500000001
vt 0.1763250000000025 0.9375000000000016
vt 0.06250000000000255 0.9213250000000015
vt 0.06250000000000255 0.8900750000000015
vt 0.1763250000000025 0.9062500000000016
vt 0.24418125000000324 0.9218499999999993
vt 0.12500000000000333 0.9374999999999992
vt 0.12500000000000333 0.9062499999999992
vt 0.24418125000000324 0.8905999999999993
vt 0.17148125000000047 0.98295625
vt 0.06250000000000044 1
vt 0.06250000000000044 0.96875
vt 0.17148125000000047 0.95170625
vt 0.17708124999999897 0.9999999999999992
vt 0.06249999999999911 0.9828312499999993
vt 0.06249999999999911 0.9515812499999993
vt 0.17708124999999897 0.9687499999999992
vt 0.13350624999999772 0.9374999999999967
vt 0.06249999999999778 0.9301562499999967
vt 0.06249999999999778 0.8989062499999967
vt 0.13350624999999772 0.9062499999999967
vt 0.14076249999999657 0.991974999999999
vt 0.06249999999999689 0.999999999999999
vt 0.06249999999999689 0.968749999999999
vt 0.14076249999999657 0.960724999999999
vt 0.15907500000000319 0.8748937499999967
vt 0.06250000000000355 0.8749999999999967
vt 0.06250000000000355 0.8437499999999967
vt 0.15907500000000319 0.8436437499999967
vt 0.17023307714586444 0.9374999999999996
vt 0.06261978655171863 0.9374999999999994
vt 0.06249999999999378 0.9062502295819304
vt 0.1701132905941396 0.9062502295819305
vt 0.12675624999999968 0.9237687499999985
vt 0 0.9374999999999984
vt 0 0.9062499999999984
vt 0.12675624999999968 0.8925187499999985
vt 0.13241250000000004 1
vt 0 0.9857125
vt 0 0.9544625
vt 0.13241250000000004 0.96875
vt 0.22901250000000406 0.9375000000000021
vt 0.06250000000000355 0.9265000000000021
vt 0.06250000000000355 0.8952500000000021
vt 0.22901250000000406 0.9062500000000021
vt 0.23135625000000193 0.98885
vt 0.06250000000000178 1
vt 0.06250000000000178 0.96875
vt 0.23135625000000193 0.9576
vt 0.21866249999999976 0.937150000000002
vt 0 0.9375000000000021
vt 0 0.9062500000000021
vt 0.21866249999999976 0.905900000000002
vt 0.22275735179028988 0.9375000000000031
vt 0.0000631471304863851 0.9375000000000032
vt 8.881784197001252e-16 0.9062500638010298
vt 0.22269420465980438 0.9062500638010297
vt 0.2864000000000031 0.8742187499999995
vt 2.6645352591003757e-15 0.8749999999999994
vt 2.6645352591003757e-15 0.8437499999999994
vt 0.2864000000000031 0.8429687499999995
vt 0.2886766456524441 0.8750000000000017
vt 0.00007579672784441271 0.8750000000000017
vt 5.329070518200751e-15 0.8437500919224401
vt 0.288600848924605 0.8437500919224401
vt 0.1635749999999998 0.9369875000000023
vt 0 0.9375000000000023
vt 0 0.9062500000000023
vt 0.1635749999999998 0.9057375000000023
vt 0.16337321208510858 0.9375
vt 0.00007894107319383892 0.9374999999999999
vt 0 0.9062500997072476
vt 0.16329427101191474 0.9062500997072477
vt 0.1401312499999996 0.8746937500000016
vt 0 0.8750000000000016
vt 0 0.8437500000000016
vt 0.1401312499999996 0.8434437500000016
vt 0.2005582654398399 0.8750000000000006
vt 0.06255802752677475 0.8750000000000006
vt 0.06250000000000355 0.8437500538751488
vt 0.2005002379130678 0.8437500538751488
vt 0.18951847686685852 0.8749999999999976
vt 0.06251845472119122 0.8749999999999976
vt 0.0625 0.8437500054492257
vt 0.1895000221456673 0.8437500054492257
vt 0.1862062500000059 0.9374062499999966
vt 0.06250000000000533 0.9374999999999966
vt 0.06250000000000533 0.9062499999999966
vt 0.1862062500000059 0.9061562499999966
vt 0.18463046286480633 0.9375000000000022
vt 0.06262326373039073 0.9375000000000022
vt 0.062499999999998224 0.9062502431041035
vt 0.1845071991344147 0.9062502431041035
vt 0.1805812499999977 0.9370687499999982
vt 0.062499999999998224 0.9374999999999982
vt 0.062499999999998224 0.9062499999999982
vt 0.1805812499999977 0.9058187499999982
vt 0.12064390524821444 0.9374999999999992
vt 0.0000810002463031978 0.9374999999999992
vt 8.881784197001252e-16 0.9062501049768139
vt 0.12056290500191302 0.906250104976814
vt 0.17958124999999647 0.9997437499999986
vt 0.06249999999999645 0.9999999999999986
vt 0.06249999999999645 0.9687499999999986
vt 0.17958124999999647 0.9684937499999986
vt 0.12448749999999986 0.8748375000000006
vt 0 0.8750000000000007
vt 0 0.8437500000000007
vt 0.12448749999999986 0.8435875000000006
vt 0.18469953612528922 0.8750000000000032
vt 0.06254316956740169 0.8750000000000033
vt 0.062499999999997335 0.8437500298178023
vt 0.18465636655788487 0.8437500298178022
vt 0.2002374999999983 0.8745500000000025
vt 0.062499999999998224 0.8750000000000024
vt 0.062499999999998224 0.8437500000000024
vt 0.2002374999999983 0.8433000000000025
vt 0.13665461859923322 0.8750000000000007
vt 0.00009153278813300858 0.8750000000000007
vt 1.7763568394002505e-15 0.843750134052309
vt 0.13656308581110288 0.843750134052309
vt 0.16006250000000044 0.8744750000000032
vt 0 0.8750000000000032
vt 0 0.8437500000000032
vt 0.16006250000000044 0.8432250000000032
vt 0.16039082980503228 0.8749999999999974
vt 0.0000901626004008449 0.8749999999999974
vt 7.105427357601002e-15 0.8437501300689803
vt 0.16030066720463854 0.8437501300689803
vt 0.1567927130311535 0.9999999999999992
vt 0.00007352920822523146 0.9999999999999992
vt 1.7763568394002505e-15 0.9687500865048304
vt 0.15671918382292915 0.9687500865048304
vt 0.15848124999999946 0.9996249999999973
vt 0 0.9999999999999972
vt 0 0.9687499999999972
vt 0.15848124999999946 0.9683749999999973
vt 0.2263375618014507 0.9374999999999973
vt 0.06255604837388162 0.9374999999999973
vt 0.06249999999999645 0.9062500502627613
vt 0.22628151342756553 0.9062500502627613
vt 0.22839999999999883 0.9372500000000031
vt 0.062499999999998224 0.9375000000000031
vt 0.062499999999998224 0.9062500000000032
vt 0.22839999999999883 0.9060000000000031
vt 0.23478183779201167 0.9374999999999991
vt 0.06253174889508273 0.9374999999999991
vt 0.06250000000000266 0.9062500161278807
vt 0.2347500888969316 0.9062500161278807
vt 0.2364000000000015 0.9998562499999967
vt 0.06250000000000178 0.9999999999999967
vt 0.06250000000000178 0.9687499999999967
vt 0.2364000000000015 0.9686062499999967
vt 0.17943619521971144 0.8750000000000028
vt 0.00001741735194649152 0.8750000000000028
vt 0 0.8437500048538296
vt 0.17941877786776406 0.8437500048538296
vt 0.18065000000000353 0.9374187500000029
vt 3.552713678800501e-15 0.9375000000000028
vt 3.552713678800501e-15 0.9062500000000028
vt 0.18065000000000353 0.9061687500000029
vt 0.18418974027760715 0.8749999999999972
vt 0.000008483490813837591 0.8749999999999971
vt 0 0.8437500011515111
vt 0.1841812567867933 0.8437500011515111
vt 0.18506250000000168 0.9374562499999995
vt 1.7763568394002505e-15 0.9374999999999996
vt 1.7763568394002505e-15 0.9062499999999996
vt 0.18506250000000168 0.9062062499999995
vt 0.18594795322002433 0.8749999999999991
vt 0.000004201539408832389 0.8749999999999991
vt 2.6645352591003757e-15 0.8437500002824461
vt 0.18594375168061816 0.8437500002824461
vt 0.1865187500000003 0.9374812499999972
vt 0 0.9374999999999972
vt 0 0.9062499999999972
vt 0.1865187500000003 0.9062312499999972
vt 0.18441980917663603 0.9375000000000003
vt 0.0000010590707280044853 0.9375000000000003
vt 0 0.9062500000179464
vt 0.18441875010590714 0.9062500000179464
vt 0.18469999999999942 0.9999937499999988
vt 0 0.9999999999999988
vt 0 0.9687499999999988
vt 0.18469999999999942 0.9687437499999988
vt 0.1790448409737504 0.8749999999999998
vt 0.0000010908646634888441 0.8749999999999999
vt 1.7763568394002505e-15 0.8437500000190397
vt 0.17904375010908824 0.8437500000190395
vt 0.17953750000000301 0.9374999999999988
vt 3.1086244689504383e-15 0.9374999999999988
vt 3.1086244689504383e-15 0.9062499999999988
vt 0.17953750000000301 0.9062499999999988
vt 0.14261250000000247 0.8746937500000008
vt 2.220446049250313e-15 0.8750000000000009
vt 2.220446049250313e-15 0.8437500000000009
vt 0.14261250000000247 0.8434437500000008
vt 0.20663491009412338 0.8749999999999971
vt 0.0625596476442496 0.8749999999999971
vt 0.06249999999999867 0.8437500569255125
vt 0.20657526244987245 0.8437500569255125
vt 0.10985000000000378 0.9372937500000021
vt 3.552713678800501e-15 0.9375000000000021
vt 3.552713678800501e-15 0.9062500000000021
vt 0.10985000000000378 0.9060437500000021
vt 0.1746239320171603 0.9375000000000022
vt 0.06254879538998503 0.9375000000000021
vt 0.06249999999999423 0.9062500380958667
vt 0.1745751366271695 0.9062500380958668
vt 0.09230000000000294 0.8748125000000001
vt 2.6645352591003757e-15 0.8750000000000001
vt 2.6645352591003757e-15 0.8437500000000001
vt 0.09230000000000294 0.8435625000000001
vt 0.15708093935326195 0.8750000000000001
vt 0.06255578872358791 0.8750000000000001
vt 0.06250000000000622 0.8437500497981467
vt 0.15702515062968025 0.8437500497981467
vt 0.09048125000000162 0.9371562500000028
vt 1.3322676295501878e-15 0.9375000000000028
vt 1.3322676295501878e-15 0.9062500000000028
vt 0.09048125000000162 0.9059062500000028
vt 0.1547003196289145 0.8749999999999966
vt 0.06260603943023657 0.8749999999999966
vt 0.06250000000000355 0.8437501799102867
vt 0.15459428019868104 0.8437501799102867
vt 0.1009500000000001 0.8744875000000017
vt 0 0.8750000000000018
vt 0 0.8437500000000018
vt 0.1009500000000001 0.8432375000000017
vt 0.1641707500197973 0.8749999999999974
vt 0.06263850279477756 0.8749999999999974
vt 0.0625000000000071 0.8437503069298913
vt 0.16403224722502685 0.8437503069298913
vt 0.1812187500000031 0.874468750000001
vt 0.06250000000000311 0.875000000000001
vt 0.06250000000000311 0.843750000000001
vt 0.1812187500000031 0.843218750000001
vt 0.18092140142102786 0.8749999999999967
vt 0.06262052161000309 0.8749999999999967
vt 0.06249999999999667 0.8437502324081966
vt 0.18080087981102122 0.8437502324081965
vt 0.1412875 0.8745312500000026
vt 0 0.8750000000000027
vt 0 0.8437500000000027
vt 0.1412875 0.8432812500000026
vt 0.14030846659622664 0.8750000000000029
vt 0.00008914606028009864 0.8750000000000029
vt 6.439293542825908e-15 0.8437501271525826
vt 0.14021932053595298 0.8437501271525826
vt 0.16929375000000269 0.8745812499999986
vt 2.6645352591003757e-15 0.8749999999999987
vt 2.6645352591003757e-15 0.8437499999999987
vt 0.16929375000000269 0.8433312499999986
vt 0.1679128106465213 0.8749999999999984
vt 0.00006865557812130163 0.8749999999999984
vt 3.1086244689504383e-15 0.843750075417504
vt 0.1678441550684031 0.8437500754175039
vt 0.17423825027655493 0.8749999999999967
vt 0.00003812066624142574 0.8749999999999968
vt 4.440892098500626e-16 0.8437500232509685
vt 0.1742001296103144 0.8437500232509685
vt 0.1722687500000002 0.8747749999999979
vt 0 0.8749999999999979
vt 0 0.8437499999999979
vt 0.1722687500000002 0.8435249999999979
vt 0.1540467780333321 0.9374999999999984
vt 0.00008372544440682361 0.9374999999999984
vt 1.7763568394002505e-15 0.9062501121594004
vt 0.15396305258892662 0.9062501121594004
vt 0.15151875000000015 0.9371312499999981
vt 0 0.937499999999998
vt 0 0.906249999999998
vt 0.15151875000000015 0.9058812499999981
vt 0.1414156785462266 0.9375000000000021
vt 0.00011472631460707206 0.9375000000000022
vt 0 0.906250210594748
vt 0.14130095223161954 0.9062502105947479
vt 0.13863750000000508 0.9370437499999988
vt 4.884981308350689e-15 0.9374999999999989
vt 4.884981308350689e-15 0.9062499999999989
vt 0.13863750000000508 0.9057937499999988
vt 0.13434006079902927 0.9999999999999998
vt 0.0001018478621017671 0.9999999999999998
vt 0 0.9687501659682327
vt 0.1342382129369275 0.9687501659682327
vt 0.13185000000000002 0.999625
vt 0 1
vt 0 0.96875
vt 0.13185000000000002 0.968375
vt 0.13215490756766135 0.9374999999999976
vt 0.0000547051584200986 0.9374999999999976
vt 8.881784197001252e-16 0.906250047882504
vt 0.13210020240924214 0.906250047882504
vt 0.13039374999999964 0.999812499999998
vt 0 0.999999999999998
vt 0 0.968749999999998
vt 0.13039374999999964 0.968562499999998
vt 0.13551442861931484 0.8750000000000027
vt 0.000014414205109058997 0.8750000000000027
vt 4.440892098500626e-16 0.8437500033243118
vt 0.13550001441420623 0.8437500033243117
vt 0.1345937500000005 0.9374500000000034
vt 4.440892098500626e-16 0.9375000000000034
vt 4.440892098500626e-16 0.9062500000000034
vt 0.1345937500000005 0.9062000000000034
vt 0.14493884769836063 0.9375000000000024
vt 0.0000013475636038151606 0.9375000000000023
vt 0 0.9062500000290572
vt 0.1449375001347568 0.9062500000290573
vt 0.14475000000000016 1
vt 4.440892098500626e-16 1
vt 4.440892098500626e-16 0.96875
vt 0.14475000000000016 0.96875
vt 0.16095867738709302 0.8749999999999979
vt 0.000002426901712926366 0.874999999999998
vt 0 0.8437500000942356
vt 0.1609562504853801 0.8437500000942355
vt 0.16087500000000032 0.9374937499999979
vt 0 0.9374999999999979
vt 0 0.9062499999999979
vt 0.16087500000000032 0.9062437499999979
vt 0.16256294138261795 0.9375000000000024
vt 0.00022739358693302236 0.9375000000000024
vt 0 0.9062508273364484
vt 0.16233554779568493 0.9062508273364484
vt 0.1617625000000058 0.9990187500000001
vt 6.217248937900877e-15 1
vt 6.217248937900877e-15 0.96875
vt 0.1617625000000058 0.9677687500000001
vt 0.13431875000000337 0.8736249999999975
vt 3.1086244689504383e-15 0.8749999999999976
vt 3.1086244689504383e-15 0.8437499999999976
vt 0.13431875000000337 0.8423749999999975
vt 0.13349274265803412 0.9375000000000031
vt 0.0004124036119335095 0.9375000000000031
vt 0 0.906252721346321
vt 0.13308033904610017 0.906252721346321
vt 0.11577500000000018 0.9348375000000005
vt 0 0.9375000000000006
vt 0 0.9062500000000006
vt 0.11577500000000018 0.9035875000000005
vt 0.11363749999999984 1
vt 0 0.99699375
vt 0 0.96574375
vt 0.11363749999999984 0.96875
vt 0.10476875000000208 0.9354437500000001
vt 1.7763568394002505e-15 0.9375000000000001
vt 1.7763568394002505e-15 0.9062500000000001
vt 0.10476875000000208 0.9041937500000001
vt 0.10189375000000123 0.8750000000000009
vt 8.881784197001252e-16 0.8725875000000008
vt 8.881784197001252e-16 0.8413375000000008
vt 0.10189375000000123 0.8437500000000009
vt 0.09846829936455714 0.9375000000000021
vt 0.00016689741626318977 0.9375000000000021
vt 2.220446049250313e-15 0.9062504456791411
vt 0.09830140194829617 0.906250445679141
vt 0.09539374999999994 0.8749312500000023
vt 0 0.8750000000000022
vt 0 0.8437500000000022
vt 0.09539374999999994 0.8436812500000023
vt 0.09674375000000035 0.9374999999999972
vt 4.440892098500626e-16 0.9332062499999972
vt 4.440892098500626e-16 0.9019562499999972
vt 0.09674375000000035 0.9062499999999972
vt 0.15710625000000622 0.9337749999999994
vt 0.06250000000000622 0.9374999999999994
vt 0.06250000000000622 0.9062499999999994
vt 0.15710625000000622 0.9025249999999994
vt 0.1035124999999999 0.9375000000000002
vt 0 0.9286000000000002
vt 0 0.8973500000000002
vt 0.1035124999999999 0.9062500000000002
vt 0.16496249999999746 0.9291625000000033
vt 0.06249999999999778 0.9375000000000033
vt 0.06249999999999778 0.9062500000000033
vt 0.16496249999999746 0.8979125000000033
vt 0.11235000000000017 0.9375000000000001
vt 0 0.9242812500000002
vt 0 0.8930312500000002
vt 0.11235000000000017 0.9062500000000001
vt 0.11183125000000604 0.9248374999999986
vt 6.217248937900877e-15 0.9374999999999987
vt 6.217248937900877e-15 0.9062499999999987
vt 0.11183125000000604 0.8935874999999986
vt 0.18565624999999986 0.9374999999999974
vt 0 0.8757749999999974
vt 0 0.8445249999999974
vt 0.18565624999999986 0.9062499999999974
vt 0.18587500000000023 0.875981250000001
vt 0 0.937500000000001
vt 0 0.906250000000001
vt 0.18587500000000023 0.844731250000001
vt 0.14670625000000004 0.9375000000000009
vt 0 0.8893375000000009
vt 0 0.8580875000000009
vt 0.14670625000000004 0.9062500000000009
vt 0.1480375000000067 0.9516312499999994
vt 6.8833827526759706e-15 0.9999999999999993
vt 6.8833827526759706e-15 0.9687499999999993
vt 0.1480375000000067 0.9203812499999994
vt 0.1113187500000008 0.9375000000000018
vt 8.881784197001252e-16 0.9014625000000018
vt 8.881784197001252e-16 0.8702125000000018
vt 0.1113187500000008 0.9062500000000018
vt 0.11338125000000043 0.9010937500000005
vt 4.440892098500626e-16 0.9375000000000004
vt 4.440892098500626e-16 0.9062500000000004
vt 0.11338125000000043 0.8698437500000005
vt 0.09002500000000024 0.9374999999999996
vt 4.440892098500626e-16 0.9092312499999995
vt 4.440892098500626e-16 0.8779812499999995
vt 0.09002500000000024 0.9062499999999996
vt 0.09261875000000663 0.9087625000000021
vt 6.661338147750939e-15 0.9375000000000022
vt 6.661338147750939e-15 0.9062500000000022
vt 0.09261875000000663 0.8775125000000021
vt 0.08662500000000284 0.9374999999999984
vt 2.886579864025407e-15 0.9119437499999985
vt 2.886579864025407e-15 0.8806937499999985
vt 0.08662500000000284 0.9062499999999984
vt 0.08907500000000512 0.9115624999999974
vt 5.10702591327572e-15 0.9374999999999973
vt 5.10702591327572e-15 0.9062499999999973
vt 0.08907500000000512 0.8803124999999974
vt 0.10006875000000015 0.9374999999999989
vt 0 0.9098999999999988
vt 0 0.8786499999999988
vt 0.10006875000000015 0.9062499999999989
vt 0.10166249999999999 0.9097437500000014
vt 0 0.9375000000000014
vt 0 0.9062500000000014
vt 0.10166249999999999 0.8784937500000014
vt 0.12490000000000001 0.9374999999999974
vt 0 0.9039062499999975
vt 0 0.8726562499999975
vt 0.12490000000000001 0.9062499999999974
vt 0.125475 0.96650625
vt 0 1
vt 0 0.96875
vt 0.125475 0.93525625
vt 0.15703749999999994 1
vt 0 0.9571000000000001
vt 0 0.9258500000000001
vt 0.15703749999999994 0.96875
vt 0.1574437500000001 0.95723125
vt 0 1
vt 0 0.96875
vt 0.1574437500000001 0.92598125
vt 0.14788125000000008 0.937500000000003
vt 0 0.8964500000000031
vt 0 0.8652000000000031
vt 0.14788125000000008 0.906250000000003
vt 0.14900625 0.8962499999999978
vt 0 0.9374999999999978
vt 0 0.9062499999999978
vt 0.14900625 0.8649999999999978
vt 0.12105625000000131 0.9374999999999976
vt 1.3322676295501878e-15 0.9028187499999974
vt 1.3322676295501878e-15 0.8715687499999974
vt 0.12105625000000131 0.9062499999999976
vt 0.12278750000000005 0.9023312500000009
vt 0 0.9375000000000009
vt 0 0.9062500000000009
vt 0.12278750000000005 0.8710812500000009
vt 0.10633124999999993 0.9374999999999982
vt 0 0.9081437499999983
vt 0 0.8768937499999983
vt 0.10633124999999993 0.9062499999999982
vt 0.10821875000000047 0.9076499999999976
vt 4.996003610813204e-16 0.9374999999999977
vt 4.996003610813204e-16 0.9062499999999976
vt 0.10821875000000047 0.8763999999999976
vt 0.10362500000000002 0.9999999999999974
vt 0 0.9751499999999975
vt 0 0.9438999999999975
vt 0.10362500000000002 0.9687499999999974
vt 0.10533750000000003 0.9747687500000001
vt 0 1
vt 0 0.96875
vt 0.10533750000000003 0.94351875
vt 0.1110375 0.9375000000000009
vt 0 0.9171625000000009
vt 0 0.8859125000000009
vt 0.1110375 0.9062500000000009
vt 0.11221874999999999 0.9169687500000026
vt 0 0.9375000000000026
vt 0 0.9062500000000026
vt 0.11221874999999999 0.8857187500000026
vt 0.1255375 0.9375000000000026
vt 0 0.9224062500000025
vt 0 0.8911562500000025
vt 0.1255375 0.9062500000000026
vt 0.12602500000000036 0.9223437499999986
vt 3.469446951953614e-16 0.9374999999999986
vt 3.469446951953614e-16 0.9062499999999986
vt 0.12602500000000036 0.8910937499999986
vt 0.14514375000000085 0.9375000000000019
vt 8.604228440844963e-16 0.9283312500000019
vt 8.604228440844963e-16 0.8970812500000019
vt 0.14514375000000085 0.9062500000000019
vt 0.145 0.9908312499999979
vt 0 0.999999999999998
vt 0 0.968749999999998
vt 0.145 0.9595812499999979
vt 0.17028125 0.9374999999999971
vt 0 0.9345187499999971
vt 0 0.9032687499999971
vt 0.17028125 0.9062499999999971
vt 0.16923749999999999 0.9970187500000001
vt 0 1
vt 0 0.96875
vt 0.16923749999999999 0.9657687500000001
vt 0.14122499999999996 0.9288124999999972
vt 0 0.9374999999999971
vt 0 0.9062499999999971
vt 0.14122499999999996 0.8975624999999972
vt 0.1396125 1
vt 0 0.99135625
vt 0 0.96010625
vt 0.1396125 0.96875
vt 0.17919374999999998 0.9164374999999977
vt 0 0.9374999999999978
vt 0 0.9062499999999978
vt 0.17919374999999998 0.8851874999999977
vt 0.17781875 0.9374999999999977
vt 0 0.9164374999999977
vt 0 0.8851874999999977
vt 0.17781875 0.9062499999999977
vt 0.21010000000000006 0.907818749999997
vt 0 0.937499999999997
vt 0 0.906249999999997
vt 0.21010000000000006 0.876568749999997
vt 0.20878750000000007 0.937499999999997
vt 0 0.907749999999997
vt 0 0.876499999999997
vt 0.20878750000000007 0.906249999999997
vt 0.22576874999999996 0.9030750000000001
vt 0 0.9375
vt 0 0.90625
vt 0.22576874999999996 0.8718250000000001
vt 0.2240625 0.9999999999999969
vt 0 0.9655624999999969
vt 0 0.934312499999997
vt 0.2240625 0.9687499999999969
vt 0.22716250000000004 0.9022499999999989
vt 0 0.9374999999999989
vt 0 0.9062499999999989
vt 0.22716250000000004 0.8709999999999989
vt 0.2245999999999999 0.9374999999999997
vt 0 0.9023874999999997
vt 0 0.8711374999999997
vt 0.2245999999999999 0.9062499999999998
vt 0.21985624999999998 0.9052562499999967
vt 0 0.9374999999999967
vt 0 0.9062499999999967
vt 0.21985624999999998 0.8740062499999967
vt 0.21562499999999996 0.9374999999999964
vt 0 0.9056187499999965
vt 0 0.8743687499999965
vt 0.21562499999999996 0.9062499999999964
vt 0.21521249999999997 0.912925000000003
vt 0 0.937500000000003
vt 0 0.906250000000003
vt 0.21521249999999997 0.881675000000003
vt 0.20836249999999995 0.9375000000000014
vt 0 0.9134437500000014
vt 0 0.8821937500000014
vt 0.20836249999999995 0.9062500000000014
vt 0.22343125 0.8665937500000016
vt 0 0.8750000000000017
vt 0 0.8437500000000017
vt 0.22343125 0.8353437500000016
vt 0.21524375 0.9375000000000024
vt 0 0.9291562500000025
vt 0 0.8979062500000025
vt 0.21524375 0.9062500000000024
vt 0.20759375000000002 0.874999999999998
vt 0 0.8696937499999979
vt 0 0.8384437499999979
vt 0.20759375000000002 0.843749999999998
vt 0.19978749999999995 0.932437500000003
vt 0 0.937500000000003
vt 0 0.906250000000003
vt 0.19978749999999995 0.901187500000003
vt 0.19389374999999998 0.9999999999999978
vt 0 0.9832437499999978
vt 0 0.9519937499999978
vt 0.19389374999999998 0.9687499999999978
vt 0.18684999999999996 0.9836437499999999
vt 0 1
vt 0 0.96875
vt 0.18684999999999996 0.9523937499999999
vt 0.19104999999999994 0.9375000000000014
vt 0 0.9148687500000015
vt 0 0.8836187500000015
vt 0.19104999999999994 0.9062500000000014
vt 0.18563125000000014 0.9152562500000005
vt 0 0.9375000000000007
vt 0 0.9062500000000007
vt 0.18563125000000014 0.8840062500000005
vt 0.1965937499999999 0.9375000000000018
vt 0 0.9132687500000017
vt 0 0.8820187500000017
vt 0.1965937499999999 0.9062500000000018
vt 0.19289375000000009 0.9759499999999981
vt 0 0.999999999999998
vt 0 0.968749999999998
vt 0.19289375000000009 0.9446999999999981
vt 0.20473125000000003 1
vt 0 0.9769000000000001
vt 0 0.9456500000000001
vt 0.20473125000000003 0.96875
vt 0.20218750000000008 0.9768937499999999
vt 0 1
vt 0 0.96875
vt 0.20218750000000008 0.9456437499999999
vt 0.20982500000000004 0.9374999999999993
vt 0 0.9180937499999993
vt 0 0.8868437499999993
vt 0.20982500000000004 0.9062499999999993
vt 0.20791250000000006 0.9179812499999971
vt 1.1102230246251565e-16 0.937499999999997
vt 1.1102230246251565e-16 0.906249999999997
vt 0.20791250000000006 0.8867312499999971
vt 0.20883125000000002 0.8749999999999981
vt 0 0.8620687499999982
vt 0 0.8308187499999982
vt 0.20883125000000002 0.8437499999999981
vt 0.20723125000000003 0.8618750000000018
vt 0 0.8750000000000019
vt 0 0.8437500000000018
vt 0.20723125000000003 0.8306250000000018
vt 0.2002178359451272 0.9374999999999967
vt 0.0005212987865550467 0.9374999999999966
vt 0 0.9062543483413237
vt 0.19969653715857222 0.9062543483413236
vt 0.19944375 0.9339125
vt 0 0.9375
vt 0 0.90625
vt 0.19944375 0.9026624999999999
vt 0.0985 0.937256250000003
vt 0 0.937500000000003
vt 0 0.906250000000003
vt 0.0985 0.906006250000003
vt 0.10255000000000002 0.875
vt 0 0.875
vt 0 0.84375
vt 0.10255000000000002 0.84375
vt 0.022806250000001534 0.9374062499999987
vt 1.5334955527634975e-15 0.9374999999999987
vt 1.5334955527634975e-15 0.9062499999999987
vt 0.022806250000001534 0.9061562499999987
vt 0.03160000000000072 0.9375
vt 7.164407955784213e-16 0.9375
vt 7.164407955784213e-16 0.90625
vt 0.03160000000000072 0.90625
vt 0.031365001824594285 0.9375000000000009
vt 0.0002700904141239302 0.937500000000001
vt 0 0.9062511672031075
vt 0.03109491141047037 0.9062511672031075
vt 0.03863125 0.9375
vt 0 0.9375
vt 0 0.90625
vt 0.03863125 0.90625
vt 0.08334375000000001 0.9374
vt 0 0.9375
vt 0 0.90625
vt 0.08334375000000001 0.90615
vt 0.08623750000000001 0.875
vt 0 0.875
vt 0 0.84375
vt 0.08623750000000001 0.84375
vt 0.1230625000000008 0.9374812500000033
vt 8.049116928532385e-16 0.9375000000000033
vt 8.049116928532385e-16 0.9062500000000033
vt 0.1230625000000008 0.9062312500000033
vt 0.12310000000000001 0.9375
vt 0 0.9375
vt 0 0.90625
vt 0.12310000000000001 0.90625
vt 0.15059375000000003 0.8749999999999986
vt 0 0.8749999999999986
vt 0 0.8437499999999986
vt 0.15059375000000003 0.8437499999999986
vt 0.14854374999999997 0.875
vt 0 0.875
vt 0 0.84375
vt 0.14854374999999997 0.84375
vt 0.17318125 0.9374937499999986
vt 0 0.9374999999999986
vt 0 0.9062499999999986
vt 0.17318125 0.9062437499999986
vt 0.16950624999999997 0.9375
vt 0 0.9375
vt 0 0.90625
vt 0.16950624999999997 0.90625
vt 0.19741348946131143 0.937500000000003
vt 9.893623752477154e-7 0.937500000000003
vt 0 0.9062500000156645
vt 0.19741250009893618 0.9062500000156644
vt 0.19256249999999997 0.9375
vt 0 0.9375
vt 0 0.90625
vt 0.19256249999999997 0.90625
vt 0.32731159941838184 0.8750000000000004
vt 0.12501158551576252 0.8750000000000004
vt 0.12499999999999911 0.8437500021475874
vt 0.32730001390261854 0.8437500021475874
vt 0.3216062499999979 0.9374249999999975
vt 0.12499999999999789 0.9374999999999976
vt 0.12499999999999789 0.9062499999999976
vt 0.3216062499999979 0.9061749999999975
vt 0.30577548146627764 0.9374999999999993
vt 0.12501296590718847 0.9374999999999994
vt 0.12499999999999944 0.9062500026898356
vt 0.3057625155590886 0.9062500026898355
vt 0.36298125000000314 0.99995
vt 0.1875000000000031 1
vt 0.1875000000000031 0.96875
vt 0.36298125000000314 0.9687
vt 0.29025472957634446 0.8750000000000011
vt 0.12500472768527027 0.8750000000000011
vt 0.12499999999999911 0.8437500003576173
vt 0.2902500018910733 0.8437500003576172
vt 0.2869312500000014 0.9374750000000022
vt 0.12500000000000144 0.9375000000000021
vt 0.12500000000000144 0.9062500000000021
vt 0.2869312500000014 0.9062250000000022
vt 0.3397689168837442 0.9375000000000014
vt 0.18750641367690568 0.9375000000000013
vt 0.18750000000000278 0.9062500006581653
vt 0.3397625032068413 0.9062500006581653
vt 0.3386937499999997 0.99996875
vt 0.18749999999999967 1
vt 0.18749999999999967 0.96875
vt 0.3386937499999997 0.96871875
vt 0.2607408467526635 0.937499999999997
vt 0.12501582934038802 0.9374999999999968
vt 0.12499999999999845 0.9062500040090853
vt 0.26072501741227405 0.9062500040090855
vt 0.2618062499999969 0.9999374999999973
vt 0.12499999999999689 0.9999999999999972
vt 0.12499999999999689 0.9687499999999972
vt 0.2618062499999969 0.9686874999999973
vt 0.3004818780499139 0.9374999999999993
vt 0.1875380443523076 0.9374999999999993
vt 0.18750000000000155 0.9062500231579718
vt 0.30044383369760763 0.9062500231579718
vt 0.3038312500000018 0.99986875
vt 0.18750000000000178 1
vt 0.18750000000000178 0.96875
vt 0.3038312500000018 0.96861875
vt 0.28166870006551137 0.874999999999998
vt 0.1875622632754994 0.8749999999999979
vt 0.18750000000000133 0.8437500620275071
vt 0.2816064367900133 0.8437500620275071
vt 0.28710625000000123 0.9373312500000015
vt 0.18750000000000133 0.9375000000000014
vt 0.18750000000000133 0.9062500000000014
vt 0.28710625000000123 0.9060812500000015
vt 0.29696005437849093 0.8749999999999969
vt 0.18756605995637887 0.8749999999999968
vt 0.18749999999999667 0.8437500698227602
vt 0.29689399442210873 0.8437500698227602
vt 0.3010687500000009 0.9373687499999989
vt 0.1875000000000009 0.9374999999999989
vt 0.1875000000000009 0.9062499999999989
vt 0.3010687500000009 0.9061187499999989
vt 0.32935000000000003 0.9374500000000012
vt 0.1875 0.9375000000000012
vt 0.1875 0.9062500000000011
vt 0.32935000000000003 0.9062000000000012
vt 0.3293250000000034 0.9999999999999989
vt 0.18750000000000333 0.9999999999999989
vt 0.18750000000000333 0.9687499999999989
vt 0.3293250000000034 0.9687499999999989
vt 0.27091383869292773 0.8749999999999969
vt 0.1250013385590718 0.874999999999997
vt 0.1250000000000051 0.8437500000286647
vt 0.27091250013386103 0.8437500000286646
vt 0.3311499999999983 0.9374937500000005
vt 0.18749999999999822 0.9375000000000004
vt 0.18749999999999822 0.9062500000000004
vt 0.3311499999999983 0.9062437500000005
vt 0.27120758600329165 0.8750000000000016
vt 0.12500133586970463 0.8750000000000016
vt 0.12500000000000133 0.8437500000285543
vt 0.27120625013358834 0.8437500000285543
vt 0.3308500000000003 0.9374874999999965
vt 0.1875 0.9374999999999966
vt 0.1875 0.9062499999999966
vt 0.3308500000000003 0.9062374999999965
vt 0.3342852431072667 0.9374999999999973
vt 0.1875039919096937 0.9374999999999972
vt 0.18749999999999667 0.9062500002549628
vt 0.3342812511975697 0.9062500002549629
vt 0.3305312499999986 0.99998125
vt 0.18749999999999867 1
vt 0.18749999999999867 0.96875
vt 0.3305312499999986 0.96873125
vt 0.27503906555901136 0.9375000000000034
vt 0.1250078108724879 0.9375000000000034
vt 0.12499999999999711 0.9062500009761593
vt 0.27503125468652057 0.9062500009761592
vt 0.2702812499999967 0.99996875
vt 0.12499999999999645 1
vt 0.12499999999999645 0.96875
vt 0.2702812499999967 0.96871875
vt 0.3445299549956937 0.9374999999999986
vt 0.18751119492026525 0.9374999999999986
vt 0.1874999999999949 0.9062500020052184
vt 0.34451876007542337 0.9062500020052184
vt 0.339137499999999 0.9999562499999988
vt 0.1874999999999989 0.9999999999999988
vt 0.1874999999999989 0.9687499999999988
vt 0.339137499999999 0.9687062499999988
vt 0.2934479453843881 0.8750000000000011
vt 0.12501043599199502 0.875000000000001
vt 0.12499999999999811 0.84375000174256
vt 0.2934375093923913 0.8437500017425601
vt 0.28827499999999895 0.9374562500000027
vt 0.12499999999999889 0.9375000000000026
vt 0.12499999999999889 0.9062500000000026
vt 0.28827499999999895 0.9062062500000027
vt 0.31275103729715137 0.8750000000000028
vt 0.12500728219961155 0.8750000000000028
vt 0.12500000000000233 0.8437500008484898
vt 0.31274375509754215 0.8437500008484897
vt 0.3089874999999975 0.9374687500000033
vt 0.12499999999999745 0.9375000000000033
vt 0.12499999999999745 0.9062500000000033
vt 0.3089874999999975 0.9062187500000033
vt 0.2671625000000004 0.9367312500000025
vt 0.12500000000000042 0.9375000000000024
vt 0.12500000000000042 0.9062500000000024
vt 0.2671625000000004 0.9054812500000025
vt 0.2654576602010787 0.9999999999999979
vt 0.12515591395392756 0.999999999999998
vt 0.12500000000000233 0.968750388948995
vt 0.2653017462471535 0.9687503889489949
vt 0.26364374999999957 0.8741875000000013
vt 0.12499999999999956 0.8750000000000013
vt 0.12499999999999956 0.8437500000000013
vt 0.26364374999999957 0.8429375000000013
vt 0.3256569396708739 0.9374999999999966
vt 0.18766135026558706 0.9374999999999966
vt 0.18750000000000278 0.9062504165453041
vt 0.3254955894052896 0.906250416545304
vt 0.31925625000000024 0.8741812500000035
vt 0.18750000000000022 0.8750000000000034
vt 0.18750000000000022 0.8437500000000034
vt 0.31925625000000024 0.8429312500000035
vt 0.25705200305500814 0.9375000000000021
vt 0.12516882839723575 0.9375000000000021
vt 0.12499999999999878 0.9062504560517732
vt 0.25688317465777116 0.9062504560517732
vt 0.30714999999999903 0.8741812499999969
vt 0.187499999999999 0.8749999999999969
vt 0.187499999999999 0.8437499999999969
vt 0.30714999999999903 0.8429312499999969
vt 0.2458116865285187 0.9375000000000029
vt 0.12518458227226137 0.9375000000000029
vt 0.12499999999999944 0.9062505451346013
vt 0.24562710425625678 0.9062505451346015
vt 0.22647500000000154 0.9366874999999975
vt 0.12500000000000155 0.9374999999999974
vt 0.12500000000000155 0.9062499999999974
vt 0.22647500000000154 0.9054374999999975
vt 0.22876554023003648 0.9375000000000008
vt 0.12521313181254712 0.9375000000000009
vt 0.12499999999999656 0.9062507268111653
vt 0.2285524084174858 0.9062507268111651
vt 0.26516874999999973 0.9366937499999995
vt 0.18749999999999978 0.9374999999999996
vt 0.18749999999999978 0.9062499999999996
vt 0.26516874999999973 0.9054437499999995
vt 0.2690471523736291 0.9374999999999976
vt 0.18776913797243933 0.9374999999999976
vt 0.187499999999998 0.9062511589854609
vt 0.26877801440118754 0.9062511589854608
vt 0.24162499999999731 0.8742375000000032
vt 0.18749999999999734 0.8750000000000032
vt 0.18749999999999734 0.8437500000000032
vt 0.24162499999999731 0.8429875000000032
vt 0.24735161828734498 0.9374999999999996
vt 0.18784793011383716 0.9374999999999994
vt 0.18749999999999867 0.9062519369458535
vt 0.24700368817350693 0.9062519369458535
vt 0.23681249999999388 0.9367937499999965
vt 0.18749999999999378 0.9374999999999966
vt 0.18749999999999378 0.9062499999999966
vt 0.23681249999999388 0.9055437499999965
vt 0.24304954572849535 0.9375000000000003
vt 0.18786454083019866 0.9375000000000003
vt 0.18750000000000266 0.9062521263126097
vt 0.24268500489829892 0.9062521263126098
vt 0.22313750000000043 0.8729437499999969
vt 0.18750000000000044 0.8749999999999969
vt 0.18750000000000044 0.8437499999999969
vt 0.22313750000000043 0.8416937499999969
vt 0.22879374999999902 0.8750000000000029
vt 0.1874999999999991 0.8731000000000029
vt 0.1874999999999991 0.8418500000000029
vt 0.22879374999999902 0.8437500000000029
vt 0.21556249999999721 0.8728062499999972
vt 0.18749999999999734 0.8749999999999972
vt 0.18749999999999734 0.8437499999999972
vt 0.21556249999999721 0.8415562499999972
vt 0.21983124999999637 0.8749999999999987
vt 0.18749999999999645 0.8730812499999987
vt 0.18749999999999645 0.8418312499999987
vt 0.21983124999999637 0.8437499999999987
vt 0.179456249999993 0.9352000000000008
vt 0.1249999999999929 0.9375000000000008
vt 0.1249999999999929 0.9062500000000008
vt 0.179456249999993 0.9039500000000008
vt 0.24450624999999704 0.9375000000000002
vt 0.1874999999999971 0.9355312500000003
vt 0.1874999999999971 0.9042812500000001
vt 0.24450624999999704 0.9062500000000002
vt 0.20610625000000082 0.9354249999999994
vt 0.1875000000000009 0.9374999999999994
vt 0.1875000000000009 0.9062499999999994
vt 0.20610625000000082 0.9041749999999994
vt 0.21165625000000032 0.937500000000002
vt 0.1875 0.9356187500000019
vt 0.1875 0.9043687500000019
vt 0.21165625000000032 0.906250000000002
vt 0.20837499999999975 0.935212499999999
vt 0.12499999999999978 0.937499999999999
vt 0.12499999999999978 0.906249999999999
vt 0.20837499999999975 0.903962499999999
vt 0.2722125000000004 0.9375000000000034
vt 0.18750000000000044 0.9355000000000034
vt 0.18750000000000044 0.9042500000000033
vt 0.2722125000000004 0.9062500000000033
vt 0.2360687500000016 0.9352125000000003
vt 0.12500000000000155 0.9375000000000003
vt 0.12500000000000155 0.9062500000000003
vt 0.2360687500000016 0.9039625000000003
vt 0.23658750000000262 0.9374999999999988
vt 0.12500000000000266 0.9354812499999987
vt 0.12500000000000266 0.9042312499999987
vt 0.23658750000000262 0.9062499999999987
vt 0.2628625000000029 0.9352062500000017
vt 0.1250000000000029 0.9375000000000017
vt 0.1250000000000029 0.9062500000000017
vt 0.2628625000000029 0.9039562500000016
vt 0.263351812427461 0.9999999999999999
vt 0.12546175828558326 1
vt 0.12499999999999667 0.968753411717666
vt 0.2628900541418744 0.968753411717666
vt 0.29256250000000006 0.9353250000000014
vt 0.125 0.9375000000000014
vt 0.125 0.9062500000000013
vt 0.29256250000000006 0.9040750000000014
vt 0.3522637510578075 0.999999999999999
vt 0.18788854514063602 0.9999999999999991
vt 0.1875000000000009 0.9687524155705797
vt 0.35187520591717236 0.9687524155705797
vt 0.2568875000000057 0.9375000000000009
vt 0.06250000000000533 0.9242875000000009
vt 0.06250000000000533 0.8930375000000009
vt 0.2568875000000057 0.9062500000000009
vt 0.31124374999999915 0.9248
vt 0.12499999999999911 0.9374999999999999
vt 0.12499999999999911 0.9062499999999999
vt 0.31124374999999915 0.8935499999999998
vt 0.30550624999999787 0.9375000000000033
vt 0.12499999999999822 0.9145625000000033
vt 0.12499999999999822 0.8833125000000033
vt 0.30550624999999787 0.9062500000000033
vt 0.29774375000000086 0.9157999999999972
vt 0.1250000000000009 0.9374999999999972
vt 0.1250000000000009 0.9062499999999972
vt 0.29774375000000086 0.8845499999999972
vt 0.306868749999996 0.9375000000000019
vt 0.12499999999999645 0.9151437500000019
vt 0.12499999999999645 0.8838937500000019
vt 0.306868749999996 0.9062500000000019
vt 0.30280625000000017 0.9155750000000012
vt 0.12500000000000044 0.9375000000000012
vt 0.12500000000000044 0.9062500000000012
vt 0.30280625000000017 0.8843250000000012
vt 0.26103749999999604 0.9374999999999997
vt 0.062499999999996 0.9151187499999996
vt 0.062499999999996 0.8838687499999996
vt 0.26103749999999604 0.9062499999999997
vt 0.25924999999999887 0.8525687499999973
vt 0.06249999999999867 0.8749999999999973
vt 0.06249999999999867 0.8437499999999973
vt 0.25924999999999887 0.8213187499999973
vt 0.33739999999999926 1
vt 0.12499999999999911 0.978825
vt 0.12499999999999911 0.947575
vt 0.33739999999999926 0.96875
vt 0.3367687500000005 0.978593749999999
vt 0.12500000000000044 0.999999999999999
vt 0.12500000000000044 0.968749999999999
vt 0.3367687500000005 0.947343749999999
vt 0.2778874999999945 0.9374999999999978
vt 0.06249999999999467 0.9198749999999978
vt 0.06249999999999467 0.8886249999999978
vt 0.2778874999999945 0.9062499999999978
vt 0.27806249999999944 0.91955
vt 0.062499999999999556 0.9375
vt 0.062499999999999556 0.90625
vt 0.27806249999999944 0.8883
vt 0.3293437499999956 0.9375000000000004
vt 0.12499999999999556 0.9260250000000005
vt 0.12499999999999556 0.8947750000000005
vt 0.3293437499999956 0.9062500000000004
vt 0.3303250000000033 0.9256749999999982
vt 0.1250000000000031 0.9374999999999982
vt 0.1250000000000031 0.9062499999999982
vt 0.3303250000000033 0.8944249999999982
vt 0.21690625000000185 0.9374999999999967
vt 0.12500000000000178 0.8417687499999966
vt 0.12500000000000178 0.8105187499999966
vt 0.21690625000000185 0.9062499999999967
vt 0.21458750000000393 0.8444250000000026
vt 0.12500000000000444 0.9375000000000027
vt 0.12500000000000444 0.9062500000000027
vt 0.21458750000000393 0.8131750000000026
vt 0.25026249999999806 0.875000000000002
vt 0.18749999999999822 0.7576500000000019
vt 0.18749999999999822 0.7264000000000019
vt 0.25026249999999806 0.843750000000002
vt 0.18699374999999385 0.7598062499999996
vt 0.12499999999999378 0.8749999999999996
vt 0.12499999999999378 0.8437499999999996
vt 0.18699374999999385 0.7285562499999996
vt 0.17129374999999758 0.9375000000000002
vt 0.12499999999999734 0.8095062500000003
vt 0.12499999999999734 0.7782562500000003
vt 0.17129374999999758 0.9062500000000002
vt 0.23400625000000597 0.8105499999999988
vt 0.18750000000000622 0.9374999999999989
vt 0.18750000000000622 0.9062499999999989
vt 0.23400625000000597 0.7792999999999988
vt 0.23016249999999827 0.8750000000000022
vt 0.18749999999999822 0.7478125000000022
vt 0.18749999999999822 0.7165625000000022
vt 0.23016249999999827 0.8437500000000022
vt 0.23092499999999427 0.8101562499999975
vt 0.18749999999999423 0.9374999999999974
vt 0.18749999999999423 0.9062499999999974
vt 0.23092499999999427 0.7789062499999975
vt 0.24231874999999858 0.9374999999999998
vt 0.18749999999999867 0.8211999999999997
vt 0.18749999999999867 0.7899499999999997
vt 0.24231874999999858 0.9062499999999998
vt 0.18098750000000363 0.8198312499999975
vt 0.125000000000004 0.9374999999999974
vt 0.125000000000004 0.9062499999999974
vt 0.18098750000000363 0.7885812499999975
vt 0.27766874999999835 0.8749999999999978
vt 0.18749999999999822 0.7843999999999978
vt 0.18749999999999822 0.7531499999999978
vt 0.27766874999999835 0.8437499999999978
vt 0.2178437500000001 0.7820624999999995
vt 0.1250000000000009 0.8749999999999996
vt 0.1250000000000009 0.8437499999999996
vt 0.2178437500000001 0.7508124999999995
vt 0.2616000000000014 0.874999999999997
vt 0.1250000000000009 0.841318749999997
vt 0.1250000000000009 0.810068749999997
vt 0.2616000000000014 0.843749999999997
vt 0.2644562499999976 0.8398687500000004
vt 0.12499999999999734 0.8750000000000003
vt 0.12499999999999734 0.8437500000000003
vt 0.2644562499999976 0.8086187500000004
vt 0.32704375000000097 0.867237499999997
vt 0.1250000000000009 0.874999999999997
vt 0.1250000000000009 0.843749999999997
vt 0.32704375000000097 0.835987499999997
vt 0.3274625000000002 0.8750000000000003
vt 0.125 0.8676062500000004
vt 0.125 0.8363562500000004
vt 0.3274625000000002 0.8437500000000003
vt 0.2773000000000012 0.8581125000000024
vt 0.06250000000000089 0.8750000000000024
vt 0.06250000000000089 0.8437500000000024
vt 0.2773000000000012 0.8268625000000024
vt 0.3393499999999978 0.8749999999999989
vt 0.12499999999999778 0.8584624999999989
vt 0.12499999999999778 0.8272124999999989
vt 0.3393499999999978 0.8437499999999989
vt 0.27746875000000193 0.8524999999999981
vt 0.06250000000000222 0.8749999999999981
vt 0.06250000000000222 0.8437499999999981
vt 0.27746875000000193 0.8212499999999981
vt 0.3401937500000045 0.8749999999999972
vt 0.12500000000000488 0.8528124999999972
vt 0.12500000000000488 0.8215624999999972
vt 0.3401937500000045 0.8437499999999972
vt 0.3261187500000018 0.8501624999999989
vt 0.12500000000000178 0.874999999999999
vt 0.12500000000000178 0.843749999999999
vt 0.3261187500000018 0.8189124999999989
vt 0.2645375000000052 0.8749999999999983
vt 0.06250000000000533 0.8503749999999983
vt 0.06250000000000533 0.8191249999999983
vt 0.2645375000000052 0.8437499999999983
vt 0.29611250000000133 0.7888937500000028
vt 0.12500000000000133 0.8125000000000028
vt 0.12500000000000133 0.7812500000000028
vt 0.29611250000000133 0.7576437500000028
vt 0.36063749999999795 0.8749999999999987
vt 0.18749999999999778 0.8513937499999987
vt 0.18749999999999778 0.8201437499999987
vt 0.36063749999999795 0.8437499999999987
vt 0.30933125000000317 0.794856250000003
vt 0.1875000000000031 0.8125000000000031
vt 0.1875000000000031 0.7812500000000031
vt 0.30933125000000317 0.763606250000003
vt 0.31380624999999984 0.812499999999999
vt 0.1875 0.794274999999999
vt 0.1875 0.763024999999999
vt 0.31380624999999984 0.781249999999999
vt 0.21502499999999936 0.8749999999999987
vt 0.1874999999999991 0.8728937499999987
vt 0.1874999999999991 0.8416437499999987
vt 0.21502499999999936 0.8437499999999987
vt 0.22307500000000324 0.8736812499999994
vt 0.1875000000000031 0.8749999999999994
vt 0.1875000000000031 0.8437499999999994
vt 0.22307500000000324 0.8424312499999994
vt 0.2413625000000006 0.8693187500000008
vt 0.1875000000000009 0.8750000000000008
vt 0.1875000000000009 0.8437500000000008
vt 0.2413625000000006 0.8380687500000008
vt 0.24999999999999556 0.875
vt 0.18749999999999556 0.8681875
vt 0.18749999999999556 0.8369375
vt 0.24999999999999556 0.84375
vt 0.3452375000000003 0.8729624999999988
vt 0.18750000000000022 0.8749999999999987
vt 0.18750000000000022 0.8437499999999987
vt 0.3452375000000003 0.8417124999999988
vt 0.2856602170140208 0.8124999999999968
vt 0.12532646744768638 0.8124999999999967
vt 0.12499999999999312 0.7812517053424384
vt 0.2853337495663275 0.7812517053424382
vt 0.3259499999999993 0.8729937499999989
vt 0.18749999999999933 0.8749999999999989
vt 0.18749999999999933 0.8437499999999989
vt 0.3259499999999993 0.8417437499999989
vt 0.26373817284133305 0.8124999999999991
vt 0.1253839782389916 0.8124999999999991
vt 0.12500000000000355 0.7812523591176543
vt 0.263354194602345 0.7812523591176543
vt 0.24528749999999766 0.8729749999999997
vt 0.12499999999999756 0.8749999999999998
vt 0.12499999999999756 0.8437499999999998
vt 0.24528749999999766 0.8417249999999997
vt 0.3074991322142031 0.8125000000000028
vt 0.1879492764727071 0.8125000000000029
vt 0.18750000000000133 0.7812532297564869
vt 0.30704985574149757 0.7812532297564868
vt 0.23193124999999704 0.872962500000003
vt 0.12499999999999711 0.875000000000003
vt 0.12499999999999711 0.843750000000003
vt 0.23193124999999704 0.841712500000003
vt 0.2306888376920666 0.8749999999999988
vt 0.1255181308477893 0.8749999999999988
vt 0.12499999999999822 0.8437542956484472
vt 0.23017070684427576 0.8437542956484473
vt 0.28818749999999715 0.8729500000000031
vt 0.18749999999999734 0.8750000000000031
vt 0.18749999999999734 0.8437500000000031
vt 0.28818749999999715 0.8417000000000031
vt 0.284881250000002 0.8750000000000026
vt 0.187500000000002 0.8732562500000026
vt 0.187500000000002 0.8420062500000026
vt 0.284881250000002 0.8437500000000026
vt 0.289924999999998 0.8729562500000001
vt 0.18749999999999778 0.8750000000000001
vt 0.18749999999999778 0.8437500000000001
vt 0.289924999999998 0.8417062500000001
vt 0.28494375000000405 0.8749999999999983
vt 0.18750000000000444 0.8732624999999983
vt 0.18750000000000444 0.8420124999999983
vt 0.28494375000000405 0.8437499999999983
vt 0.29356875000000215 0.8104687499999987
vt 0.18750000000000222 0.8124999999999987
vt 0.18750000000000222 0.7812499999999987
vt 0.29356875000000215 0.7792187499999987
vt 0.28852617904546296 0.8125000000000014
vt 0.1880422977976477 0.8125000000000013
vt 0.18749999999999778 0.7812547057447272
vt 0.28798388124781304 0.7812547057447273
vt 0.2951687499999993 0.8105625000000004
vt 0.1874999999999991 0.8125000000000004
vt 0.1874999999999991 0.7812500000000004
vt 0.2951687499999993 0.7793125000000004
vt 0.29049209767185724 0.8750000000000022
vt 0.18804525226990032 0.8750000000000021
vt 0.18749999999999512 0.8437547571626971
vt 0.2899468454019525 0.8437547571626971
vt 0.27157500000000256 0.8117624999999973
vt 0.12500000000000266 0.8124999999999972
vt 0.12500000000000266 0.7812499999999972
vt 0.27157500000000256 0.7805124999999973
vt 0.26604966328519764 0.8125000000000028
vt 0.12513583212409385 0.8125000000000027
vt 0.12500000000000622 0.781250295207252
vt 0.26591383116110956 0.781250295207252
vt 0.2634624999999988 0.8117687499999968
vt 0.12499999999999867 0.8124999999999969
vt 0.12499999999999867 0.7812499999999969
vt 0.2634624999999988 0.7805187499999968
vt 0.25812159912854193 0.8124999999999998
vt 0.1251512908239245 0.8124999999999997
vt 0.12500000000000666 0.7812503662247601
vt 0.2579703083046243 0.7812503662247602
vt 0.3205874999999998 0.811724999999998
vt 0.18749999999999978 0.812499999999998
vt 0.18749999999999978 0.781249999999998
vt 0.3205874999999998 0.780474999999998
vt 0.25453356007839445 0.812499999999998
vt 0.1251630491357436 0.812499999999998
vt 0.12499999999999933 0.7812504253632236
vt 0.2543705109426502 0.7812504253632236
vt 0.3202687500000003 0.8117062500000024
vt 0.18750000000000033 0.8125000000000024
vt 0.18750000000000033 0.7812500000000024
vt 0.3202687500000003 0.7804562500000025
vt 0.2558177766911739 0.8125000000000022
vt 0.12516593480188976 0.8125000000000023
vt 0.12500000000000322 0.7812504405528433
vt 0.25565184188928747 0.7812504405528433
vt 0.2591312499999976 0.8116937500000021
vt 0.12499999999999756 0.8125000000000021
vt 0.12499999999999756 0.7812500000000022
vt 0.2591312499999976 0.7804437500000021
vt 0.32081612614358235 0.8125000000000004
vt 0.18766428612625485 0.8125000000000003
vt 0.1875000000000011 0.7812504318418847
vt 0.3206518400173286 0.7812504318418847
vt 0.258531250000001 0.8116874999999987
vt 0.12500000000000094 0.8124999999999987
vt 0.12500000000000094 0.7812499999999987
vt 0.258531250000001 0.7804374999999988
vt 0.3210782992857733 0.8124999999999997
vt 0.1876639628887804 0.8124999999999997
vt 0.18750000000000283 0.7812504301442224
vt 0.32091433639699574 0.7812504301442224
vt 0.31638125000000233 0.8116937500000008
vt 0.18750000000000233 0.8125000000000008
vt 0.18750000000000233 0.7812500000000009
vt 0.31638125000000233 0.7804437500000008
vt 0.31719885921126173 0.8125000000000012
vt 0.18767189954166244 0.8125000000000012
vt 0.18750000000000103 0.7812504727948164
vt 0.31702695966960037 0.7812504727948166
vt 0.3063124999999988 0.8117499999999974
vt 0.18749999999999883 0.8124999999999973
vt 0.18749999999999883 0.7812499999999973
vt 0.3063124999999988 0.7804999999999973
vt 0.24594107958392492 0.8125000000000017
vt 0.12518276432934297 0.8125000000000016
vt 0.12500000000000078 0.781250534449373
vt 0.24575831525458275 0.781250534449373
vt 0.31133914017917885 0.8124999999999986
vt 0.18750788623606074 0.8124999999999986
vt 0.18750000000000233 0.781250000995082
vt 0.3113312539431205 0.7812500009950821
vt 0.3151375000000024 0.812468750000003
vt 0.18750000000000233 0.8125000000000029
vt 0.18750000000000233 0.7812500000000029
vt 0.3151375000000024 0.781218750000003
vt 0.27542806256916386 0.8124999999999967
vt 0.18751555168298517 0.8124999999999967
vt 0.1874999999999971 0.7812500038696746
vt 0.2754125108861756 0.7812500038696745
vt 0.28054999999999963 0.8124562499999997
vt 0.18749999999999956 0.8124999999999997
vt 0.18749999999999956 0.7812499999999998
vt 0.28054999999999963 0.7812062499999997
vt 0.1977188190410426 0.8124999999999988
vt 0.12501880587692749 0.8124999999999988
vt 0.12500000000000266 0.7812500056585755
vt 0.19770001316411756 0.7812500056585755
vt 0.20306250000000392 0.8124562499999964
vt 0.125000000000004 0.8124999999999964
vt 0.125000000000004 0.7812499999999964
vt 0.20306250000000392 0.7812062499999965
vt 0.2643590092499122 0.8124999999999993
vt 0.18751525009985204 0.8124999999999992
vt 0.18750000000000044 0.7812500037210481
vt 0.2643437591500608 0.7812500037210481
vt 0.269062499999994 0.8124624999999988
vt 0.187499999999994 0.8124999999999988
vt 0.187499999999994 0.7812499999999988
vt 0.269062499999994 0.7812124999999988
vt 0.21515242017924052 0.8125000000000034
vt 0.12500866671255562 0.8125000000000033
vt 0.125 0.781250001201794
vt 0.2151437534666849 0.781250001201794
vt 0.21884999999999444 0.8124812500000035
vt 0.12499999999999467 0.8125000000000034
vt 0.12499999999999467 0.7812500000000036
vt 0.21884999999999444 0.7812312500000035
vt 0.2907975324468812 0.8125000000000008
vt 0.18750378169054294 0.8125000000000007
vt 0.18750000000000355 0.7812500002288196
vt 0.29079375075634206 0.7812500002288196
vt 0.2936250000000067 0.8124937499999979
vt 0.18750000000000688 0.812499999999998
vt 0.18750000000000688 0.781249999999998
vt 0.2936250000000067 0.781243749999998
vt 0.29949549413332277 0.8124999999999982
vt 0.18750174395892683 0.8124999999999982
vt 0.18750000000000333 0.7812500000486604
vt 0.2994937501743993 0.7812500000486605
vt 0.3017312500000051 0.8124937499999996
vt 0.1875000000000051 0.8124999999999996
vt 0.1875000000000051 0.7812499999999996
vt 0.3017312500000051 0.7812437499999996
vt 0.24159055998478585 0.8124999999999993
vt 0.12502178166861322 0.8124999999999993
vt 0.12499999999999933 0.7812500075910578
vt 0.24156877831617196 0.7812500075910576
vt 0.304075000000007 0.8124937500000011
vt 0.18750000000000688 0.8125000000000011
vt 0.18750000000000688 0.7812500000000011
vt 0.304075000000007 0.7812437500000011
vt 0.3256116977185235 0.8124999999999964
vt 0.12501168369808546 0.8124999999999964
vt 0.12499999999999867 0.7812500021841373
vt 0.3256000140204367 0.7812500021841373
vt 0.32148750000000126 0.812374999999997
vt 0.1250000000000011 0.8124999999999969
vt 0.1250000000000011 0.7812499999999969
vt 0.32148750000000126 0.781124999999997
vt 0.2900347261823313 0.8125000000000017
vt 0.12502840800310966 0.8125000000000017
vt 0.12499999999999978 0.7812500129122386
vt 0.2900063181792213 0.7812500129122386
vt 0.28659375000000353 0.8123687500000027
vt 0.12500000000000355 0.8125000000000028
vt 0.12500000000000355 0.7812500000000028
vt 0.28659375000000353 0.7811187500000027
vt 0.30564612698341853 0.8124999999999977
vt 0.12503352306189708 0.8124999999999976
vt 0.12500000000000355 0.7812500179807336
vt 0.3056126039215252 0.7812500179807337
vt 0.30019375000000226 0.8123249999999982
vt 0.12500000000000222 0.8124999999999982
vt 0.12500000000000222 0.7812499999999982
vt 0.30019375000000226 0.7810749999999982
vt 0.27737918627726843 0.8124999999999973
vt 0.12501666461326966 0.8124999999999972
vt 0.1250000000000021 0.7812500044433469
vt 0.2773625216640009 0.7812500044433469
vt 0.2762437500000029 0.8124374999999971
vt 0.1250000000000029 0.8124999999999971
vt 0.1250000000000029 0.7812499999999971
vt 0.2762437500000029 0.7811874999999971
vt 0.32409751661543906 0.8124999999999984
vt 0.18751000960871278 0.8124999999999986
vt 0.18750000000000144 0.7812500016030748
vt 0.3240875070067277 0.7812500016030748
vt 0.3251312499999993 0.8124687499999979
vt 0.18749999999999933 0.8124999999999979
vt 0.18749999999999933 0.7812499999999979
vt 0.3251312499999993 0.7812187499999979
vt 0.3022585146034459 0.8124999999999996
vt 0.18750851034827165 0.8124999999999996
vt 0.18750000000000333 0.7812500011588159
vt 0.30225000425517756 0.7812500011588159
vt 0.30555624999999853 0.8124749999999971
vt 0.18749999999999845 0.812499999999997
vt 0.18749999999999845 0.7812499999999971
vt 0.30555624999999853 0.7812249999999971
vt 0.2838706106496155 0.8125000000000034
vt 0.1875081074066529 0.8125000000000033
vt 0.1874999999999989 0.7812500010516841
vt 0.28386250324296136 0.7812500010516842
vt 0.2891749999999986 0.8124500000000024
vt 0.18749999999999867 0.8125000000000024
vt 0.18749999999999867 0.7812500000000024
vt 0.2891749999999986 0.7812000000000026
vt 0.358716298147681 0.812500000000003
vt 0.25002875214424036 0.8125000000000031
vt 0.24999999999999833 0.7812500132269786
vt 0.358687546003439 0.7812500132269786
vt 0.364387500000002 0.812425
vt 0.250000000000002 0.8125
vt 0.250000000000002 0.78125
vt 0.364387500000002 0.781175
vt 0.12429375000000342 0.8124937499999986
vt 3.3306690738754696e-15 0.8124999999999986
vt 3.3306690738754696e-15 0.7812499999999986
vt 0.12429375000000342 0.7812437499999986
vt 0.12912500000000005 0.8125
vt 0 0.8125
vt 0 0.78125
vt 0.12912500000000005 0.78125
vt 0.11558918990618333 0.8124999999999988
vt 0.0000016897372095980856 0.8124999999999988
vt 0 0.7812500000456821
vt 0.11558750016897373 0.7812500000456822
vt 0.1192625 0.8125
vt 0 0.8125
vt 0 0.78125
vt 0.1192625 0.78125
vt 0.1186875 0.8124999999999986
vt 0 0.8124999999999986
vt 0 0.7812499999999986
vt 0.1186875 0.7812499999999986
vt 0.12073125000000001 0.8125
vt 0 0.8125
vt 0 0.78125
vt 0.12073125000000001 0.78125
vt 0.12267352801619733 0.8125000000000008
vt 0.000004776583222343422 0.8125000000000007
vt 0 0.7812500003650527
vt 0.12266875143297498 0.7812500003650527
vt 0.12258750000000002 0.8125
vt 0 0.8125
vt 0 0.78125
vt 0.12258750000000002 0.78125
vt 0.1284216313390442 0.8124999999999973
vt 0.000009125863525943911 0.8124999999999972
vt 0 0.7812500013324994
vt 0.12841250547551825 0.7812500013324997
vt 0.1252062500000019 0.8125
vt 1.9012569296705806e-15 0.8125
vt 1.9012569296705806e-15 0.78125
vt 0.1252062500000019 0.78125
vt 0.14621875 0.8123937499999985
vt 0 0.8124999999999984
vt 0 0.7812499999999984
vt 0.14621875 0.7811437499999985
vt 0.139025 0.8125
vt 0 0.8125
vt 0 0.78125
vt 0.139025 0.78125
vt 0.16422112916269746 0.8124999999999984
vt 0.000002378686960069487 0.8124999999999986
vt 2.1649348980190553e-15 0.781250000090529
vt 0.16421875047573953 0.7812500000905289
vt 0.15580000000000002 0.8125
vt 0 0.8125
vt 0 0.78125
vt 0.15580000000000002 0.78125
vt 0.18084375 0.8124062500000033
vt 0 0.8125000000000033
vt 0 0.7812500000000033
vt 0.18084375 0.7811562500000033
vt 0.1764625 0.8125
vt 0 0.8125
vt 0 0.78125
vt 0.1764625 0.78125
vt 0.1721 0.8048375000000012
vt 0 0.8125000000000011
vt 0 0.7812500000000011
vt 0.1721 0.7735875000000012
vt 0.17268124999999998 0.8125
vt 0 0.80514375
vt 0 0.77389375
vt 0.17268124999999998 0.78125
vt 0.17995625000000004 0.7967937500000033
vt 0 0.8125000000000033
vt 0 0.7812500000000033
vt 0.17995625000000004 0.7655437500000033
vt 0.18219999999999997 0.8125000000000009
vt 0 0.7969437500000008
vt 0 0.7656937500000008
vt 0.18219999999999997 0.7812500000000009
vt 0.17835625 0.854074999999997
vt 0 0.8749999999999971
vt 0 0.8437499999999971
vt 0.17835625 0.822824999999997
vt 0.1806375 0.8749999999999968
vt 0 0.8541437499999968
vt 0 0.8228937499999968
vt 0.1806375 0.8437499999999968
vt 0.16554375 0.8520000000000025
vt 0 0.8750000000000024
vt 0 0.8437500000000024
vt 0.16554375 0.8207500000000025
vt 0.16822499999999996 0.8749999999999981
vt 0 0.8519624999999982
vt 0 0.8207124999999982
vt 0.16822499999999996 0.8437499999999981
vt 0.14228124999999991 0.8532999999999986
vt 0 0.8749999999999987
vt 0 0.8437499999999987
vt 0.14228124999999991 0.8220499999999986
vt 0.14584375000000005 0.8124999999999991
vt 0 0.790612499999999
vt 0 0.759362499999999
vt 0.14584375000000005 0.7812499999999991
vt 0.11200625000000008 0.8578437500000013
vt 0 0.8750000000000013
vt 0 0.8437500000000013
vt 0.11200625000000008 0.8265937500000013
vt 0.11696249999999986 0.8749999999999973
vt 0 0.8574937499999973
vt 0 0.8262437499999973
vt 0.11696249999999986 0.8437499999999973
vt 0.08868125000000326 0.8638875000000007
vt 3.3306690738754696e-15 0.8750000000000007
vt 3.3306690738754696e-15 0.8437500000000007
vt 0.08868125000000326 0.8326375000000007
vt 0.09491875000000005 0.8750000000000011
vt 0 0.8636000000000013
vt 0 0.8323500000000013
vt 0.09491875000000005 0.8437500000000011
vt 0.09971249999999998 0.8073687499999965
vt 0 0.8124999999999966
vt 0 0.7812499999999966
vt 0.09971249999999998 0.7761187499999965
vt 0.10682500000000206 0.8750000000000031
vt 2.1094237467877974e-15 0.869631250000003
vt 2.1094237467877974e-15 0.838381250000003
vt 0.10682500000000206 0.8437500000000031
vt 0.15528124999999998 0.8750000000000029
vt 0 0.8530812500000029
vt 0 0.8218312500000029
vt 0.15528124999999998 0.8437500000000029
vt 0.15725 0.853043750000002
vt 0 0.875000000000002
vt 0 0.843750000000002
vt 0.15725 0.821793750000002
vt 0.18846874999999996 0.8750000000000004
vt 0 0.8443625000000005
vt 0 0.8131125000000005
vt 0.18846874999999996 0.8437500000000004
vt 0.19006249999999997 0.8443874999999973
vt 0 0.8749999999999972
vt 0 0.8437499999999972
vt 0.19006249999999997 0.8131374999999972
vt 0.19985624999999996 0.8749999999999979
vt 0 0.8404624999999979
vt 0 0.8092124999999979
vt 0.19985624999999996 0.8437499999999979
vt 0.201625 0.840456250000001
vt 0 0.875000000000001
vt 0 0.8437500000000009
vt 0.201625 0.809206250000001
vt 0.19043750000000348 0.8749999999999969
vt 3.4416913763379853e-15 0.8414499999999969
vt 3.4416913763379853e-15 0.8101999999999969
vt 0.19043750000000348 0.8437499999999969
vt 0.19284999999999997 0.8413312499999984
vt 0 0.8749999999999984
vt 0 0.8437499999999984
vt 0.19284999999999997 0.8100812499999984
vt 0.16111875000000075 0.8750000000000022
vt 7.771561172376096e-16 0.8474812500000022
vt 7.771561172376096e-16 0.8162312500000022
vt 0.16111875000000075 0.8437500000000022
vt 0.16487500000000332 0.8471937500000023
vt 3.3306690738754696e-15 0.8750000000000023
vt 3.3306690738754696e-15 0.8437500000000023
vt 0.16487500000000332 0.8159437500000023
vt 0.11758750000000001 0.8750000000000009
vt 0 0.8577250000000008
vt 0 0.8264750000000008
vt 0.11758750000000001 0.8437500000000009
vt 0.12351875000000001 0.8573249999999999
vt 0 0.8749999999999999
vt 0 0.8437499999999999
vt 0.12351875000000001 0.8260749999999999
vt 0.09238125 0.8749999999999988
vt 0 0.8678499999999988
vt 0 0.8365999999999988
vt 0.09238125 0.8437499999999988
vt 0.0996625 0.8677874999999968
vt 0 0.8749999999999969
vt 0 0.8437499999999969
vt 0.0996625 0.8365374999999968
vt 0.16908124999999996 0.8282749999999994
vt 0 0.8749999999999994
vt 0 0.8437499999999994
vt 0.16908124999999996 0.7970249999999994
vt 0.16805000000000003 0.8750000000000009
vt 0 0.828456250000001
vt 0 0.797206250000001
vt 0.16805000000000003 0.8437500000000009
vt 0.14663125 0.7706875000000005
vt 0 0.8125000000000004
vt 0 0.7812500000000004
vt 0.14663125 0.7394375000000005
vt 0.14509375000000257 0.8749999999999988
vt 2.6645352591003757e-15 0.8336249999999987
vt 2.6645352591003757e-15 0.8023749999999987
vt 0.14509375000000257 0.8437499999999988
vt 0.13198750000000226 0.7765624999999976
vt 2.220446049250313e-15 0.8124999999999977
vt 2.220446049250313e-15 0.7812499999999977
vt 0.13198750000000226 0.7453124999999976
vt 0.130625 0.8124999999999989
vt 0 0.7769187499999989
vt 0 0.7456687499999989
vt 0.130625 0.7812499999999989
vt 0.12368750000000062 0.8459249999999988
vt 6.106226635438361e-16 0.8749999999999988
vt 6.106226635438361e-16 0.8437499999999988
vt 0.12368750000000062 0.8146749999999988
vt 0.12285625 0.8749999999999988
vt 0 0.8460999999999987
vt 0 0.8148499999999987
vt 0.12285625 0.8437499999999988
vt 0.12078125 0.8531937500000014
vt 0 0.8750000000000014
vt 0 0.8437500000000014
vt 0.12078125 0.8219437500000014
vt 0.1207062500000011 0.812500000000003
vt 1.1102230246251565e-15 0.790687500000003
vt 1.1102230246251565e-15 0.759437500000003
vt 0.1207062500000011 0.781250000000003
vt 0.1241 0.860043749999997
vt 0 0.874999999999997
vt 0 0.843749999999997
vt 0.1241 0.828793749999997
vt 0.12472500000000002 0.8749999999999976
vt 0 0.8599624999999976
vt 0 0.8287124999999976
vt 0.12472500000000002 0.8437499999999976
vt 0.135275 0.866237500000001
vt 0 0.875000000000001
vt 0 0.843750000000001
vt 0.135275 0.834987500000001
vt 0.13636250000000336 0.8125000000000016
vt 3.344546861683284e-15 0.8036812500000015
vt 3.344546861683284e-15 0.7724312500000015
vt 0.13636250000000336 0.7812500000000016
vt 0.15459374999999997 0.8095250000000017
vt 0 0.8125000000000017
vt 0 0.7812500000000017
vt 0.15459374999999997 0.7782750000000017
vt 0.15674375 0.8125000000000022
vt 0 0.8095250000000023
vt 0 0.7782750000000023
vt 0.15674375 0.7812500000000022
vt 0.09662499999999999 0.8125000000000017
vt 0 0.8044375000000017
vt 0 0.7731875000000017
vt 0.09662499999999999 0.7812500000000017
vt 0.09931874999999998 0.8043187500000022
vt 0 0.8125000000000022
vt 0 0.7812500000000022
vt 0.09931874999999998 0.7730687500000022
vt 0.12010625000000008 0.7818562499999971
vt 0 0.8124999999999971
vt 0 0.7812499999999971
vt 0.12010625000000008 0.7506062499999971
vt 0.18083125000000133 0.8749999999999978
vt 0.06250000000000133 0.8445812499999978
vt 0.06250000000000133 0.8133312499999978
vt 0.18083125000000133 0.8437499999999978
vt 0.12095000000000011 0.8455687500000024
vt 0 0.8750000000000024
vt 0 0.8437500000000024
vt 0.12095000000000011 0.8143187500000024
vt 0.11980625000000344 0.8750000000000017
vt 3.3306690738754696e-15 0.8456312500000016
vt 3.3306690738754696e-15 0.8143812500000016
vt 0.11980625000000344 0.8437500000000017
vt 0.1321000000000001 0.8429250000000035
vt 0 0.8750000000000036
vt 0 0.8437500000000036
vt 0.1321000000000001 0.8116750000000035
vt 0.13164999999999982 0.8750000000000009
vt 0 0.842818750000001
vt 0 0.811568750000001
vt 0.13164999999999982 0.8437500000000009
vt 0.1560125000000001 0.8357187500000016
vt 0 0.8750000000000016
vt 0 0.8437500000000016
vt 0.1560125000000001 0.8044687500000016
vt 0.1556875000000002 0.8749999999999989
vt 0 0.8356062499999988
vt 0 0.8043562499999988
vt 0.1556875000000002 0.8437499999999989
vt 0.12625625000000462 0.8403875000000001
vt 4.6629367034256575e-15 0.8750000000000001
vt 4.6629367034256575e-15 0.8437500000000001
vt 0.12625625000000462 0.8091375000000001
vt 0.1867937500000023 0.8125000000000004
vt 0.06250000000000222 0.7782187500000004
vt 0.06250000000000222 0.7469687500000004
vt 0.1867937500000023 0.7812500000000004
vt 0.13998749999999993 0.8340812500000016
vt 0 0.8750000000000016
vt 0 0.8437500000000016
vt 0.13998749999999993 0.8028312500000016
vt 0.13837500000000014 0.8749999999999998
vt 0 0.8343562499999998
vt 0 0.8031062499999998
vt 0.13837500000000014 0.8437499999999998
vt 0.16516249999999988 0.8244749999999975
vt 0 0.8749999999999974
vt 0 0.8437499999999974
vt 0.16516249999999988 0.7932249999999975
vt 0.16406874999999999 0.8750000000000008
vt 0 0.8246812500000008
vt 0 0.7934312500000008
vt 0.16406874999999999 0.8437500000000008
vt 0.2008312499999998 0.8111812499999979
vt 0 0.8749999999999979
vt 0 0.8437499999999979
vt 0.2008312499999998 0.7799312499999979
vt 0.19912499999999977 0.8750000000000032
vt 0 0.8114250000000032
vt 0 0.7801750000000032
vt 0.19912499999999977 0.8437500000000032
vt 0.11893125000000015 0.8666187500000008
vt 0 0.8750000000000008
vt 0 0.8437500000000008
vt 0.11893125000000015 0.8353687500000008
vt 0.11760625000000191 0.8750000000000033
vt 2.220446049250313e-15 0.8665187500000033
vt 2.220446049250313e-15 0.8352687500000033
vt 0.11760625000000191 0.8437500000000033
vt 0.09365625 0.8733187500000001
vt 0 0.8750000000000001
vt 0 0.8437500000000001
vt 0.09365625 0.8420687500000001
vt 0.09398124999999968 0.8124999999999989
vt 0 0.810424999999999
vt 0 0.779174999999999
vt 0.09398124999999968 0.7812499999999989
vt 0.13351249999999526 0.8749999999999991
vt 0.06249999999999556 0.8717374999999992
vt 0.06249999999999556 0.8404874999999992
vt 0.13351249999999526 0.8437499999999991
vt 0.13476249999999945 0.8721624999999985
vt 0.062499999999999556 0.8749999999999984
vt 0.062499999999999556 0.8437499999999984
vt 0.13476249999999945 0.8409124999999985
vt 0.12146875000000401 0.8749999999999979
vt 0.062500000000004 0.8688624999999979
vt 0.062500000000004 0.8376124999999979
vt 0.12146875000000401 0.8437499999999979
vt 0.06104375000000184 0.869243750000001
vt 1.7763568394002505e-15 0.875000000000001
vt 1.7763568394002505e-15 0.843750000000001
vt 0.06104375000000184 0.837993750000001
vt 0.0635125000000003 0.8749999999999976
vt 0 0.8674999999999976
vt 0 0.8362499999999976
vt 0.0635125000000003 0.8437499999999976
vt 0.1283249999999998 0.8678375000000013
vt 0.0625 0.8750000000000013
vt 0.0625 0.8437500000000013
vt 0.1283249999999998 0.8365875000000013
vt 0.14631249999999518 0.8750000000000013
vt 0.062499999999995115 0.8670312500000013
vt 0.062499999999995115 0.8357812500000013
vt 0.14631249999999518 0.8437500000000013
vt 0.1482750000000026 0.8673812500000024
vt 0.06250000000000266 0.8750000000000024
vt 0.06250000000000266 0.8437500000000024
vt 0.1482750000000026 0.8361312500000024
vt 0.11433124999999977 0.8125000000000007
vt 0 0.8052562500000007
vt 0 0.7740062500000007
vt 0.11433124999999977 0.7812500000000007
vt 0.11570625000000145 0.80563125
vt 1.7763568394002505e-15 0.8125
vt 1.7763568394002505e-15 0.78125
vt 0.11570625000000145 0.77438125
vt 0.15208125000000106 0.8124999999999978
vt 1.3322676295501878e-15 0.8077562499999977
vt 1.3322676295501878e-15 0.7765062499999977
vt 0.15208125000000106 0.7812499999999978
vt 0.15253125 0.8079687500000006
vt 0 0.8125000000000006
vt 0 0.7812500000000006
vt 0.15253125 0.7767187500000006
vt 0.1660636762561145 0.8125000000000002
vt 0.0000011761385012576397 0.8125000000000002
vt 0 0.781250000022133
vt 0.1660625001176137 0.781250000022133
vt 0.16591250000000013 0.8124874999999966
vt 0 0.8124999999999966
vt 0 0.7812499999999966
vt 0.16591250000000013 0.7812374999999966
vt 0.1425263705106552 0.8125000000000002
vt 0.000001370373617248788 0.8125000000000002
vt 0 0.781250000030047
vt 0.14252500013703795 0.7812500000300471
vt 0.14270625000000026 0.8124999999999966
vt 4.440892098500626e-16 0.8124999999999966
vt 4.440892098500626e-16 0.7812499999999966
vt 0.14270625000000026 0.7812499999999966
vt 0.18431765846008252 0.8124999999999971
vt 0.06251763905711849 0.8124999999999971
vt 0.06249999999999423 0.7812500049781789
vt 0.18430001940295826 0.7812500049781789
vt 0.12271875000000065 0.812450000000002
vt 8.881784197001252e-16 0.812500000000002
vt 8.881784197001252e-16 0.781250000000002
vt 0.12271875000000065 0.781200000000002
vt 0.16790011164678909 0.8124999999999984
vt 0.06256860779763196 0.8124999999999984
vt 0.06250000000000355 0.7812500753125675
vt 0.16783150384916024 0.7812500753125675
vt 0.1695812499999998 0.8123124999999993
vt 0.0625 0.8124999999999993
vt 0.0625 0.7812499999999993
vt 0.1695812499999998 0.7810624999999993
vt 0.1590906886014194 0.8124999999999989
vt 0.0626397244975676 0.8124999999999989
vt 0.062499999999992895 0.7812503123685237
vt 0.15895096410384468 0.7812503123685237
vt 0.09887500000000271 0.8121250000000011
vt 2.6645352591003757e-15 0.8125000000000011
vt 2.6645352591003757e-15 0.7812500000000011
vt 0.09887500000000271 0.7808750000000011
vt 0.16208939795544763 0.8125000000000007
vt 0.06266304467543149 0.8125000000000006
vt 0.06249999999999867 0.7812504253399541
vt 0.16192635328001526 0.7812504253399543
vt 0.10209374999999987 0.874543750000002
vt 0 0.875000000000002
vt 0 0.843750000000002
vt 0.10209374999999987 0.843293750000002
vt 0.178686786529906 0.8125000000000012
vt 0.06261105357400343 0.8125000000000012
vt 0.062499999999998224 0.781250197326965
vt 0.1785757329559008 0.781250197326965
vt 0.11850000000000005 0.8746312500000022
vt 0 0.8750000000000021
vt 0 0.8437500000000021
vt 0.11850000000000005 0.8433812500000022
vt 0.1447585443704127 0.8125000000000019
vt 0.00004588834993857205 0.8125000000000019
vt 0 0.7812500336918706
vt 0.14471265602047456 0.7812500336918706
vt 0.14655000000000307 0.8747812500000002
vt 3.1086244689504383e-15 0.8750000000000002
vt 3.1086244689504383e-15 0.8437500000000002
vt 0.14655000000000307 0.8435312500000002
vt 0.14823125000000004 0.8120812500000025
vt 0 0.8125000000000026
vt 0 0.7812500000000026
vt 0.14823125000000004 0.7808312500000025
vt 0.14968865536654774 0.8749999999999967
vt 0.00007571621187452138 0.8749999999999967
vt 1.3322676295501878e-15 0.8437500917272471
vt 0.14961293915467455 0.8437500917272471
vt 0.12434374999999998 0.8120374999999969
vt 0 0.8124999999999969
vt 0 0.7812499999999969
vt 0.12434374999999998 0.7807874999999969
vt 0.12548782847127748 0.8749999999999969
vt 0.00009969045076951843 0.8749999999999969
vt 3.3306690738754696e-15 0.8437501590113771
vt 0.1253881380205113 0.8437501590113771
vt 0.11183750000000003 0.8119750000000017
vt 0 0.8125000000000016
vt 0 0.7812500000000016
vt 0.11183750000000003 0.7807250000000017
vt 0.1748529730565791 0.8750000000000018
vt 0.0626270456197231 0.8750000000000018
vt 0.06250000000000178 0.8437502582505008
vt 0.174725927436858 0.8437502582505008
vt 0.1096625 0.8119874999999978
vt 0 0.8124999999999978
vt 0 0.7812499999999978
vt 0.1096625 0.7807374999999978
vt 0.10923163858297791 0.8750000000000029
vt 0.00013068458136311634 0.8750000000000028
vt 0 0.8437502732565544
vt 0.10910095400161501 0.8437502732565545
vt 0.11554999999999982 0.812143749999997
vt 0 0.812499999999997
vt 0 0.781249999999997
vt 0.11554999999999982 0.780893749999997
vt 0.11409233665180007 0.8750000000000019
vt 0.00008565835919949194 0.8750000000000018
vt 3.1086244689504383e-15 0.8437501173978943
vt 0.11400667829260369 0.8437501173978944
vt 0.1896562500000032 0.81230625
vt 0.06250000000000311 0.8125
vt 0.06250000000000311 0.78125
vt 0.1896562500000032 0.7810562499999999
vt 0.18754854925279352 0.8750000000000011
vt 0.0625421853522905 0.8750000000000011
vt 0.062499999999997335 0.8437500284736772
vt 0.1875063639005008 0.8437500284736772
vt 0.14450000000000163 0.812293750000001
vt 1.3322676295501878e-15 0.8125000000000011
vt 1.3322676295501878e-15 0.781250000000001
vt 0.14450000000000163 0.781043750000001
vt 0.14234478701688502 0.8749999999999971
vt 0.00003842941448395365 0.8749999999999971
vt 0 0.8437500236291244
vt 0.14230635760240107 0.8437500236291244
vt 0.23243749999999963 0.812199999999999
vt 0.062499999999999556 0.812499999999999
vt 0.062499999999999556 0.781249999999999
vt 0.23243749999999963 0.780949999999999
vt 0.2310773874856178 0.875000000000002
vt 0.06255215279786386 0.8750000000000019
vt 0.06249999999999778 0.8437500435186615
vt 0.2310252346877517 0.8437500435186616
vt 0.17983750000000143 0.8125000000000019
vt 1.7763568394002505e-15 0.8125000000000019
vt 1.7763568394002505e-15 0.7812500000000019
vt 0.17983750000000143 0.7812500000000019
vt 0.17937500000000028 0.8124999999999981
vt 0 0.8124999999999981
vt 0 0.7812499999999981
vt 0.17937500000000028 0.7812499999999981
vt 0.18871353507733168 0.8125000000000016
vt 0.0000010349738355230897 0.8125000000000016
vt 0 0.7812500000171403
vt 0.18871250010349616 0.7812500000171403
vt 0.18843750000000004 0.8124999999999981
vt 0 0.8124999999999981
vt 0 0.7812499999999981
vt 0.18843750000000004 0.7812499999999981
vt 0.19458426217757996 0.8124999999999991
vt 0.0000030112741971066725 0.812499999999999
vt 0 0.7812500001450834
vt 0.19458125090338285 0.7812500001450835
vt 0.19401875000000324 0.8124812500000028
vt 3.552713678800501e-15 0.8125000000000029
vt 3.552713678800501e-15 0.7812500000000029
vt 0.19401875000000324 0.7812312500000028
vt 0.19745266086428348 0.8125000000000018
vt 0.000008902851716285909 0.8125000000000017
vt 0 0.781250001268174
vt 0.1974437580125672 0.781250001268174
vt 0.19658125000000037 0.8124562499999997
vt 0 0.8124999999999996
vt 0 0.7812499999999996
vt 0.19658125000000037 0.7812062499999997
vt 0.1979720615725098 0.8125000000000011
vt 0.00001578631440679601 0.8125000000000011
vt 0 0.7812500039873249
vt 0.197956275258103 0.7812500039873249
vt 0.19675625000000085 0.8124125000000002
vt 0 0.8125000000000002
vt 0 0.7812500000000002
vt 0.19675625000000085 0.7811625000000002
vt 0.19704758220952723 0.812499999999998
vt 0.00002874883788006599 0.812499999999998
vt 0 0.7812500132239317
vt 0.19701883337164627 0.7812500132239317
vt 0.19541874999999997 0.8123500000000023
vt 0 0.8125000000000023
vt 0 0.7812500000000023
vt 0.19541874999999997 0.7811000000000023
vt 0.1958533517737031 0.8124999999999996
vt 0.000046881430853851214 0.8124999999999997
vt 0 0.7812500351659164
vt 0.19580647034285015 0.7812500351659164
vt 0.19373750000000012 0.8122562499999996
vt 0 0.8124999999999996
vt 0 0.7812499999999996
vt 0.19373750000000012 0.7810062499999996
vt 0.1950239821590456 0.8125000000000004
vt 0.0000611093914013594 0.8125000000000003
vt 3.552713678800501e-15 0.7812500597497809
vt 0.1949628727676478 0.781250059749781
vt 0.19314375000000084 0.8121124999999974
vt 8.881784197001252e-16 0.8124999999999973
vt 8.881784197001252e-16 0.7812499999999973
vt 0.19314375000000084 0.7808624999999974
vt 0.15649375000000187 0.8119624999999994
vt 2.6645352591003757e-15 0.8124999999999993
vt 2.6645352591003757e-15 0.7812499999999993
vt 0.15649375000000187 0.7807124999999994
vt 0.15624451318944566 0.875000000000002
vt 0.00009380961574123603 0.875000000000002
vt 0 0.8437501408042233
vt 0.15615070357370442 0.8437501408042233
vt 0.18300625000000448 0.8120562499999995
vt 0.06250000000000444 0.8124999999999994
vt 0.06250000000000444 0.7812499999999994
vt 0.18300625000000448 0.7808062499999995
vt 0.24678626010671412 0.875000000000001
vt 0.12510433194716786 0.875000000000001
vt 0.1250000000000009 0.8437501741629696
vt 0.24668192815954626 0.8437501741629696
vt 0.1512375000000059 0.8123312500000017
vt 0.06250000000000533 0.8125000000000018
vt 0.06250000000000533 0.7812500000000018
vt 0.1512375000000059 0.7810812500000017
vt 0.09117893577296243 0.8749999999999991
vt 0.00006001772318242615 0.8749999999999991
vt 1.7763568394002505e-15 0.8437500576340857
vt 0.09111891804978178 0.8437500576340857
vt 0.12770104623530543 0.8124999999999964
vt 0.06264410452988578 0.8124999999999964
vt 0.06250000000000444 0.7812503322596113
vt 0.1275569417054241 0.7812503322596114
vt 0.19360000000000177 0.8122374999999986
vt 0.12500000000000178 0.8124999999999987
vt 0.12500000000000178 0.7812499999999987
vt 0.19360000000000177 0.7809874999999986
vt 0.18484804463726512 0.8749999999999974
vt 0.1252523514990438 0.8749999999999976
vt 0.12499999999999911 0.8437510189170737
vt 0.18459569313822133 0.8437510189170736
vt 0.125956249999998 0.8120625000000019
vt 0.062499999999997335 0.8125000000000019
vt 0.062499999999997335 0.7812500000000019
vt 0.125956249999998 0.7808125000000019
vt 0.1393356536633954 0.8124999999999991
vt 0.06253560381803425 0.8124999999999991
vt 0.06249999999999645 0.7812500202821153
vt 0.1393000498453576 0.7812500202821153
vt 0.07993125000000134 0.812406249999997
vt 8.881784197001252e-16 0.812499999999997
vt 8.881784197001252e-16 0.781249999999997
vt 0.07993125000000134 0.781156249999997
vt 0.2112874999999974 0.8120187499999996
vt 0.062499999999997335 0.8124999999999996
vt 0.062499999999997335 0.7812499999999996
vt 0.2112874999999974 0.7807687499999996
vt 0.21164462979936616 0.8750000000000002
vt 0.06258779159452299 0.8750000000000002
vt 0.06250000000000355 0.8437501233180686
vt 0.2115568382048476 0.8437501233180686
vt 0.17129999999999868 0.8121874999999998
vt 0.06249999999999911 0.8124999999999998
vt 0.06249999999999911 0.7812499999999998
vt 0.17129999999999868 0.7809374999999998
vt 0.11089755243024246 0.8750000000000013
vt 0.00007225617951078789 0.8750000000000013
vt 1.7763568394002505e-15 0.8437500835354006
vt 0.11082529625073345 0.8437500835354006
vt 0.3312249999999999 0.8116874999999996
vt 0 0.8124999999999996
vt 0 0.7812499999999996
vt 0.3312249999999999 0.7804374999999996
vt 0.32915653691086 0.8749999999999998
vt 0.0000682520117880614 0.8749999999999997
vt 0 0.8437500745334824
vt 0.3290882848990728 0.8437500745334825
vt 0.2770443707955108 0.8125000000000031
vt 0.00003172801938511327 0.8125000000000031
vt 0 0.7812500161066827
vt 0.2770126427761257 0.7812500161066827
vt 0.2732158018160691 0.8750000000000011
vt 0.00005291027971843221 0.8750000000000011
vt 0 0.8437500447919963
vt 0.27316289153635065 0.8437500447919964
vt 0.2330249999999996 0.8749999999999971
vt 0 0.8305187499999972
vt 0 0.7992687499999972
vt 0.2330249999999996 0.8437499999999971
vt 0.22958124999999985 0.8326062499999978
vt 0 0.8749999999999978
vt 0 0.8437499999999978
vt 0.22958124999999985 0.8013562499999978
vt 0.21061875000000008 0.8750000000000013
vt 0 0.8121437500000013
vt 0 0.7808937500000013
vt 0.21061875000000008 0.8437500000000013
vt 0.20470000000000343 0.8131812499999973
vt 3.552713678800501e-15 0.8749999999999973
vt 3.552713678800501e-15 0.8437499999999973
vt 0.20470000000000343 0.7819312499999973
vt 0.17947500000000005 0.8711187500000013
vt 0 0.8750000000000013
vt 0 0.8437500000000013
vt 0.17947500000000005 0.8398687500000013
vt 0.23378749999999915 0.8124999999999973
vt 0.06249999999999911 0.8084624999999973
vt 0.06249999999999911 0.7772124999999973
vt 0.23378749999999915 0.7812499999999973
vt 0.26874375000000583 0.8319312500000005
vt 0.06250000000000533 0.8750000000000004
vt 0.06250000000000533 0.8437500000000004
vt 0.26874375000000583 0.8006812500000005
vt 0.2596375000000011 0.8749999999999999
vt 0.06250000000000089 0.8337249999999999
vt 0.06250000000000089 0.8024749999999998
vt 0.2596375000000011 0.8437499999999999
vt 0.20221875000000455 0.7706499999999967
vt 4.440892098500626e-15 0.8124999999999967
vt 4.440892098500626e-15 0.7812499999999967
vt 0.20221875000000455 0.7393999999999967
vt 0.19411875000000234 0.8124999999999988
vt 2.4424906541753444e-15 0.7721999999999987
vt 2.4424906541753444e-15 0.7409499999999987
vt 0.19411875000000234 0.7812499999999987
vt 0.26383750000000283 0.8596750000000004
vt 0.06250000000000289 0.8750000000000004
vt 0.06250000000000289 0.8437500000000004
vt 0.26383750000000283 0.8284250000000004
vt 0.19861875000000295 0.8750000000000007
vt 2.9976021664879227e-15 0.8594000000000007
vt 2.9976021664879227e-15 0.8281500000000007
vt 0.19861875000000295 0.8437500000000007
vt 0.24005624999999853 0.7987624999999976
vt 0.062499999999998224 0.8124999999999976
vt 0.062499999999998224 0.7812499999999976
vt 0.24005624999999853 0.7675124999999976
vt 0.2404062499999955 0.8749999999999999
vt 0.06249999999999556 0.8600625
vt 0.06249999999999556 0.8288125
vt 0.2404062499999955 0.8437499999999999
vt 0.16153125000000235 0.8275750000000024
vt 2.220446049250313e-15 0.8750000000000024
vt 2.220446049250313e-15 0.8437500000000024
vt 0.16153125000000235 0.7963250000000024
vt 0.22489375000000322 0.875000000000002
vt 0.06250000000000311 0.8261562500000019
vt 0.06250000000000311 0.7949062500000019
vt 0.22489375000000322 0.843750000000002
vt 0.14892500000000153 0.8044124999999993
vt 1.3322676295501878e-15 0.8749999999999993
vt 1.3322676295501878e-15 0.8437499999999993
vt 0.14892500000000153 0.7731624999999993
vt 0.210937499999996 0.874999999999998
vt 0.062499999999996 0.803449999999998
vt 0.062499999999996 0.772199999999998
vt 0.210937499999996 0.843749999999998
vt 0.2017187499999964 0.7929312500000014
vt 0.06249999999999645 0.8750000000000013
vt 0.06249999999999645 0.8437500000000013
vt 0.2017187499999964 0.7616812500000014
vt 0.20013124999999832 0.875
vt 0.062499999999998224 0.7927375000000001
vt 0.062499999999998224 0.7614875000000001
vt 0.20013124999999832 0.84375
vt 0.1967812499999977 0.7934437499999991
vt 0.06249999999999778 0.8749999999999991
vt 0.06249999999999778 0.8437499999999991
vt 0.1967812499999977 0.7621937499999991
vt 0.19426875000000443 0.8749999999999989
vt 0.06250000000000444 0.7940249999999989
vt 0.06250000000000444 0.7627749999999989
vt 0.19426875000000443 0.8437499999999989
vt 0.1980187500000019 0.8682312499999976
vt 0.06250000000000178 0.9374999999999976
vt 0.06250000000000178 0.9062499999999976
vt 0.1980187500000019 0.8369812499999976
vt 0.2571562500000022 0.8750000000000011
vt 0.12500000000000178 0.8067562500000011
vt 0.12500000000000178 0.7755062500000011
vt 0.2571562500000022 0.8437500000000011
vt 0.20623749999999674 0.8287437499999966
vt 0.06249999999999645 0.8749999999999967
vt 0.06249999999999645 0.8437499999999967
vt 0.20623749999999674 0.7974937499999966
vt 0.20225624999999514 0.8750000000000017
vt 0.06249999999999467 0.8295062500000017
vt 0.06249999999999467 0.7982562500000017
vt 0.20225624999999514 0.8437500000000017
vt 0.2218125000000004 0.8604312500000026
vt 0.06250000000000089 0.8750000000000027
vt 0.06250000000000089 0.8437500000000027
vt 0.2218125000000004 0.8291812500000026
vt 0.2814062499999981 0.8750000000000002
vt 0.12499999999999734 0.8607437500000003
vt 0.12499999999999734 0.8294937500000003
vt 0.2814062499999981 0.8437500000000002
vt 0.2042687499999989 0.8732437499999979
vt 0.06249999999999911 0.8749999999999978
vt 0.06249999999999911 0.8437499999999978
vt 0.2042687499999989 0.8419937499999979
vt 0.20491427172320265 0.8124999999999984
vt 0.06283128747082056 0.8124999999999984
vt 0.062499999999997335 0.7812517560715523
vt 0.20458298425237853 0.7812517560715522
vt 0.16288125000000253 0.8735749999999975
vt 0.06250000000000266 0.8749999999999976
vt 0.06250000000000266 0.8437499999999976
vt 0.16288125000000253 0.8423249999999975
vt 0.1659077688524846 0.8749999999999989
vt 0.06287533691355662 0.8749999999999988
vt 0.06250000000000178 0.8437522541260749
vt 0.16553243193893064 0.843752254126075
vt 0.20174375000000078 0.8737625000000022
vt 0.12500000000000044 0.8750000000000022
vt 0.12500000000000044 0.8437500000000022
vt 0.20174375000000078 0.8425125000000022
vt 0.2051098312371562 0.875
vt 0.12540924652709862 0.875
vt 0.12500000000000444 0.8437526798384235
vt 0.20470058471006158 0.8437526798384235
vt 0.198450000000002 0.8109437499999972
vt 0.12500000000000222 0.8124999999999971
vt 0.12500000000000222 0.7812499999999971
vt 0.198450000000002 0.7796937499999972
vt 0.20137099788565038 0.812499999999997
vt 0.12554088837885535 0.812499999999997
vt 0.12499999999999423 0.7812546813144465
vt 0.2008301095067888 0.7812546813144465
vt 0.1494625000000016 0.8104874999999973
vt 0.06250000000000155 0.8124999999999973
vt 0.06250000000000155 0.7812499999999973
vt 0.1494625000000016 0.7792374999999973
vt 0.15061249999999715 0.8750000000000016
vt 0.06249999999999711 0.8732687500000016
vt 0.06249999999999711 0.8420187500000016
vt 0.15061249999999715 0.8437500000000016
vt 0.17161874999999827 0.8103624999999965
vt 0.062499999999998224 0.8124999999999966
vt 0.062499999999998224 0.7812499999999966
vt 0.17161874999999827 0.7791124999999965
vt 0.23460198039519775 0.8124999999999996
vt 0.12553004008027302 0.8124999999999996
vt 0.12500000000000056 0.7812544954031251
vt 0.23407194031492518 0.7812544954031251
vt 0.19824999999999804 0.81044375
vt 0.062499999999998 0.8125
vt 0.062499999999998 0.78125
vt 0.19824999999999804 0.77919375
vt 0.19778850409356918 0.812500000000002
vt 0.06291415863639904 0.8125000000000019
vt 0.062499999999998224 0.7812527445585412
vt 0.19737434545716837 0.7812527445585413
vt 0.22977500000000206 0.8106750000000025
vt 0.06250000000000222 0.8125000000000026
vt 0.06250000000000222 0.7812500000000026
vt 0.22977500000000206 0.7794250000000025
vt 0.2289060167879906 0.8125
vt 0.0628281122051566 0.8125
vt 0.06250000000000266 0.7812517225693827
vt 0.2285779045828369 0.7812517225693827
vt 0.20966249999999986 0.8125000000000006
vt 0.125 0.8089562500000005
vt 0.125 0.7777062500000005
vt 0.20966249999999986 0.7812500000000006
vt 0.208131250000001 0.8716000000000004
vt 0.1250000000000009 0.8750000000000004
vt 0.1250000000000009 0.8437500000000004
vt 0.208131250000001 0.8403500000000004
vt 0.1454812499999969 0.8749999999999984
vt 0.06249999999999689 0.8663749999999985
vt 0.06249999999999689 0.8351249999999985
vt 0.1454812499999969 0.8437499999999984
vt 0.14353749999999676 0.8666687500000028
vt 0.06249999999999645 0.8750000000000027
vt 0.06249999999999645 0.8437500000000027
vt 0.14353749999999676 0.8354187500000028
vt 0.14336250000000028 0.8750000000000033
vt 0.06250000000000044 0.8624125000000034
vt 0.06250000000000044 0.8311625000000034
vt 0.14336250000000028 0.8437500000000033
vt 0.20366250000000674 0.8628625000000012
vt 0.12500000000000666 0.8750000000000013
vt 0.12500000000000666 0.8437500000000013
vt 0.20366250000000674 0.8316125000000012
vt 0.2669875000000004 0.8750000000000018
vt 0.18750000000000044 0.8593812500000018
vt 0.18750000000000044 0.8281312500000018
vt 0.2669875000000004 0.8437500000000018
vt 0.20186250000000117 0.8600624999999993
vt 0.12500000000000133 0.8749999999999992
vt 0.12500000000000133 0.8437499999999992
vt 0.20186250000000117 0.8288124999999993
vt 0.20514999999999706 0.8124999999999967
vt 0.12499999999999734 0.7946874999999967
vt 0.12499999999999734 0.7634374999999967
vt 0.20514999999999706 0.7812499999999967
vt 0.20190625000000306 0.8581687499999965
vt 0.12500000000000355 0.8749999999999964
vt 0.12500000000000355 0.8437499999999964
vt 0.20190625000000306 0.8269187499999965
vt 0.2090312499999989 0.8750000000000006
vt 0.12499999999999911 0.8563875000000005
vt 0.12499999999999911 0.8251375000000005
vt 0.2090312499999989 0.8437500000000006
vt 0.20494375000000353 0.8576812500000024
vt 0.12500000000000355 0.8750000000000024
vt 0.12500000000000355 0.8437500000000024
vt 0.20494375000000353 0.8264312500000024
vt 0.21536250000000035 0.8750000000000017
vt 0.125 0.8590875000000017
vt 0.125 0.8278375000000017
vt 0.21536250000000035 0.8437500000000017
vt 0.21033124999999941 0.8604124999999978
vt 0.12499999999999911 0.8749999999999978
vt 0.12499999999999911 0.8437499999999978
vt 0.21033124999999941 0.8291624999999978
vt 0.22173749999999615 0.874999999999998
vt 0.12499999999999645 0.867824999999998
vt 0.12499999999999645 0.836574999999998
vt 0.22173749999999615 0.843749999999998
vt 0.2149624999999924 0.8678312499999996
vt 0.1249999999999929 0.8749999999999996
vt 0.1249999999999929 0.8437499999999996
vt 0.2149624999999924 0.8365812499999996
vt 0.2494562500000006 0.809256249999998
vt 0.1250000000000009 0.812499999999998
vt 0.1250000000000009 0.781249999999998
vt 0.2494562500000006 0.778006249999998
vt 0.24124374999999532 0.8124999999999996
vt 0.12499999999999467 0.8100937499999996
vt 0.12499999999999467 0.7788437499999996
vt 0.24124374999999532 0.7812499999999996
vt 0.2400500000000001 0.8750000000000022
vt 0.125 0.8719375000000023
vt 0.125 0.8406875000000023
vt 0.2400500000000001 0.8437500000000022
vt 0.16905000000000303 0.8715875000000035
vt 0.06250000000000355 0.8750000000000036
vt 0.06250000000000355 0.8437500000000036
vt 0.16905000000000303 0.8403375000000035
vt 0.2317687500000003 0.8749999999999978
vt 0.12500000000000022 0.8683937499999979
vt 0.12500000000000022 0.8371437499999979
vt 0.2317687500000003 0.8437499999999978
vt 0.22435000000000072 0.8682312499999973
vt 0.12500000000000067 0.8749999999999973
vt 0.12500000000000067 0.8437499999999973
vt 0.22435000000000072 0.8369812499999973
vt 0.21690000000000254 0.8728375000000026
vt 0.18750000000000266 0.8750000000000027
vt 0.18750000000000266 0.8437500000000027
vt 0.21690000000000254 0.8415875000000026
vt 0.21975000000000033 0.8749999999999992
vt 0.1875000000000009 0.8729437499999992
vt 0.1875000000000009 0.8416937499999992
vt 0.21975000000000033 0.8437499999999992
vt 0.15703749999999683 0.8732812500000007
vt 0.12499999999999734 0.8750000000000007
vt 0.12499999999999734 0.8437500000000007
vt 0.15703749999999683 0.8420312500000007
vt 0.16055000000000064 0.8750000000000008
vt 0.1250000000000009 0.8734937500000007
vt 0.1250000000000009 0.8422437500000007
vt 0.16055000000000064 0.8437500000000008
vt 0.15221250000000275 0.8741562499999993
vt 0.12500000000000266 0.8749999999999992
vt 0.12500000000000266 0.8437499999999992
vt 0.15221250000000275 0.8429062499999993
vt 0.21976362441060893 0.8750000000000019
vt 0.18791703842305818 0.8750000000000019
vt 0.1875000000000009 0.8437527828606517
vt 0.21934658598755163 0.8437527828606517
vt 0.21343409866672136 0.8124999999999968
vt 0.18788218765697495 0.8124999999999968
vt 0.18750000000000178 0.7812523371658766
vt 0.21305191100974818 0.7812523371658766
vt 0.2185312500000003 0.8739687500000008
vt 0.18750000000000044 0.8750000000000009
vt 0.18750000000000044 0.8437500000000009
vt 0.2185312500000003 0.8427187500000008
vt 0.16582499999999661 0.874999999999999
vt 0.12499999999999661 0.871487499999999
vt 0.12499999999999661 0.840237499999999
vt 0.16582499999999661 0.843749999999999
vt 0.17117500000000158 0.8705437499999977
vt 0.12500000000000158 0.8749999999999978
vt 0.12500000000000158 0.8437499999999978
vt 0.17117500000000158 0.8392937499999977
vt 0.2636562499999999 0.8749999999999983
vt 0.1875 0.8647812499999983
vt 0.1875 0.8335312499999983
vt 0.2636562499999999 0.8437499999999983
vt 0.20546249999999766 0.8638625000000018
vt 0.12499999999999756 0.8750000000000018
vt 0.12499999999999756 0.8437500000000018
vt 0.20546249999999766 0.8326125000000018
vt 0.18678125000000279 0.8749999999999982
vt 0.06250000000000266 0.8558437499999982
vt 0.06250000000000266 0.8245937499999982
vt 0.18678125000000279 0.8437499999999982
vt 0.2528999999999981 0.8549937499999984
vt 0.12499999999999822 0.8749999999999984
vt 0.12499999999999822 0.8437499999999984
vt 0.2528999999999981 0.8237437499999984
vt 0.23371250000000332 0.8120312499999969
vt 0.18750000000000355 0.8124999999999969
vt 0.18750000000000355 0.7812499999999969
vt 0.23371250000000332 0.7807812499999969
vt 0.17224374999999847 0.81210625
vt 0.12499999999999822 0.8125
vt 0.12499999999999822 0.78125
vt 0.17224374999999847 0.78085625
vt 0.13282499999999864 0.8124999999999969
vt 0.06249999999999867 0.8099062499999969
vt 0.06249999999999867 0.7786562499999969
vt 0.13282499999999864 0.7812499999999969
vt 0.19373125000000035 0.8091062500000007
vt 0.12500000000000044 0.8125000000000007
vt 0.12500000000000044 0.7812500000000007
vt 0.19373125000000035 0.7778562500000007
vt 0.20829999999999993 0.8124999999999996
vt 0.125 0.8080124999999996
vt 0.125 0.7767624999999996
vt 0.20829999999999993 0.7812499999999996
vt 0.2062812499999973 0.8072062500000015
vt 0.12499999999999734 0.8125000000000014
vt 0.12499999999999734 0.7812500000000014
vt 0.2062812499999973 0.7759562500000015
vt 0.21626875000000512 0.8125000000000029
vt 0.1250000000000051 0.8066937500000029
vt 0.1250000000000051 0.7754437500000029
vt 0.21626875000000512 0.7812500000000029
vt 0.2757124999999967 0.8060062500000014
vt 0.18749999999999667 0.8125000000000013
vt 0.18749999999999667 0.7812500000000013
vt 0.2757124999999967 0.7747562500000014
vt 0.222937500000002 0.812500000000002
vt 0.125000000000002 0.8057750000000019
vt 0.125000000000002 0.7745250000000019
vt 0.222937500000002 0.781250000000002
vt 0.21796249999999937 0.8053624999999984
vt 0.12499999999999933 0.8124999999999984
vt 0.12499999999999933 0.7812499999999984
vt 0.21796249999999937 0.7741124999999984
vt 0.1355812500000031 0.8738249999999999
vt 0.12500000000000355 0.8749999999999998
vt 0.12500000000000355 0.8437499999999998
vt 0.1355812500000031 0.8425749999999999
vt 0.13903749999999704 0.8750000000000018
vt 0.12499999999999734 0.8736125000000018
vt 0.12499999999999734 0.8423625000000018
vt 0.13903749999999704 0.8437500000000018
vt 0.17930000000000135 0.875000000000001
vt 0.06250000000000178 0.8687250000000011
vt 0.06250000000000178 0.8374750000000011
vt 0.17930000000000135 0.843750000000001
vt 0.24588124999999295 0.8693562499999973
vt 0.1249999999999929 0.8749999999999972
vt 0.1249999999999929 0.8437499999999972
vt 0.24588124999999295 0.8381062499999973
vt 0.21078124999999925 0.8124999999999988
vt 0.125 0.8062249999999987
vt 0.125 0.7749749999999987
vt 0.21078124999999925 0.7812499999999988
vt 0.27714374999999425 0.8068812500000008
vt 0.18749999999999378 0.8125000000000008
vt 0.18749999999999378 0.7812500000000008
vt 0.27714374999999425 0.7756312500000008
vt 0.20645624999999868 0.8749999999999996
vt 0.12499999999999911 0.8691374999999996
vt 0.12499999999999911 0.8378874999999996
vt 0.20645624999999868 0.8437499999999996
vt 0.20938124999999985 0.8697999999999987
vt 0.125 0.8749999999999987
vt 0.125 0.8437499999999987
vt 0.20938124999999985 0.8385499999999987
vt 0.216987500000001 0.8124999999999986
vt 0.1250000000000009 0.8070124999999986
vt 0.1250000000000009 0.7757624999999986
vt 0.216987500000001 0.7812499999999986
vt 0.21801250000000305 0.8076937499999972
vt 0.12500000000000355 0.8124999999999972
vt 0.12500000000000355 0.7812499999999972
vt 0.21801250000000305 0.7764437499999972
vt 0.2324500000000036 0.8124999999999983
vt 0.12500000000000355 0.8069812499999983
vt 0.12500000000000355 0.7757312499999983
vt 0.2324500000000036 0.7812499999999983
vt 0.23089999999999833 0.8077437499999974
vt 0.12499999999999822 0.8124999999999974
vt 0.12499999999999822 0.7812499999999974
vt 0.23089999999999833 0.7764937499999974
vt 0.2516312499999982 0.8125000000000004
vt 0.12499999999999822 0.8064625000000004
vt 0.12499999999999822 0.7752125000000004
vt 0.2516312499999982 0.7812500000000004
vt 0.24711875000000116 0.8072687500000032
vt 0.1250000000000009 0.8125000000000032
vt 0.1250000000000009 0.7812500000000032
vt 0.24711875000000116 0.7760187500000032
vt 0.2703937500000011 0.8125000000000028
vt 0.1250000000000009 0.8061500000000028
vt 0.1250000000000009 0.7749000000000028
vt 0.2703937500000011 0.7812500000000028
vt 0.20164374999999435 0.8694312500000013
vt 0.06249999999999467 0.8750000000000013
vt 0.06249999999999467 0.8437500000000013
vt 0.20164374999999435 0.8381812500000013
vt 0.2272812499999981 0.8750000000000016
vt 0.062499999999998224 0.8698250000000015
vt 0.062499999999998224 0.8385750000000015
vt 0.2272812499999981 0.8437500000000016
vt 0.2223437500000056 0.8700562499999989
vt 0.06250000000000533 0.8749999999999989
vt 0.06250000000000533 0.8437499999999989
vt 0.2223437500000056 0.8388062499999989
vt 0.21191875000000238 0.8730187500000015
vt 0.06250000000000178 0.8750000000000016
vt 0.06250000000000178 0.8437500000000016
vt 0.21191875000000238 0.8417687500000015
vt 0.21030061939818623 0.8749999999999976
vt 0.06285367594796565 0.8749999999999976
vt 0.06249999999999645 0.8437520014509092
vt 0.20994694345021703 0.8437520014509092
vt 0.22525625000000016 0.8112562500000016
vt 0.125 0.8125000000000016
vt 0.125 0.7812500000000016
vt 0.22525625000000016 0.7800062500000016
vt 0.2248630103663709 0.8750000000000018
vt 0.12530210779757933 0.8750000000000019
vt 0.1250000000000009 0.8437514603400651
vt 0.22456090256879246 0.8437514603400651
vt 0.19107301516459518 0.8750000000000024
vt 0.1250976927776417 0.8750000000000024
vt 0.12499999999999734 0.8437501527024364
vt 0.1909753223869508 0.8437501527024365
vt 0.2523625000000038 0.8745749999999992
vt 0.18750000000000444 0.8749999999999992
vt 0.18750000000000444 0.8437499999999992
vt 0.2523625000000038 0.8433249999999992
vt 0.1681312499999983 0.8750000000000013
vt 0.12499999999999822 0.8728875000000014
vt 0.12499999999999822 0.8416375000000014
vt 0.1681312499999983 0.8437500000000013
vt 0.16696250000000656 0.8727624999999996
vt 0.1250000000000071 0.8749999999999996
vt 0.1250000000000071 0.8437499999999996
vt 0.16696250000000656 0.8415124999999996
vt 0.15825000000000333 0.8750000000000023
vt 0.12500000000000266 0.8706937500000023
vt 0.12500000000000266 0.8394437500000023
vt 0.15825000000000333 0.8437500000000023
vt 0.22027499999999822 0.8705250000000002
vt 0.18749999999999822 0.8750000000000002
vt 0.18749999999999822 0.8437500000000002
vt 0.22027499999999822 0.8392750000000002
vt 0.2291437500000031 0.8749999999999993
vt 0.18750000000000266 0.8672562499999993
vt 0.18750000000000266 0.8360062499999993
vt 0.2291437500000031 0.8437499999999993
vt 0.22958125000000518 0.8668687500000021
vt 0.18750000000000533 0.8750000000000021
vt 0.18750000000000533 0.8437500000000021
vt 0.22958125000000518 0.8356187500000021
vt 0.2536624999999999 0.8749999999999987
vt 0.1875 0.8624062499999987
vt 0.1875 0.8311562499999987
vt 0.2536624999999999 0.8437499999999987
vt 0.19198125000000665 0.8619187500000031
vt 0.12500000000000622 0.8750000000000031
vt 0.12500000000000622 0.8437500000000031
vt 0.19198125000000665 0.8306687500000031
vt 0.22814375000000364 0.8749999999999984
vt 0.12500000000000355 0.8567999999999985
vt 0.12500000000000355 0.8255499999999985
vt 0.22814375000000364 0.8437499999999984
vt 0.2275499999999946 0.8569374999999968
vt 0.12499999999999467 0.8749999999999967
vt 0.12499999999999467 0.8437499999999967
vt 0.2275499999999946 0.8256874999999968
vt 0.25799999999999645 0.8749999999999967
vt 0.12499999999999645 0.8109499999999967
vt 0.12499999999999645 0.7796999999999967
vt 0.25799999999999645 0.8437499999999967
vt 0.25536875000000236 0.8125937500000016
vt 0.12500000000000178 0.8750000000000017
vt 0.12500000000000178 0.8437500000000016
vt 0.25536875000000236 0.7813437500000016
vn 0.6334138065408134 -0.5303306760709455 -0.563503614630475
vn 0 1 0
vn -0.633370746659707 -0.5303149144205107 0.5635668450316179
vn 0.7599948548923297 -0.5322235246944124 -0.37302270748446836
vn 0 1 0
vn -0.7595280036910347 -0.5321622900584393 0.3740594988085044
vn 0.8142410920623606 -0.5339086169786076 -0.22793207916632752
vn 0 1 0
vn -0.8139822349994409 -0.5338842524983951 0.22891161184951964
vn 0.8276392361701208 -0.5344032828306813 -0.17154132461750982
vn 0 1 0
vn -0.8276583176830538 -0.5343811847688349 0.17151809973035992
vn 0.8127159772546048 -0.5321394274512533 -0.23731913127041718
vn 0 1 0
vn -0.8151731756243412 -0.5311840619264198 0.23094628400967326
vn 0.7069526791125911 -0.5196067695452994 -0.479819460357985
vn 0 1 0
vn -0.737404152381464 -0.5139820181062895 0.4382437690532069
vn 0.3249068856046514 -0.5210398964997295 -0.7892736800009469
vn 0 1 0
vn -0.26857645564327837 -0.5272257978651285 0.8061635352331269
vn -0.06816593052332824 -0.5318457213249189 -0.8440933210399579
vn 0 1 0
vn 0.08142855176869286 -0.5313674286433941 0.8432188605182884
vn -0.1260191486117945 -0.5514100702580811 -0.8246612083765894
vn -0.0449861518706655 0.9989000440373832 -0.013226797117349007
vn 0.13525982626326213 -0.5166690146451975 0.8454335625611232
vn -0.0025188171242207778 -0.5616361860924021 -0.8273804747707525
vn -0.08600575285561414 0.9958320694850873 -0.0303562161803412
vn 0.05956261621003842 -0.5043710621616284 0.8614302794795214
vn 0.11183280744797136 -0.5672241789195036 -0.8159351408214993
vn -0.11064556060491897 0.9925311356282954 -0.05137611046809083
vn -0.027600158410332032 -0.49574326728303925 0.8680304396732075
vn 0.23389014765841815 -0.5680991601121131 -0.7890239179570129
vn -0.12214143189203878 0.9897347482640549 -0.07420645992129261
vn -0.13815600429120095 -0.4916462917529757 0.8597655740280823
vn 0.3800012733196987 -0.5618701374056454 -0.7347795458279776
vn -0.11970558770057843 0.9880741908216183 -0.09685022305324534
vn -0.28814449445844864 -0.49429590673132073 0.8201489540942832
vn 0.5632589079934927 -0.5447479789277604 -0.62128016387142
vn -0.09841929070222512 0.9886079494370082 -0.11387697540602773
vn -0.491406041149315 -0.506566129437099 0.7084566742074451
vn 0.7588819235595119 -0.5199100305902958 -0.3921629587125909
vn -0.05420715314994521 0.9928493259820323 -0.10635694826574507
vn -0.7162641143424779 -0.5273394906150367 0.45703258105200706
vn 0.8583327951130361 -0.5100977301979712 -0.055363512174721075
vn -0.012474596016085268 0.9986927150629891 -0.04957060958220164
vn -0.8375909075136414 -0.5414827794888437 0.07237313843900331
vn 0.8055269542959654 -0.4919896184396159 0.33026132266783415
vn -0.05984777500098546 0.9967732957419607 0.0534905666743324
vn -0.7619780053609584 -0.5504660119083055 -0.3411402777156351
vn 0.5800884117929338 -0.5187415014589278 0.6280164720512426
vn -0.1158958902654533 0.9898730700009933 0.08197223863227539
vn -0.4915013974904267 -0.5334202507340836 -0.6883961158894965
vn 0.3729989803520853 -0.5426171095776812 0.7526210421253631
vn -0.14855327314737665 0.9859358671269371 0.0765662520295718
vn -0.2454361231979707 -0.5124389301006539 -0.8229018485499031
vn 0.2319230834979422 -0.5533530121377905 0.80000757952587
vn -0.1633030389544013 0.984673182424844 0.06124411221976563
vn -0.08555363461334048 -0.5022050676213402 -0.8605060404552035
vn 0.1316148443943291 -0.5560991889416006 0.820628554702766
vn -0.16624837859434796 0.9851253890365803 0.04346774080023784
vn 0.018588693790048766 -0.5004298806480497 -0.8655774922083861
vn 0.04904539443660834 -0.5550421162654355 0.8303750950360592
vn -0.15962466141956386 0.9868429616971885 0.02570868365768377
vn 0.09262553047660167 -0.503395798888337 -0.8590769353006175
vn -0.035943495638239314 -0.5536008153466031 0.8320061312087071
vn -0.14017337823219497 0.9900778641671313 0.009861385360372586
vn 0.15367217962874063 -0.5076582787183093 -0.8477428461844521
vn -0.1570915359289216 -0.55912669052123 0.8140636297527787
vn -0.08550241687866143 0.9963205211671847 0.0058954057584999124
vn 0.23057457781233515 -0.5034836669905761 -0.8326701394552264
vn -0.31323491862515057 -0.564260195566677 0.7638679974006967
vn 0.004558667257749711 0.9991939140858445 0.03988408964290825
vn 0.3102691038252647 -0.503663694930325 -0.8062604824872666
vn -0.37351369308262816 -0.5625584932685119 0.7375740388132149
vn 0.04447184626057637 0.9973218251548184 0.05806403327394559
vn 0.32821754258922314 -0.5037898950776869 -0.7990425435196206
vn -0.4198006343009758 -0.5580100386990107 0.7158157752883259
vn 0.09347115219786636 0.9922771266910574 0.08154291846961752
vn 0.319930078582259 -0.5030008059452218 -0.8028916079003485
vn -0.43824243942031416 -0.5536737376484053 0.7080882406376886
vn 0.14692682669029927 0.9834575243916097 0.10594246229083634
vn 0.27733523701271584 -0.4968896197241499 -0.8223052183474762
vn -0.41822103077438816 -0.5562289080090924 0.7181229499974365
vn 0.19708863118327566 0.9723454588560277 0.1253011576178119
vn 0.20145396147632244 -0.4810455523688748 -0.853235886464945
vn -0.36122086741514625 -0.570247053160137 0.737792506946248
vn 0.23500808034168633 0.9624264802038899 0.13603849593577336
vn 0.10551745013976772 -0.4562253765402817 -0.8835861438007503
vn -0.283261054212978 -0.5923664340847968 0.7542315181267716
vn 0.255155143884482 0.9567794708705653 0.13953098820667312
vn 0.009027376976883135 -0.4289146460904736 -0.9032999130045353
vn -0.20406558225460775 -0.6147955956983633 0.7618291236550248
vn 0.2588392921896956 0.9557303378493897 0.13993477813977778
vn -0.07318428475312602 -0.4060503843109352 -0.9109155536415631
vn -0.17801343658070995 -0.6118616812371466 0.7706727576801828
vn 0.24272275962569562 0.961776363758297 0.12677495050503812
vn -0.10887802165603144 -0.4090787029395266 -0.9059802377544355
vn -0.1709302968361709 -0.6029734761454036 0.7792341244379811
vn 0.23588785911893614 0.9650744757065804 0.11396567141009674
vn -0.11469496343784037 -0.41992588450192037 -0.9002817985982347
vn -0.13240075766732792 -0.600602650177611 0.7885090335365522
vn 0.2426879510660001 0.9648147903355233 0.10116807182706848
vn -0.16842351225690802 -0.4189560338289417 -0.8922496075859996
vn -0.053900650780198615 -0.6070720214537041 0.7928166752872852
vn 0.26586163273696983 0.9602510525758122 0.08506179086685882
vn -0.2800668645297584 -0.40327210749583214 -0.8711682723265006
vn 0.05089878375918587 -0.6231882289678791 0.7804138293801015
vn 0.2992361662139159 0.9521745967317949 0.06181629371162355
vn -0.41859809230703193 -0.37750278303542156 -0.8259947251147703
vn 0.14607244239198602 -0.6414048630349046 0.7531684029809105
vn 0.3293996530546056 0.943587350444607 0.0337458241628789
vn -0.5332958567262295 -0.3537379675871459 -0.7684171910400966
vn 0.21134463901398245 -0.6531086385829072 0.7271743599498204
vn 0.34818446043132767 0.9373967285121698 0.00741315646851666
vn -0.6072347233081595 -0.33937024474181365 -0.718396706418358
vn 0.25016973945344234 -0.6630874457932273 0.7054999225323917
vn 0.36080238508098916 0.9325525317029574 -0.012938876855215218
vn -0.6469550122746671 -0.3327078370461412 -0.6861156660948384
vn 0.37219284943595543 -0.6767519650071758 0.6352001737150822
vn 0.17113318004013767 0.9797246225161912 0.1041782065734312
vn -0.61253287223126 -0.3642671515264658 -0.7015076070542057
vn 0.38787082021231273 -0.6585710777622773 0.6448568541644418
vn 0.11248618131716231 0.9871590439777859 0.11341905001165559
vn -0.5835709332276001 -0.3925820295620549 -0.7108616714641506
vn 0.3672559737858569 -0.6364453622129363 0.6782774879326647
vn 0.03441093085377572 0.9915229509607493 0.12529216079174477
vn -0.5073324250953588 -0.42303811068925506 -0.750767985033544
vn 0.2954228046424588 -0.6140260250187853 0.7319135243297624
vn -0.04628650388312263 0.991542878171576 0.12124471248473014
vn -0.3776122390003215 -0.449964864850042 -0.8092840152614208
vn 0.18405052189315052 -0.5956701495112522 0.7818583493012666
vn -0.08666555115317544 0.991887621078907 0.09299478154037943
vn -0.21874612214027145 -0.47017415026397114 -0.855035907124459
vn 0.07085076943486192 -0.5793183324672249 0.8120162794783624
vn -0.08251662590154843 0.9948190688191567 0.05938035671507862
vn -0.08195792058668927 -0.4879173547804272 -0.8690336898861728
vn -0.01639251761941845 -0.5609766338792349 0.827669318996192
vn -0.059159017797074206 0.9977874421720518 0.03033860341281218
vn 0.004352999106915071 -0.5073952663984795 -0.8617024399612613
vn -0.07181376637517972 -0.5407905579588493 0.838086126470047
vn -0.030064787139820366 0.999535817090635 0.004925335236727848
vn 0.0468451297570691 -0.5278893260858835 -0.8480202787803102
vn -0.062029951088288404 -0.5407147422472939 0.8389158793850713
vn -0.0006017318510746095 0.9999722464125101 0.007425922400459826
vn 0.062470133139848144 -0.5281241323194702 -0.8468662133579875
vn -0.05499037751055878 -0.540690391948282 0.8394223957198543
vn -0.0004956940604470412 0.9999723521977616 0.007419509921447537
vn 0.05549321315289325 -0.5281470863676577 -0.8473376885606597
vn -0.08132558912068595 -0.5400878546887534 0.837670136612183
vn -0.0010646950848825153 0.9999755924194803 0.0069051422639766925
vn 0.08141627996816862 -0.5283665900284343 -0.8451036243549481
vn -0.150428309004634 -0.5381571143136286 0.8293119100577507
vn -0.0026350114952081115 0.9999851798887855 0.004764107179041121
vn 0.14864071566065074 -0.5293842656637605 -0.835259383015558
vn -0.2607594383831507 -0.5347783385971155 0.8037516058219808
vn -0.004067233251107151 0.9999916932289893 0.00026662089218555847
vn 0.2555525584336522 -0.5317411307563658 -0.8074306532080364
vn -0.39052061260634086 -0.5311439514393597 0.7519173850756155
vn -0.0026983384399060337 0.9999860398409651 -0.004543026837666095
vn 0.3826294135487833 -0.5351264141439581 -0.7531496881581666
vn -0.5079551621142772 -0.5285782603547953 0.6801371743712858
vn 0.0011190770927819924 0.9999767821487194 -0.00672181745907023
vn 0.49957687879933504 -0.5383388348667697 -0.6786856717534293
vn -0.595073747770685 -0.52735304967266 0.6064536220644546
vn 0.004491702123363092 0.9999671633786411 -0.006745129836343057
vn 0.5871806042592854 -0.5403990333584046 -0.6026506639231409
vn -0.646468885991675 -0.5303256715493977 0.5484821433195097
vn 0.004940738517300858 0.9999872893442497 -0.0010051133484922634
vn 0.6459105362286115 -0.5378636576335946 -0.5417584932291132
vn -0.685408261546027 -0.5336160498469448 0.49544871212891056
vn 0.0024477473077317083 0.9999946695488655 0.0021608810639927255
vn 0.6883659756133744 -0.5348785071883718 -0.4899563921062629
vn -0.7072070419688903 -0.5374221171827546 0.45938618585283775
vn -0.000696068655438313 0.9999856427530879 0.0053131700632208685
vn 0.7148984862427051 -0.5314263744536989 -0.4544294916737751
vn -0.7044057385458516 -0.5408843201224439 0.45962670478264755
vn -0.004062339646278484 0.9999631850058847 0.007558176333304112
vn 0.7166146623198872 -0.5277279366040024 -0.456033606958781
vn -0.6706719651582845 -0.5428257057665985 0.5055090190191658
vn -0.006653978262598568 0.9999424712833536 0.008413007608495744
vn 0.6843282878879564 -0.5247780772326562 -0.5062635322165076
vn -0.6028327687479605 -0.5437367698783496 0.5839032265760542
vn -0.00769620678727524 0.9999273543938727 0.00927654763143763
vn 0.6147670596354631 -0.5231599928873623 -0.5902246048999162
vn -0.5121212122624019 -0.5452386504124906 0.6636615689093754
vn -0.007368003382648504 0.9999067675653776 0.011496464809291758
vn 0.5233174086122203 -0.5219190099194352 -0.6736018385723922
vn -0.4225720757039763 -0.5476719008472914 0.7221414888078013
vn -0.006774518487512911 0.9998680106096911 0.01476710055093049
vn 0.4342847298117498 -0.5201765318220313 -0.7353999926529363
vn -0.3876523462877659 -0.5480927368899342 0.741161257882582
vn -0.007520654698771454 0.9998683392902644 0.014378589563326345
vn 0.3956709365083426 -0.5206658064155398 -0.7565392442116051
vn -0.38142598873731937 -0.548033596189064 0.7444282319766228
vn -0.007401388229245711 0.9998689951215309 0.014394861824278704
vn 0.3892745882607818 -0.5206851953983159 -0.7598369708216473
vn -0.3621361643171055 -0.5478358016486206 0.7541441062063059
vn -0.007017385421355946 0.9998716282026118 0.014404284685688684
vn 0.3693722143753213 -0.5207867220274398 -0.7696397582033988
vn -0.3290799321529472 -0.5474034421541231 0.769451668249559
vn -0.006342810713959717 0.999877725270481 0.014293469144185616
vn 0.335215402079917 -0.5210505780370946 -0.7849439020309725
vn -0.2800437290431583 -0.5465874694555559 0.7891879675069646
vn -0.005366154467628395 0.9998891707186724 0.013887068292311686
vn 0.284470501704464 -0.5215887562497368 -0.8043765927809332
vn -0.21147510617720408 -0.5451612009246397 0.8112197880190947
vn -0.004134571053643289 0.999908041340834 0.01291565655084389
vn 0.21345150679884164 -0.5225705530626793 -0.8254444083747067
vn -0.11897791199660258 -0.5428244119284351 0.8313759163407834
vn -0.002842945560147158 0.9999352476444482 0.011018991731479728
vn 0.11775475629460067 -0.524237052257833 -0.8433915641088766
vn 0.0015419512981806969 -0.5398018385825765 0.8417907088160715
vn -0.0019387916019601918 0.9999671019958168 0.007876294383257577
vn -0.006018703307299002 -0.5267096619119346 -0.8500239451092625
vn 0.07122594053003753 -0.5445877908939554 0.8356739815291925
vn 0.003952533443116898 0.9999231677949821 0.011748871700262443
vn -0.06605180275103532 -0.5241484520652455 -0.8490615758300134
vn 0.03682929150086406 -0.5472892282100791 0.8361328267522813
vn 0.003946231599627798 0.9998687295030894 0.015714675244509837
vn -0.03076984024001305 -0.5207866839843655 -0.8531321390711833
vn -0.051417176861827715 -0.5475570370377505 0.8351871437671913
vn 0.0007893888723714583 0.9998450800537139 0.01758387777456314
vn 0.056758432294069995 -0.5186131703270734 -0.8531230039840807
vn -0.2098203652134734 -0.5443066060901202 0.8122227113965353
vn -0.007202821580342805 0.9998869911753656 0.013195614406158112
vn 0.21012983234721547 -0.5190887828731947 -0.8284879534748569
vn -0.40560956221701944 -0.540947307929007 0.7367882281106818
vn -0.010872768215989639 0.9999252253585467 0.005597017329004468
vn 0.40319958037046616 -0.5221070780907829 -0.7515545871036815
vn -0.5624456549844477 -0.541389746578758 0.6249416192641547
vn -0.007541087061685471 0.9999498280867982 0.006593429692572509
vn 0.5672990764463158 -0.5242354093803248 -0.6350976251057789
vn -0.6530765925292867 -0.5443804372747674 0.526441738279621
vn -0.008339710130266985 0.9999186798475417 0.009647949362054407
vn 0.6655985679647451 -0.5233073582780747 -0.5320976931873537
vn -0.6965575026188715 -0.5481046581076094 0.46302152142864955
vn -0.012085678003837898 0.9998632629639707 0.01128679592397407
vn 0.7142312700889631 -0.5203353431226404 -0.46810770504719396
vn -0.666303276278084 -0.5518447005035798 0.5015051052055262
vn -0.016855442241095774 0.9997408177852318 0.01530331078470702
vn 0.6893466462985419 -0.512858391651034 -0.5116419366608523
vn -0.5496438430555348 -0.5521704373832506 0.6268966851652131
vn -0.016524202569078484 0.999634142204885 0.021413371237621458
vn 0.5696276167954999 -0.5098934991263941 -0.6446184900641007
vn -0.3947486735317131 -0.4666444560854909 0.7914647410653424
vn -0.07628840970541455 0.9644418187775237 -0.25304556257267374
vn 0.3571025158185017 -0.5266789586032631 -0.7714188666092368
vn -0.2819959912834226 -0.335078432029264 0.8989998360894679
vn -0.18459616488944738 0.8871479641353007 -0.4229571439740664
vn 0.37818308573636217 -0.506708914347329 -0.7747410081981426
vn 0.19806103580766674 -0.33692727509738796 0.9204628386796738
vn -0.08389097613470761 0.9046706792986409 -0.41777178715239016
vn -0.22948523204055654 -0.5413499926550885 -0.8088737316340713
vn 0.5516577799614849 -0.3314004574608209 0.7654067092746996
vn -0.06524052781172585 0.9265815931814896 -0.370391987910241
vn -0.6987131899286326 -0.5330556643549382 -0.4771284281185412
vn 0.832803427594253 -0.5030376121646284 0.23106624966656814
vn 0.03965555091695865 0.9783976341334032 -0.20289284561963253
vn -0.7982106320826525 -0.497823962899626 -0.33916233398348383
vn 0.8501566839694232 -0.5265287823285969 0.0010266848004416792
vn -0.014313535341014486 0.9968247532954252 -0.07832964907081218
vn -0.8407673463080036 -0.5357552975851734 0.07795210383062308
vn 0.8774844699876828 -0.4777951148274022 -0.04162731287874462
vn -0.06480530401098078 0.9952220526614336 -0.07302970949146183
vn -0.7880870696031886 -0.5716527868310959 0.2283240285920449
vn 0.9175975900433454 -0.39493095026293307 0.0452129104467044
vn -0.14954089511892493 0.9529210308774392 -0.26377837212044053
vn -0.7339562044139876 -0.5783548835082696 0.356109419595086
vn 0.9450898126207572 -0.322593137641119 0.05233463124280203
vn -0.22823688315484184 0.8923507138865057 -0.38938172606583243
vn -0.672111389848821 -0.5612535894114042 0.482970690630706
vn 0.9575139563030239 -0.2882617523720104 -0.008496211176101111
vn -0.2966543149078837 0.8485349009937352 -0.4381606317802711
vn -0.6026923315762113 -0.5371038982143151 0.5901536714977016
vn 0.9461516604370432 -0.3002720614219054 -0.12096993255212475
vn -0.34314846039602803 0.8437652198350121 -0.41268557998143063
vn -0.5290617509279933 -0.5233603865208836 0.6679727311243459
vn 0.8952856254282192 -0.3515209270349464 -0.2736725904399164
vn -0.3458394986917336 0.8828815622672861 -0.31767150982284653
vn -0.46249616355580503 -0.5337956339402533 0.7079262107610405
vn 0.790585517269362 -0.41298816556314405 -0.4521231192813795
vn -0.278527063044739 0.9465354070016079 -0.1627679281798868
vn -0.4237966681161078 -0.5712550547567938 0.7028968960726019
vn 0.6424165662187591 -0.4398469811307718 -0.627563214853966
vn -0.13835670605188694 0.9900604416768108 0.0252535882042553
vn -0.42885530988091897 -0.6181676723125074 0.6587502198061702
vn 0.5672868594238937 -0.45552930426976523 -0.6860602539693429
vn -0.06641819158136347 0.9959285738768786 0.06094997590342472
vn -0.521765033055939 -0.6075513280999605 0.5988677934269876
vn 0.6504248386878264 -0.4653303097888462 -0.6003459269535619
vn -0.06577362232263836 0.9969390962393627 0.04226427564742962
vn -0.6035415206475574 -0.5974329016799221 0.5280260986397763
vn 0.7424510635555425 -0.4739874221739392 -0.47339448860981465
vn -0.06406101110777007 0.9976677842221952 0.023562240577370767
vn -0.6923532848738478 -0.5889838067893417 0.4168273074839605
vn 0.8067088048380163 -0.4858679985921626 -0.33638250867259084
vn -0.056975889218781564 0.9983703934667492 0.00321021755922505
vn -0.7622857588734248 -0.5793967960847525 0.28847837788210573
vn 0.8301504602590025 -0.5012305319550235 -0.24416831728922314
vn -0.04225810992954015 0.9990616407284322 -0.00949158417736594
vn -0.8001845837074345 -0.5664016231906602 0.19721519526635234
vn 0.8277721391511441 -0.51667920489473 -0.21871416249179834
vn -0.025081016833846486 0.9996172079268153 -0.011678193832031922
vn -0.8150601671064291 -0.5517173658019986 0.1768753014667208
vn 0.8108493949574489 -0.530827176089911 -0.2464665653218502
vn -0.008703334212551555 0.9998977057673718 -0.011350329278529546
vn -0.8153243766599331 -0.5374869140727458 0.21529973995490195
vn 0.7838816367904837 -0.5435938499840309 -0.3000588371673313
vn 0.006537389439807988 0.9998877164196952 -0.013483956849509572
vn -0.8032180708863608 -0.5245328772028836 0.28232249526889974
vn 0.7617034545987476 -0.5388383613636724 -0.3598069865570237
vn 0.021459756914924296 0.9991538809014777 0.03508562544216823
vn -0.7751321422969536 -0.5301322147097212 0.34370044647207143
vn 0.7211557344729455 -0.5274404062456722 -0.44915590221679935
vn 0.044310421963001896 0.9947336080194602 0.09242096938491712
vn -0.7544865282226657 -0.5383273922452756 0.3754380075177657
vn 0.6685738132675391 -0.50818362825523 -0.5429166199208235
vn 0.06651305361102239 0.9879567882810233 0.13970468205748351
vn -0.7180833952345039 -0.5522906911454905 0.4234751822273932
vn 0.5972413299646908 -0.47897966166491485 -0.6433360533137957
vn 0.08807879320976077 0.9799590201702651 0.1786685338095271
vn -0.6541479429766885 -0.575969369244275 0.4902547851798279
vn 0.4975495402366538 -0.4357347043831097 -0.7500531463879466
vn 0.10909832321096857 0.9713487427579199 0.21113781237656945
vn -0.5389677317724305 -0.6155735968153907 0.5749634171074227
vn 0.35734332137608016 -0.3730211885306735 -0.856248178728034
vn 0.12961306659729424 0.9624436807166162 0.23854268887538216
vn -0.3247119045107752 -0.677939351135615 0.6595152881099927
vn 0.13970911154140692 -0.2948494415319433 -0.94527518267466
vn 0.14719550850670243 0.9542180192248259 0.26038712345679293
vn 0.0731540639577784 -0.7471196380901303 0.6606517458589919
vn -0.1898445975555237 -0.24002346735465144 -0.9520229849630901
vn 0.1547753453977257 0.9481806695783106 0.2774851532875974
vn 0.31041163254419857 -0.7691964518672123 0.5585529847884954
vn -0.5820092591608288 -0.30287805123894435 -0.7546721860044685
vn 0.12132758741446192 0.9601686958265815 0.25170556626119317
vn 0.21077213655616683 -0.6857496925876312 0.6966508921744936
vn -0.8628982227282848 -0.3245970496068272 -0.387354375990398
vn 0.22112292399897687 0.9684193372009061 0.11518958207017115
vn 0.18967287621001006 -0.3961957355105732 0.8983613633685824
vn -0.941979074685672 -0.3269081766144229 0.07620017662025937
vn 0.23342792691183917 0.9718465359421702 -0.03202676247835951
vn 0.6728496339985883 -0.5761778390537209 0.46399619374661927
vn -0.8586301323635858 -0.3437089586936958 0.380287322311679
vn 0.18204423584457793 0.977132235788345 -0.10987488329474687
vn 0.7689867812603165 -0.6356117631171849 0.06824233901297701
vn -0.7518570707288997 -0.3765776030728934 0.5412025998263802
vn 0.12047413914721336 0.9845034109618104 -0.12743239620009744
vn 0.7705537729588909 -0.623876481117223 -0.13047995741725724
vn -0.6561260522761878 -0.4176325700740604 0.6285552003903876
vn 0.06524028785562806 0.9916993562257883 -0.11079752570284282
vn 0.7651961767477519 -0.5923470362364873 -0.2521900072415102
vn -0.5707790376960205 -0.46071156896069565 0.679673554254231
vn 0.020130673612904652 0.9971810485162155 -0.07228217249081645
vn 0.7706928257552346 -0.5480088110162186 -0.3251444469432043
vn -0.49177600563721763 -0.49772156272120394 0.714443564098569
vn -0.006319402652853803 0.999963409345027 -0.0057658582345793226
vn 0.7993904252361063 -0.4906044268181522 -0.3468173069892411
vn -0.6209169690002003 -0.5487618525623573 0.5597522190933537
vn -0.11570717141810537 0.9874151243631906 -0.10781105073806747
vn 0.7623725820891147 -0.4962185044748294 -0.41539769124965054
vn -0.7064805738044839 -0.5899052739196842 0.39102041716338765
vn -0.13308800433672052 0.9865104936217673 -0.09531332055807504
vn 0.8612722950917459 -0.4476634599508749 -0.24043182054837944
vn -0.7579569411664331 -0.6378675355621893 0.13647813895801708
vn -0.1600858067778888 0.9831054031388187 -0.08874852555131996
vn 0.9196980450917387 -0.391528606559692 0.029340349347963767
vn -0.712212248740035 -0.6835495881093051 -0.15973000137814458
vn -0.19077350519463196 0.9761096519219236 -0.10399719775366512
vn 0.8725827896029767 -0.3426943681537118 0.34808022828712265
vn -0.5766567132661228 -0.714662331637026 -0.39588481504629885
vn -0.19790154550969344 0.9689497234695315 -0.14822756718368293
vn 0.7251889882708205 -0.3123993784256752 0.6136021183552055
vn -0.4224911227922603 -0.7313844083926535 -0.535329896719643
vn -0.18504428589294852 0.963828808001504 -0.19181407957907795
vn 0.5473688679560031 -0.29586946500458045 0.7828464613642111
vn -0.28601703332738065 -0.7403228873757625 -0.6083718263317413
vn -0.16513299048912727 0.959602520083348 -0.2278027631566515
vn 0.376094930735959 -0.2854422676013742 0.8815187547303232
vn -0.1492395723598561 -0.742725580722095 -0.6527528336076941
vn -0.15930821278429208 0.9523610325490921 -0.2600564496825678
vn 0.1931416148286241 -0.28037214657064213 0.9402594195480106
vn 0.05875331948594435 -0.7122784259006048 -0.6994336933876859
vn 0.049625496612130574 0.9730628026203048 -0.2251357196064579
vn -0.0039502360478616515 -0.3222129988899665 0.9466589560034282
vn 0.2666780730845139 -0.6787316385268799 -0.6842559230277423
vn 0.11002401776623705 0.9823912185809843 -0.15100400381957932
vn -0.2541838180247777 -0.3656559210252466 0.8953693841502096
vn 0.4473650582565316 -0.6464934745194607 -0.6179892329603206
vn 0.1216705851535746 0.9891099786285491 -0.08281134515160465
vn -0.45537870134967445 -0.4084973994514147 0.7910500066358105
vn 0.5506158592990255 -0.6136075595304024 -0.5659575411420362
vn 0.10093660611143775 0.9940076838870452 -0.041958621524269
vn -0.5471745669109239 -0.4488594497883005 0.7064879246396126
vn 0.5688494904912629 -0.5753910920148053 -0.5876524044006292
vn 0.07159107552218784 0.997273780777429 -0.017880829943512668
vn -0.5182540248997569 -0.4876906436576419 0.7025458004742446
vn 0.4701174623146005 -0.526663577312949 -0.7082478718350008
vn 0.04503375307451944 0.9989678698096993 0.005929264026409728
vn -0.3336456827055461 -0.5282356290167296 0.7807993843806807
vn 0.18510060598637745 -0.4811265703696166 -0.8568868005447666
vn 0.035758203442467495 0.9985385902196827 0.040522027696743276
vn 0.00768133324170489 -0.5711305277118629 0.820823316819886
vn -0.1695451303287505 -0.45074507102058975 -0.8764036340251281
vn 0.05192957678624569 0.9957246544998994 0.07639195949743215
vn 0.25275904293325047 -0.6073449001430177 0.7531567157542547
vn -0.34437101108249124 -0.47203489528428516 -0.8115366069130688
vn 0.01636641755527592 0.9972670017915222 0.07204628730305555
vn 0.2895007430928535 -0.593877099386332 0.7506659114234256
vn -0.3673601333440578 -0.48716083444937264 -0.7922883653115369
vn 0.012399950043817947 0.9983983988563464 0.05519853621243089
vn 0.2970856292645257 -0.5791657436169639 0.7591489776750739
vn -0.40918242995071485 -0.5008841075285011 -0.7626826665429113
vn 0.021479769689460113 0.9992412593626133 0.032488845493588873
vn 0.2966947193994254 -0.5623995121727701 0.7718024567130676
vn -0.47000651717356007 -0.5090178198202858 -0.7211066030205127
vn 0.05671925753216655 0.9983815623764699 -0.004145085248673239
vn 0.2763744874062927 -0.5402442268148683 0.7948291125167184
vn -0.5156306483266324 -0.5115381199789921 -0.6873527379116308
vn 0.12203247001192313 0.9908065642863058 -0.05839887353327732
vn 0.25111156313815847 -0.5169635382359071 0.8183469209283569
vn -0.5115585245701948 -0.525334506914785 -0.6799496538598762
vn 0.16307355512283714 0.9815274403650637 -0.10005448230841753
vn 0.22861440384404236 -0.49502996808502203 0.8382605710951551
vn -0.46743954841567914 -0.552094984426945 -0.6904284153679926
vn 0.15827427579677184 0.9802603468421929 -0.11848588958112732
vn 0.2199701393436291 -0.47678998643001785 0.8510490271642449
vn -0.4206937352029714 -0.5766205523822056 -0.7003752706452536
vn 0.13558063662423914 0.982329074331645 -0.129025116528914
vn 0.22414651303714545 -0.46234308600118107 0.8579027984102822
vn -0.5267583714727844 -0.5339049856883551 -0.6614159692209264
vn 0.380648329138185 0.9010971818476995 -0.20767936438279608
vn 0.14505117100908546 -0.458102950112018 0.8769845180432545
vn -0.6960773667506981 -0.39090013476139923 -0.602223699418193
vn 0.6523125154189233 0.6934245654035857 -0.30602410742078023
vn 0.025730229679724492 -0.39774901641420474 0.9171334009958212
vn -0.777256561098256 -0.24410914204215603 -0.5798990989828796
vn 0.807511303364016 0.47020641766015653 -0.3561339912596812
vn -0.05930680787187392 -0.3267451744574205 0.9432498574125727
vn -0.7944017556202299 -0.1532991417460448 -0.5877288692989504
vn 0.8723483256518147 0.33196263333346504 -0.3588999983321079
vn -0.1141782858585574 -0.282313252478141 0.9525033052507561
vn -0.7795874835115104 -0.12895378134088908 -0.6128737862154628
vn 0.892709125399105 0.3043605532280344 -0.3323177260813666
vn -0.1487939649924303 -0.2824477765884722 0.9476727333220368
vn -0.7413296386277964 -0.17214697300782805 -0.6486877419654413
vn 0.8669501310959692 0.4129788823610923 -0.27900880437087455
vn -0.1545931868036879 -0.34502045285809113 0.9257763410800028
vn -0.6771938273096554 -0.2800791040128297 -0.6804147380451656
vn 0.6955827565178351 0.6969601152709987 -0.17438814912856465
vn -0.08275811288966099 -0.4820314801492027 0.872236634690444
vn -0.4570060204039243 -0.43404444346914234 -0.7763703487435173
vn 0.2669578504172265 0.9636525238914259 0.010359502801703856
vn 0.14290054434747523 -0.6160293825126998 0.7746529766974484
vn -0.3689847373473847 -0.4546698760550325 -0.8106328191066429
vn 0.004824083782529139 0.9950371971644179 0.09938664132990252
vn 0.33702249836736786 -0.6095271323044078 0.7175601093838638
vn -0.4009104278030476 -0.47410435795082034 -0.7838978802438608
vn -0.03435217549667813 0.9945328870402603 0.09861168609252377
vn 0.41032153669616367 -0.5912976072260637 0.6942646298149077
vn -0.3986605865637311 -0.4918190083746655 -0.7740696349308779
vn -0.0651843710770292 0.9934931176145221 0.09339391318426359
vn 0.4411476872246165 -0.5732767611579257 0.6904654033133383
vn -0.3689900449373914 -0.5059283535348915 -0.7796684217195
vn -0.09171218143640326 0.9921390452481121 0.08514100463549237
vn 0.4382233456100664 -0.5580826228728417 0.7046304601773117
vn -0.30340555877213515 -0.5131547515011698 -0.8028806062659262
vn -0.11487396704395311 0.9905979434792271 0.07429458977819851
vn 0.3935999125609249 -0.5485726949264214 0.7376632749521939
vn -0.16660193041940866 -0.5026315196695957 -0.848295557111529
vn -0.13127405534691025 0.9893857504414412 0.06231339515868627
vn 0.27174404469170277 -0.5514891616474047 0.7886791988888999
vn 0.1532630075169623 -0.44092689841746424 -0.8843607413147707
vn -0.11264796298329283 0.9906299414657133 0.07721888051087143
vn -0.021843900610974586 -0.5829845401343912 0.8121895529803312
vn 0.6871572620930019 -0.36343630416269207 -0.6290699086503921
vn -0.11366773026753763 0.9782681532875723 0.17341011319744157
vn -0.4931185412625716 -0.6472654738159068 0.5812757612948808
vn 0.8241154572338991 -0.3905631800589852 -0.4102366579553495
vn -0.15141671670170243 0.98667056317349 0.05961692436032573
vn -0.6784345496932257 -0.6641520281401743 0.3140519786593348
vn 0.8208767854755219 -0.40664678548225547 -0.4009983727202922
vn -0.1372683871186644 0.9893097590556957 0.04922997598010648
vn -0.6934463420359467 -0.6508949253156956 0.30897891014637213
vn 0.8057555293578115 -0.42260108904043947 -0.41492932705600316
vn -0.12209202950013916 0.9916174904644917 0.04228816545372145
vn -0.6997206986524829 -0.6371910508139845 0.323076629671432
vn 0.7694477250047531 -0.4382864661907614 -0.46460216534043874
vn -0.10586045542908334 0.9935807173046275 0.03988636580047461
vn -0.6914098452757811 -0.6225258296041826 0.3666251728009751
vn 0.6888445963501897 -0.45330183812312735 -0.5656947636608797
vn -0.08759284610008569 0.9952080190642726 0.04345678430640507
vn -0.6537265908440071 -0.605445617372525 0.4539572103490312
vn 0.5211534278856798 -0.46680932830375454 -0.7144845383992597
vn -0.06452544371150963 0.996575896176158 0.05170058292244456
vn -0.5586410622663699 -0.5840302815616036 0.5889217212575673
vn 0.24723424041580191 -0.480685129262364 -0.8413186298139641
vn -0.037629173270013985 0.9977919049951129 0.05472987890758692
vn -0.33374967147767365 -0.5694913027514534 0.7511929265368501
vn -0.0332977493058609 -0.4962862650273467 -0.8675201456083718
vn -0.017945842149245977 0.9988019674171897 0.0455255602173726
vn -0.03270305859254999 -0.5638224091326675 0.8252483268195866
vn -0.28753464529443706 -0.49620610197986004 -0.8192089673052627
vn 0.008276958042738028 0.9992423046643548 0.03803036332494719
vn 0.25276239388083904 -0.5555999344481342 0.7920984061850249
vn -0.5704640756024273 -0.5041557346426161 -0.648380855419122
vn 0.017235705084612106 0.9994702747336568 0.02760616587042141
vn 0.5411660917427509 -0.5550232862318124 0.6317344480779217
vn -0.7244831738262507 -0.5122171680370937 -0.46125665698253326
vn 0.018289721387308874 0.9996662493273365 0.018244890994204076
vn 0.6964927414907038 -0.5527829385894136 0.4575247357850898
vn -0.7882374756527941 -0.5188573742367208 -0.3308605554862746
vn 0.01484233788531798 0.9998151791909846 0.01221934799395737
vn 0.7659253018888293 -0.5487682114429494 0.33498042037738923
vn -0.810913368154781 -0.5247633842079331 -0.25892643731860576
vn 0.009501458806930447 0.9999170825685177 0.008691965727303297
vn 0.7957151399928607 -0.5438493337746987 0.26658079101645443
vn -0.8152172889084496 -0.5303437624178203 -0.2327149877624307
vn 0.003363014490910852 0.9999731592067855 0.006509301002010905
vn 0.8070309492977689 -0.538520766705751 0.24227346264540106
vn -0.8081508005065843 -0.5356864350199573 -0.24481079832429017
vn -0.003152457826502658 0.999983833700544 0.004732266604408357
vn 0.8064563848229008 -0.5329540162363909 0.2561017687480475
vn -0.7880105138479534 -0.5404305939663892 -0.2949138911109829
vn -0.009827153387601666 0.999948618136827 0.0024875977461875733
vn 0.7917752082872904 -0.5272165151417236 0.30843924151027624
vn -0.7257374799060857 -0.5370601594239698 -0.42996685386092737
vn -0.006577499927967579 0.9999698058536498 -0.004138100495582211
vn 0.7319294914420837 -0.5241726220860742 0.4353415691301974
vn -0.5695654590621719 -0.5350015162951692 -0.6239940427641656
vn -0.004622586236811829 0.9999729245560118 -0.005725543762838132
vn 0.5738676079665805 -0.5227800704290219 0.630378431173642
vn -0.3273969839163073 -0.5347634413490943 -0.7789988939138357
vn -0.002133632626877736 0.9999760753360618 -0.006579997515229776
vn 0.33098690268051073 -0.5230839437672311 0.7853858020278202
vn -0.06198773568613229 -0.5362554188538816 -0.8417764824312653
vn -0.00007597556596246289 0.9999781268425202 -0.006613627162018476
vn 0.06451807789010656 -0.5250058450007515 0.8486496805752144
vn 0.1577423460146892 -0.5377058511123908 -0.8282449939198434
vn 0.0014070984803339 0.9999792541660764 -0.006285802361222596
vn -0.15752375926544931 -0.5267903642313967 0.8352713196440026
vn 0.3172958490270422 -0.5385357890530954 -0.7805783420638626
vn 0.0024816714418969808 0.999979890366842 -0.0058361090439916965
vn -0.31908025639948967 -0.527818939946031 0.7871435425704031
vn 0.4317480180383102 -0.5389270322711002 -0.7232919900064259
vn 0.00326754905087199 0.999980282114289 -0.005362695761221088
vn -0.434838512459716 -0.5283244945254532 0.7292384360181834
vn 0.5183605318747161 -0.5390171866690764 -0.6638997149192907
vn 0.003868309255806717 0.9999805605007804 -0.004890276479556316
vn -0.5222850970540537 -0.5285524145861878 0.6692164242084533
vn 0.4355168022437904 -0.5306468743125742 -0.727144421518613
vn 0.003257763083867902 0.9999858214871483 -0.004212339535551546
vn -0.44106323795778213 -0.5220574689213185 0.7300131637619034
vn 0.1289561345714096 -0.5320199579219558 -0.8368542762805965
vn 0.0015312069165229346 0.9999927535924215 -0.003485422216266495
vn -0.12234693987623624 -0.5268329764272845 0.8411172577302697
vn -0.1119894288104214 -0.5348041667903007 -0.8375218630092278
vn 0.00047449990734776596 0.9999968980183911 -0.0024451591836610167
vn 0.11762103234706002 -0.5312123023811397 0.8390344346619754
vn -0.22467906539808416 -0.5357473633628392 -0.8139373933059039
vn -0.000008722209008102923 0.9999985210764686 -0.0017198165014583498
vn 0.22684423125510297 -0.5329924336395276 0.8151446254679567
vn -0.2265699036871554 -0.5351843062794099 -0.813783654944863
vn -0.00014289793986126253 0.9999990624667784 -0.0013618537891719152
vn 0.226810818558777 -0.5329134496115009 0.8152055616885031
vn -0.118800544665275 -0.5327344273593755 -0.8379024170470644
vn 0.000035016888940385106 0.9999993452832386 -0.0011437687316860218
vn 0.11722285949325173 -0.530934981759323 0.8392656589879351
vn 0.1157649415347395 -0.5288035563366125 -0.8408122722208623
vn 0.0005360457257800157 0.999999689489309 -0.0005776471810956239
vn -0.11733824122654733 -0.5277082693457759 0.8412821878596664
vn 0.42000889803620944 -0.5283472439137904 -0.7378629380983375
vn 0.0005272565632320154 0.9999997631321536 0.0004424207877437844
vn -0.4175213456813072 -0.5281160711161932 0.7394385311364742
vn 0.37635397875711013 0.8638936809844769 -0.33473181896674226
vn -0.3772835259095188 0.8631298129299502 0.3356546843242189
vn 0.4507839354743448 0.8650685489233763 -0.22011417305995074
vn -0.4517718823300276 0.8639413320866468 0.2225029012132964
vn 0.481823626794132 0.8659554985533957 -0.1340412891167826
vn -0.48294419555597623 0.8650494677830426 0.1358466866252754
vn 0.4890303750335516 0.8663773135656168 -0.10119112032865907
vn -0.4896981120042226 0.8659452388867543 0.10165924625365898
vn 0.4808659063911747 0.8652230594074327 -0.14197548217997483
vn -0.4799301932953894 0.8664766449155743 0.1374235546742263
vn 0.42249118181177836 0.8559728778273759 -0.29801280797175056
vn -0.43093372924847073 0.8686531751765136 0.24441313845979487
vn 0.20121613541642702 0.8580526783776381 -0.4725015005024214
vn -0.16420692537205728 0.8454908734496753 0.5081154087145568
vn -0.03657764169105961 0.8617734406419457 -0.5059729371542154
vn 0.05222646634862584 0.8584494847025674 0.5102321809006487
vn -0.11495767967152011 0.8498610094378112 -0.5143160473112668
vn 0.058090783140577584 0.8717649011749363 0.486468311397123
vn -0.09082819964008688 0.8406125284287631 -0.5339670544132312
vn -0.03838816803990386 0.8754533089966731 0.481775728240139
vn -0.05165703895559391 0.8334687745449556 -0.5501466642495164
vn -0.12080420013678822 0.877570042609527 0.4639797038056988
vn 0.00812342877077203 0.8292885166056233 -0.5587616362377172
vn -0.20047200734458817 0.877198390468356 0.43627280230488474
vn 0.09853616214378914 0.8295642331487698 -0.5496488040833589
vn -0.2871004083836083 0.8736554930945997 0.39280966751290297
vn 0.23191304342880065 0.8357205078858145 -0.4977826563739115
vn -0.386579502976575 0.8656963209782026 0.31800340835152857
vn 0.3973072441066986 0.8495445824463214 -0.3470172275499384
vn -0.4841223750172009 0.8544014335383833 0.18874246044613463
vn 0.48902591715455 0.8693042476027681 -0.07185942840669395
vn -0.5280311571090496 0.84909036086979 0.01512138221486812
vn 0.4150842101345113 0.876707073142283 0.24308394928357713
vn -0.500016717149083 0.8482460986352378 -0.1745332023471531
vn 0.21012289249738553 0.8623693857809004 0.46061633982784955
vn -0.40168004834814613 0.8535251061179243 -0.33188557061947904
vn 0.05125825118843687 0.8480060851280381 0.5275019158931293
vn -0.29601309663523345 0.8665761066333413 -0.4017736900701934
vn -0.048541144029516675 0.841551150001283 0.5379920252827395
vn -0.22120273541764066 0.8731111029117398 -0.4344494813162964
vn -0.11051709959950724 0.8408519661531398 0.5298621912464712
vn -0.16420242727432263 0.8752853004665412 -0.4548771324923001
vn -0.150238115095684 0.8434946662649198 0.5156988042987182
vn -0.11199444012889503 0.8756909474892983 -0.46970481141405257
vn -0.17542422492941193 0.8464330391253095 0.5027697799042893
vn -0.05070926313281042 0.8763520635350631 -0.47899439596968596
vn -0.18621156091391092 0.8476198237020367 0.4968560043406269
vn 0.056321914018794675 0.8811715922842539 -0.4694299382788577
vn -0.1807829913710665 0.8472377964636691 0.49950538162698044
vn 0.18769557889586944 0.8824337735340099 -0.43137107574508576
vn -0.16930686059416344 0.8464387822039621 0.5048530231035783
vn 0.2452200288139075 0.8807552892834339 -0.4051385662557455
vn -0.1375411663268988 0.8434607530835607 0.5192844938693518
vn 0.29953795478311146 0.8756286044852357 -0.3788819877634588
vn -0.08348235562280132 0.8351616678763186 0.5436319387321846
vn 0.34026543103181117 0.8687512156306428 -0.359848248272819
vn -0.011787202799149266 0.8196229110294538 0.572782110025947
vn 0.3567677838075651 0.8643531230781496 -0.35441561345698064
vn 0.06560585363194486 0.7993040196627172 0.5973348777028228
vn 0.3440268708813808 0.8669310814369724 -0.3606605220288016
vn 0.1342345445017045 0.7798615256856756 0.6113894731001102
vn 0.30832061106765096 0.8766085388418292 -0.36945347531247275
vn 0.18593976803021775 0.7697882449465224 0.6106164594956653
vn 0.2633481382419491 0.889263767975672 -0.3739755460591103
vn 0.19189356522466458 0.7763003521771857 0.6004453537458216
vn 0.24490180317127688 0.8920197470950341 -0.3798998257382708
vn 0.19002612838532382 0.7852514731208005 0.5892963554040507
vn 0.23819979229704075 0.8885226477022664 -0.39215859479272036
vn 0.22341558270192502 0.7856612137639238 0.5769072148907112
vn 0.22128781851988238 0.8873099252635847 -0.4046143817308572
vn 0.29887135196148396 0.7748951955828804 0.5569679980387422
vn 0.19051024593054214 0.8889550734806716 -0.41649096452199086
vn 0.39781525569135506 0.7554258909544662 0.5206483896209352
vn 0.1475618283947203 0.8937280626176897 -0.4236456737539501
vn 0.48513048991235064 0.7357042921742565 0.4726389766341525
vn 0.10581821591850137 0.8992863829896907 -0.4243660054117728
vn 0.5437664478383258 0.7200968662402484 0.4310203631341135
vn 0.07540762348827856 0.902566412872816 -0.4238956955121719
vn 0.5738234119581597 0.7185551179275711 0.3929443146156856
vn 0.05795897948765097 0.9030151849866651 -0.4256810218699548
vn 0.43770708334756087 0.7633993534224054 0.47500940662435814
vn -0.10925588106216506 0.9425921230682341 -0.3155681257399879
vn 0.382695115515339 0.7837627235254515 0.48914255771980036
vn -0.14370534818449532 0.935891539601832 -0.32164545543950374
vn 0.2894664444659267 0.8033625950932373 0.5204014972435362
vn -0.16798217228927284 0.9268324275120001 -0.33580297959546174
vn 0.16271915318730262 0.818757860101237 0.5505978965710371
vn -0.1645424565180323 0.9156312056587074 -0.3668041374180413
vn 0.04701451244088857 0.8304300076436462 0.5551356933443566
vn -0.1267953221603786 0.9050245924344019 -0.4060214690963896
vn -0.02373768937983019 0.8422978272719474 0.538489454191875
vn -0.06782803507928994 0.8960363707512784 -0.43876893685419455
vn -0.05445752897679298 0.8553842615965008 0.5151234245797319
vn -0.009515033582524287 0.8867362164276522 -0.46217783007355007
vn -0.05724777526208576 0.8621304875552352 0.5034418681986174
vn 0.03518272469871387 0.875658673859008 -0.48164723893972267
vn -0.03735764377533848 0.8622850733038806 0.5050434226963821
vn 0.036379288201518215 0.8697863936773317 -0.4920855380558675
vn -0.033094893377940075 0.8624029579352768 0.505139452207792
vn 0.03228791645789956 0.8697274947296061 -0.4924749489691543
vn -0.048792509679563445 0.8628100404282744 0.5031680883515266
vn 0.0479090974360269 0.8696132179028039 -0.491403672790096
vn -0.08991862136078493 0.8637661415379022 0.495805097054579
vn 0.08872252733954408 0.8689358419888236 -0.4869073994607787
vn -0.15508612494660498 0.8653698187957245 0.47653265424994845
vn 0.1538684604565858 0.8673029137187585 -0.47340273840744945
vn -0.23036727336339025 0.8672941039061619 0.4412843263619555
vn 0.23112475954505785 0.8650260612261533 -0.44532152308731565
vn -0.2969490469501956 0.8688950393573998 0.3960336779813975
vn 0.3019659187873191 0.8630811311727218 -0.4048549677409745
vn -0.3468939115567061 0.8689275683994858 0.35302902855182516
vn 0.3547996589849404 0.861979297712647 -0.36208961915385274
vn -0.37947068948155005 0.8672112466281702 0.32240758295364585
vn 0.3855957226385251 0.8626829767717884 -0.3272522272972938
vn -0.405991883036324 0.8653201205981442 0.2939246158399009
vn 0.4071764925611685 0.8645366474171513 -0.2945907146844535
vn -0.42308859326077225 0.863287303761009 0.27519279317901496
vn 0.4182443976003679 0.8666188749021874 -0.27210907654683736
vn -0.42526545075618655 0.8613837334802468 0.2777901367737327
vn 0.4145207196762991 0.8687977040517127 -0.2708562762675357
vn -0.40749102580342944 0.8599069483865491 0.3074265831157121
vn 0.3930948392433611 0.8704163374663941 -0.29639812217999034
vn -0.36791178219656007 0.8588701868166582 0.3563466328148338
vn 0.3525314849387353 0.8711503182106334 -0.34178747081834754
vn -0.31410611844426245 0.8579069196527616 0.4066116864623906
vn 0.298870571236451 0.8717230671825279 -0.3882979214349257
vn -0.2598990440182092 0.8578059929328103 0.44342007781219867
vn 0.24598377277713251 0.8728769271032741 -0.4213998738265994
vn -0.238209790945981 0.857810538248507 0.45543075869694927
vn 0.2251872148473254 0.8740353883771619 -0.4305262571942491
vn -0.23433388962831464 0.8578505044760536 0.45736215425179766
vn 0.22158342292532662 0.8740162474840611 -0.43243078731581563
vn -0.22236019150238825 0.8579653408860853 0.4630889969252612
vn 0.21041367262743857 0.8739530204094627 -0.43810067848453565
vn -0.20182198485212538 0.8582147214191552 0.47194849122525045
vn 0.19129379014063722 0.873789823798346 -0.44709957468117256
vn -0.17135792159011085 0.8586844925730576 0.4830087006699444
vn 0.1629534995637953 0.8734616194775983 -0.45881472979786037
vn -0.12887559483285607 0.8594954124591117 0.4946298788166957
vn 0.12332866142570029 0.872867357996577 -0.47211504595280646
vn -0.07198888798864347 0.8607870517265542 0.5038484410872633
vn 0.06980414136768559 0.8718591990799015 -0.48475655625032366
vn 0.0011117388028955809 0.8611104209492939 0.5084167650356982
vn -0.0007447736377633257 0.8702357942029691 -0.4926348625505061
vn 0.04371017824745898 0.8590443438019202 0.5100316026478201
vn -0.04194268683425952 0.8709188295553199 -0.4896337440854287
vn 0.023171836771177914 0.8575146331618566 0.5139374669100673
vn -0.02137301251738494 0.8728811670259898 -0.4874645244397564
vn -0.030426661190110744 0.8568960789860518 0.5145904469645279
vn 0.030702554676885027 0.8740317365666894 -0.4848978001708507
vn -0.12791304873818823 0.8574797266311059 0.49836409419133126
vn 0.12276250851845949 0.873185517421402 -0.47167405977833243
vn -0.2489956079054136 0.8591714763352591 0.4470185247791247
vn 0.23659038758516165 0.8706482022863944 -0.43127334297145353
vn -0.34317132153929875 0.8596462807780375 0.37847287355563375
vn 0.3295327699918409 0.869558687880059 -0.3677986430559723
vn -0.39939652257457026 0.8585438787412484 0.32153510855157597
vn 0.3823633733175984 0.8708195260661973 -0.308984795365453
vn -0.4297922534690449 0.8565238592391512 0.2857367624441614
vn 0.40607047981396066 0.8728791611926854 -0.2705341667501793
vn -0.4177500323949859 0.8522665544420083 0.31484381939865946
vn 0.38543157350766455 0.8759703468573737 -0.29003181475482676
vn -0.3208535449876717 0.8746270141422159 0.363428932257073
vn 0.31640365304771484 0.8773123082714717 -0.3608487800913892
vn -0.3203543694159243 0.9101735366935589 0.26259705081905355
vn 0.27067057814561607 0.875441312827381 -0.4004247069317645
vn -0.33465194939351844 0.8983766964723351 0.2844773875065858
vn 0.09410476210997686 0.8736723168883543 -0.4773269073194593
vn 0.09460637019831822 0.9513556111180064 0.2932100542481164
vn -0.14619019173150755 0.8474067756191287 -0.510421575245695
vn 0.3842519269041973 0.9108606640225947 0.15060978522901283
vn -0.3524888553379887 0.8515989538537125 -0.38798302624957365
vn 0.4884046363283184 0.8726168437809424 -0.0008690010298506165
vn -0.5231359468296234 0.8517662451912362 -0.028688755419091962
vn 0.4675026984436058 0.8815270227445141 -0.06596465052692882
vn -0.4778059241200981 0.869876373373384 -0.12254221281871973
vn 0.3998466281962423 0.9052908156214593 -0.14342668186752888
vn -0.5296474850975385 0.8475256602923606 -0.03426071621917785
vn 0.32076558355404045 0.8899236939078026 -0.3242610976184591
vn -0.6037330284777265 0.7725824926654192 -0.19652664539954962
vn 0.24493970086088238 0.8495266762451733 -0.4672354538024809
vn -0.6663671565392687 0.6916683823516253 -0.2784773986176535
vn 0.17421072898563894 0.812585245927715 -0.5561976627125356
vn -0.7169496030425232 0.640378365916436 -0.2754973959284617
vn 0.11617376832258795 0.8006545686844653 -0.5877549805815536
vn -0.7435438461068524 0.6388044325355576 -0.19766498397428292
vn 0.08625811920642158 0.8234507094210878 -0.5607927121716886
vn -0.723461266200462 0.6883004281618625 -0.05335088471451173
vn 0.10576548740526172 0.8730953901997189 -0.4759391781372154
vn -0.6295861072721654 0.7634836833636787 0.14392358655658827
vn 0.20141250889131607 0.9065920458147806 -0.3708421008023176
vn -0.46157287982775536 0.8106059135547712 0.3603727646722871
vn 0.2690382052767195 0.9047410519421079 -0.3302454739011123
vn -0.3717618917169239 0.8129172729991756 0.44828406521606146
vn 0.31818737400584407 0.8995859554099185 -0.2991686879546214
vn -0.42098139674082047 0.8206427321499414 0.38641968087511724
vn 0.37436142536222694 0.8945106404870008 -0.24434450527134355
vn -0.47533703868373006 0.826500622886104 0.30158153130499277
vn 0.4219652385154737 0.8883827600595554 -0.18089059984848807
vn -0.5110801899654349 0.8327860008402788 0.21275459155879572
vn 0.4533735314943061 0.8807625599084196 -0.13678360283290356
vn -0.5185592136637895 0.8412483751698576 0.15296245682672177
vn 0.4720129979150303 0.8724937272498006 -0.12632666270038242
vn -0.5082664139404496 0.8504599090499668 0.13558464352144667
vn 0.4812248841192626 0.8642294297378733 -0.14673139977302896
vn -0.4892193284203337 0.859099716905474 0.15037328590175864
vn 0.47425063882338575 0.8615500150884319 -0.18115712262214131
vn -0.46471904051140717 0.8672403939112172 0.17869054970779527
vn 0.4709838601597615 0.8641902598723767 -0.17705761268785958
vn -0.43998735525710875 0.8691427367090954 0.2258362912369913
vn 0.4721025934269234 0.8663538685120273 -0.16294206269044817
vn -0.40367345865842996 0.8612869080510692 0.30859779777984514
vn 0.4641719850952364 0.870623243374545 -0.16297096780941023
vn -0.36229979621536496 0.8475620171337772 0.38778535915429774
vn 0.441286641330982 0.8798520509207541 -0.17642694996333147
vn -0.3131813656856287 0.8287277737351478 0.463818616732091
vn 0.393921004389399 0.8971980158289369 -0.19965460849543726
vn -0.2596378794413893 0.8054543589843194 0.5327583384165262
vn 0.3105632945106487 0.9238687790994743 -0.22364462682554934
vn -0.24175240092625183 0.77861766523446 0.5790598484019
vn 0.18466466267021694 0.9546374487438566 -0.23359431460700353
vn -0.28476854712461913 0.7113393213634891 0.64257547762941
vn 0.0055663764916746026 0.9674481538582795 -0.2530080730904841
vn 0.14794758241861888 0.6723507686231242 0.7252971506826567
vn -0.16450859492481562 0.9588347516137383 -0.2314580767518896
vn 0.5211362695481937 0.6774909630299706 0.5190597109910533
vn -0.253869134385411 0.9459958369188997 -0.2015994522277109
vn 0.9569530731109064 0.26419476459467395 -0.12017463219979951
vn -0.3267136468357501 0.9393606448620435 -0.10421022913155192
vn 0.857027013132024 0.18765387234997594 -0.4798861562433954
vn -0.360793531906288 0.9326322050277809 0.00501970911566121
vn 0.6463364156300224 0.632787577648749 -0.42641425797452337
vn -0.3795959927312884 0.9202042392948019 0.09555647694543061
vn 0.5158869526234925 0.7105192791567555 -0.4785634817444922
vn -0.39557384364645426 0.9023290621246267 0.1712413439215603
vn 0.4194610297679631 0.7505179174263865 -0.5106616297784271
vn -0.40865882232266276 0.881232488173151 0.23754424582803846
vn 0.3357896242352551 0.7824742036152079 -0.524384829045132
vn -0.4073417107268686 0.8648464270474227 0.2934508277811042
vn 0.25893673789834243 0.8075358695114487 -0.5299411148599003
vn -0.5134969249697928 0.8347780750421527 0.1986617061123894
vn 0.3027397875456283 0.8660219186572644 -0.39793800703378196
vn -0.5824526103083154 0.8056665073869275 0.10793718367633824
vn 0.34911111382388244 0.8895020513133188 -0.2948008326210192
vn -0.6373206810028066 0.7695508239379293 -0.04017311218430951
vn 0.37035355041699325 0.917326226127018 -0.14611927509090258
vn -0.6323593569863498 0.735817002880262 -0.24227047262124
vn 0.33755601658039974 0.9411438726892517 0.01743979844639048
vn -0.549177781948107 0.7141031862439111 -0.43412026353402516
vn 0.2574349690855272 0.9560084427443664 0.1406239456615609
vn -0.4399123112506149 0.7016345448176547 -0.5605230806386697
vn 0.17191840811254716 0.9633941469683123 0.20570799337713092
vn -0.33221351946857736 0.6942525925075745 -0.6384727991690899
vn 0.1038480931003088 0.9671600450993604 0.2319849579667461
vn -0.2334751010726332 0.6977495702557551 -0.6772258961284875
vn 0.04548131276578677 0.9691977704616688 0.2420477885072106
vn 0.054161026895331574 0.7380143299663228 -0.6726079332939828
vn -0.030333582012114387 0.9631955374857353 0.2670846876364874
vn 0.24014535655900107 0.7697518864580094 -0.5914492717194654
vn -0.12101295026822345 0.9484501824220265 0.29291315663692064
vn 0.3620937443166271 0.7991987607763872 -0.4797597952103242
vn -0.21495839375116704 0.9328246945391736 0.2891902111306948
vn 0.39695041011879384 0.8255673905429876 -0.40108459902938676
vn -0.28152550788437813 0.917374433804187 0.28136726286632935
vn 0.3629175852816927 0.850766544833289 -0.38011460440995026
vn -0.3120692036976608 0.9005368130576334 0.302731333745797
vn 0.26007204258080724 0.8733658188188016 -0.41181874555052905
vn -0.2993264428693857 0.8786221841137194 0.3720574393590293
vn 0.09027748135718008 0.8946610210481611 -0.43752900906896
vn -0.15663853368881664 0.8522467164830919 0.4991391629672089
vn -0.07963508352052937 0.9033827547275144 -0.4213761406790923
vn 0.10323780240641485 0.8279535529666986 0.5512121826339784
vn -0.17451850457823587 0.8963248802936733 -0.40760888180498295
vn 0.22379353753713507 0.8221198246021714 0.5234839506161674
vn -0.18618656025710892 0.8886488649399655 -0.41909158858242085
vn 0.23909677512646463 0.8317821509584967 0.5009702440973733
vn -0.18928902452143825 0.8813273547204068 -0.432933896821735
vn 0.2784357092151259 0.8395658659042554 0.46647905916804855
vn -0.16964721918435405 0.8732136173685452 -0.4568564320058939
vn 0.35226928277586195 0.8402486950128443 0.4121753060795758
vn -0.11940120347551436 0.8569947307645525 -0.5013016896544346
vn 0.41484394245558803 0.8346547050036318 0.3622927363655049
vn -0.07541526603666983 0.8357102056863754 -0.5439678205190582
vn 0.4171117401509843 0.8408290900013705 0.34499889512241216
vn -0.0654609879505555 0.8212658626384686 -0.5667779476313713
vn 0.38035901260079047 0.8578351544522883 0.3456094172894749
vn -0.06443918577554641 0.821207467807056 -0.5669796170538299
vn 0.3351133255100909 0.8758761367485954 0.3471887845825721
vn 0.1365015067728053 0.7647196645027207 -0.6297389724096804
vn 0.5116603162426718 0.8136556171071828 0.2759859734341196
vn 0.35882107651170175 0.6084834259912499 -0.7078102537721072
vn 0.7585274826118282 0.6258594188723027 0.18148290809711626
vn 0.49662279568463974 0.4366332897269193 -0.7501447654343931
vn 0.8956753705527805 0.4230571663326426 0.13707029072608906
vn 0.5664170608869935 0.3299614683674726 -0.7551802053344099
vn 0.9455058456254283 0.295010041331733 0.137796122592739
vn 0.6000969510857586 0.3136128715383398 -0.7358876382322601
vn 0.9501815048689595 0.26362511212225964 0.16630366220707793
vn 0.5822987327686717 0.41481614743916684 -0.699182200602766
vn 0.9136302025359473 0.3425655390427582 0.2189262535066743
vn 0.43427066143000737 0.6632778216083093 -0.6094846380210742
vn 0.7733459198825907 0.5521219201577212 0.3116046750007138
vn 0.042671642964527697 0.8835876924207869 -0.4663174033737286
vn 0.41974419363581617 0.7822277546082201 0.460363499671293
vn -0.20699421220392006 0.9036268043898898 -0.3749826589353091
vn 0.22986921327757012 0.8102164275214461 0.5391748189238225
vn -0.2723162393785799 0.8920326345149 -0.3607237789931721
vn 0.2279771601811757 0.8217422330737859 0.5222701569289926
vn -0.30742046019919794 0.8804723927276207 -0.36091692436821515
vn 0.20999637879987404 0.832000274396489 0.5134949506033206
vn -0.32009922863063967 0.8707086630878335 -0.37336698816829983
vn 0.17795236295421588 0.8401079347448153 0.5123979064143531
vn -0.3059117271464229 0.8653236669955836 -0.3970301834012232
vn 0.12588337185007403 0.8445701621383447 0.520436949031548
vn -0.2428802466535022 0.8707160516535932 -0.4276245352857004
vn 0.0315278304312656 0.8409446242530338 0.5402019389526673
vn -0.07604313845357083 0.8844752169452432 -0.46034881525186533
vn -0.17012381355305997 0.8142844559516038 0.5549763173845929
vn 0.2846601353279175 0.9398842016265111 -0.18864330067083698
vn -0.4856796647084546 0.7582037494410032 0.4350199278450218
vn 0.32152843867635034 0.9326203054857054 -0.1638256051968014
vn -0.573690712694048 0.7680207716112215 0.2846454997752453
vn 0.337178715350921 0.9261779302398714 -0.16883410630228296
vn -0.5637716870744036 0.7787384962167235 0.275186917137056
vn 0.34798167135087965 0.9194031374937339 -0.1833211039965849
vn -0.5455342673516658 0.7894652165465268 0.2813130551684846
vn 0.3492040998946373 0.9121700929258617 -0.21448127701130748
vn -0.5130755879504475 0.7997353170159174 0.31173203840278074
vn 0.3294519752915514 0.9040556134829253 -0.2722955080542216
vn -0.45061628488966277 0.8090371302094259 0.377364393835368
vn 0.26454240460621953 0.8948123301821943 -0.35962231565778985
vn -0.32353435011546444 0.8150654928249378 0.48061810900277735
vn 0.1359768117561235 0.8869008329355379 -0.44149430257126676
vn -0.10672434359347101 0.8132162246542141 0.5720920262018078
vn -0.011866882955035745 0.8830163993490442 -0.46919208813617147
vn 0.04784982792091902 0.8286607584075213 0.5577021978111708
vn -0.15801878718376197 0.8783138906139977 -0.4512147741945908
vn 0.18052357015891438 0.8413533071871069 0.5094466145754599
vn -0.31533482348001907 0.8770677302472997 -0.362375696839172
vn 0.3638031483775193 0.8419147117777702 0.39853091137672003
vn -0.4066145298425209 0.8755684524317298 -0.26085342479494383
vn 0.4489797484452251 0.8485048882471956 0.28010112478652516
vn -0.4493667424854674 0.8730974709808774 -0.18913047590167892
vn 0.4805115097959316 0.8539542070965014 0.19967699200413674
vn -0.4695010560407055 0.8701329654478088 -0.1497911239615518
vn 0.4893631126843129 0.8581296901304034 0.15536144586292447
vn -0.47935733056004687 0.8669519823772798 -0.1364214421945872
vn 0.48796601345073676 0.8617549845602366 0.13880747927464815
vn -0.482652069046889 0.8636351936453919 -0.14553773580018325
vn 0.480066249704257 0.8651368616814513 0.14517095596178825
vn -0.47568994760530525 0.8615912547654107 -0.17714283349610077
vn 0.4643871073009942 0.8683530780729374 0.17409062689837723
vn -0.43999553496590527 0.8599696407425583 -0.25856555495885764
vn 0.4242278742696077 0.8696057886901475 0.2526192450492965
vn -0.346675208051707 0.8590030992840552 -0.37673594936333527
vn 0.33441567665736566 0.8676289438174254 0.36794859838849164
vn -0.19779582109968594 0.8595108990093433 -0.4712937806078621
vn 0.19351583137289166 0.8664326007630073 0.46026749976846076
vn -0.03543771453425713 0.8608051530258827 -0.5076993765139713
vn 0.03757478006087501 0.8664277804333346 0.4978865706129686
vn 0.09623218065523426 0.8617134185338066 -0.4981860613516993
vn -0.09239643079911014 0.8673102204415527 0.48911745122537864
vn 0.19132138096983134 0.8622053609343938 -0.46903949168464304
vn -0.18656839747813808 0.8680835777754594 0.4600251461159463
vn 0.25964178915205144 0.8624519762766848 -0.4344683301949204
vn -0.2539032283460825 0.8685107221465898 0.42570209789457963
vn 0.3096086214894976 0.864809689679152 -0.39528053599490837
vn -0.30438497186357655 0.8687213081755408 0.39073402414607666
vn 0.260431857334921 0.8596585349576084 -0.4395025039287283
vn -0.25658129854749756 0.8705761270482189 0.41983716396884563
vn 0.07832445077408486 0.8620468073152565 -0.5007400347570693
vn -0.07493538087936075 0.8635055123219283 0.4987413346436301
vn -0.06534586761278326 0.86448059430043 -0.49840066178116976
vn 0.06829996563778078 0.8649543865985013 0.4971810774736789
vn -0.1329276105126065 0.8653961152081032 -0.48313539939248096
vn 0.13324175582054895 0.8664990686949667 0.4810675612183936
vn -0.13476935160218523 0.8652698597169927 -0.4828512107617237
vn 0.13339884382023764 0.8668956343998327 0.4803089708988741
vn -0.07248810438854253 0.8637047058667583 -0.4987581135037027
vn 0.06885791862774743 0.866477711679989 0.49444409411384904
vn 0.06686040030875341 0.8612107159064065 -0.5038311122573992
vn -0.06987809340764933 0.8646797248573141 0.49743946916423043
vn 0.25180813075155517 0.8633695662309985 -0.43724782148514496
vn -0.24960933938910168 0.8619864162694941 0.4412194418388775
vn 0.4134106136806875 0 0.9105447075768206
vn -0.41202513539847624 0 -0.9111724797204245
vn 0.38435773560861414 0 0.9231842346345711
vn -0.38366504981390187 0 -0.9234723220277348
vn 0.4597550838081148 0 0.8880457549656962
vn -0.4588454042964431 0 -0.8885161196939727
vn 0.5554048193627549 0 0.8315801143778184
vn -0.5582150681374165 0 -0.8296962924494357
vn 0.6111193203759491 0 0.7915384869121893
vn -0.6176477567777847 0 -0.7864548610997141
vn 0.5891472292372599 0 0.8080257064487859
vn -0.5960452165970224 0 -0.8029508700859653
vn 0.5162908808016016 0 0.8564132918171616
vn -0.5213972805622672 0 -0.8533140546260051
vn 0.4413342161793738 0 0.8973428049688358
vn -0.44427082542792246 0 -0.8958925346678543
vn 0.38687559681496736 0 0.9221319171295737
vn -0.38817519878120926 0 -0.9215855983310334
vn 0.3594398444114306 0 0.9331682582736549
vn -0.35949660079640366 0 -0.9331463947397703
vn 0.382148699009826 0 0.9241008450624301
vn -0.38028675413738183 0 -0.924868631010726
vn 0.4144058035642078 0 0.9100922095987325
vn -0.41174950257320164 0 -0.9112970685406164
vn 0.4380062248694142 0 0.8989719389255955
vn -0.43392722452600857 0 -0.9009479251406016
vn 0.428670425802301 0 0.9034609377513089
vn -0.4236526706051611 0 -0.9058247152121183
vn 0.4070576327180337 0 0.9134024762644288
vn -0.4036506920070658 0 -0.9149131755758122
vn 0.3859717783195143 0 0.9225105887418701
vn -0.3840526299646077 0 -0.9233112029090019
vn 0.37113289874371974 0 0.9285797604245336
vn -0.3698777240900559 0 -0.9290804428153467
vn 0.2730112859134161 0 0.9620108303776538
vn -0.27325542608643777 0 -0.961941511794932
vn -0.08391300862714891 0 0.9964730839230632
vn 0.0691013921282385 0 -0.9976096418970395
vn -0.45525209063928374 0 0.8903625856742644
vn 0.43916371398651055 0 -0.8984070526869069
vn -0.6214165388761005 0 0.7834803668320273
vn 0.6160275967812435 0 -0.7877245711566484
vn -0.63006250819972 0 0.7765444196960518
vn 0.6281168489314604 0 -0.7781190295118177
vn -0.5137378334822202 0 0.8579472235802121
vn 0.5126782984332607 0 -0.858580783802885
vn -0.28590812153252304 0 0.9582570354773003
vn 0.28466020187767765 0 -0.9586284835466552
vn -0.013606369269357639 0 0.9999074290729648
vn 0.012025088864528721 0 -0.9999276960049662
vn 0.20007085034085234 0 0.9797814321795899
vn -0.20153425171690875 0 -0.9794814676066648
vn 0.3935983431542752 0 0.919282516023344
vn -0.3930687520447795 0 -0.9195090843303071
vn 0.5785959771354781 0 0.8156143054426165
vn -0.5776419605315954 0 -0.8162902458275578
vn 0.7751811007229714 0 0.6317390767412782
vn -0.7743267047061064 0 -0.6327860257456562
vn 0.9420722555875459 0 0.33540999575473845
vn -0.9418109557628844 0 -0.33614301064428237
vn 0.9995308498491385 0 -0.030628094943349747
vn -0.9995284143981947 0 0.030707471576648715
vn 0.9363489512343494 0 -0.35107070729745304
vn -0.9363207503988851 0 0.35114591322193833
vn 0.8240329537471915 0 -0.5665418705962332
vn -0.8239799945882905 0 0.5666188917767224
vn 0.8196013088105628 0 -0.5729342847098722
vn -0.8252650110110447 0 0.5647456609846068
vn 0.8237100924110747 0 -0.5670111847751673
vn -0.831323459977871 0 0.5557889031731572
vn 0.8583634147301838 0 -0.5130421505614705
vn -0.8660239381099255 0 0.5000025386141314
vn 0.911894553688659 0 -0.41042456426603113
vn -0.920470403513367 0 0.3908122775143322
vn 0.9146389334560655 0 0.4042717172971057
vn -0.6739923945900741 0 -0.7387382838561556
vn 0.9563664625255625 0 -0.292169795420988
vn -0.9829177557101542 0 -0.18404533547393714
vn 0.9692478433418229 0 -0.24608660706593752
vn -0.9816458837381495 0 0.19071276554008582
vn 0.5170881894337761 0 0.8559321260170689
vn -0.4724442918016182 0 -0.8813605341425651
vn 0.326561257795336 0 0.9451760391097145
vn -0.2934740363230554 0 -0.9559670444132758
vn -0.16680259662566135 0 0.9859903111891806
vn 0.03269698788819435 0 -0.9994653105451131
vn -0.4178428299034609 0 0.9085193280818342
vn 0.36202832406529306 0 -0.9321670947713587
vn -0.6004179088910055 0 0.7996863977103477
vn 0.5884112397264135 0 -0.8085618176513315
vn -0.7315066801703235 0 0.6818342737544015
vn 0.7281332616074208 0 -0.685435593867826
vn -0.8159045820986648 0 0.57818657275174
vn 0.8145598275053466 0 -0.580079552660202
vn -0.8708358365381216 0 0.49157394743919286
vn 0.870139390613079 0 -0.49280568270211733
vn -0.9080147507559673 0 0.4189381964079891
vn 0.9076950574432301 0 -0.41963041202125867
vn -0.9408724702042593 0 0.33876097002419725
vn 0.9409943658321831 0 -0.33842222662243665
vn -0.9639865189479536 0 0.2659511069475114
vn 0.9643258008219252 0 -0.2647182461961261
vn -0.974269610961158 0 0.22538572527468054
vn 0.9746213029815363 0 -0.2238600361265333
vn -0.9675392484872347 0 0.25272079977072986
vn 0.9679926243423609 0 -0.2509786429535177
vn -0.9315041451928847 0 0.36373070737631324
vn 0.9320453525604985 0 -0.3623416354359189
vn -0.8526811088322449 0 0.5224317435231264
vn 0.853081009723172 0 -0.521778488297183
vn -0.7472312744284375 0 0.6645640845818055
vn 0.7475767782504784 0 -0.664175398987824
vn -0.641577584135356 0 0.7670581487312682
vn 0.6407750343537905 0 -0.7677286990525356
vn -0.6503793122764588 0 0.7596096037852605
vn 0.6509541363445588 0 -0.759117061049157
vn -0.7411473479451295 0 0.6713423929962277
vn 0.7379571789032633 0 -0.6748475398970771
vn -0.837980496270851 0 0.5457001812989055
vn 0.8346252258603138 0 -0.5508182389478588
vn -0.9137674039874543 0 0.40623777693615404
vn 0.9108859017923613 0 -0.41265830164425016
vn -0.9582893499960542 0 0.28579979300926706
vn 0.9563424227631304 0 -0.2922484737745371
vn -0.9782778836652435 0 0.20729781072517986
vn 0.9771177971661597 0 -0.21269887273126697
vn -0.9848245547662496 0 0.17355286321308108
vn 0.9841146908024919 0 -0.1775338709844292
vn -0.9843245346559748 0 0.1763666932113291
vn 0.9838199221287489 0 -0.17916015411520114
vn -0.9999976157888794 0 0.0021836704322961593
vn 0.9999873184917312 0 -0.0050361548543848
vn -0.951755794928383 0 -0.3068564922243655
vn 0.9516705041402342 0 0.30712090705367556
vn -0.7873004934716479 0 -0.6165694875513221
vn 0.7805020644414008 0 0.6251532031452063
vn -0.2736283655514218 0 -0.961835494024658
vn 0.2738901032388264 0 0.9617609949191249
vn 0.38056814700055447 0 -0.9247528780644938
vn -0.3732899033719944 0 0.9277147449731125
vn 0.4568754884366583 0 -0.8895306560573193
vn -0.45774373216984365 0 0.8890841780502127
vn 0.6614679530275117 0 -0.7499734309411191
vn -0.6610303504721096 0 0.7503591645037195
vn 0.8020179276689705 0 -0.5972999612402213
vn -0.8019445349829177 0 0.597398495822539
vn 0.8353227822291447 0 -0.5497598107255216
vn -0.8355507387960563 0 0.5494132896985331
vn 0.7802400649602528 0 -0.6254801683753214
vn -0.7805355967714994 0 0.6251113358215153
vn 0.6664686031185699 0 -0.7455330985658397
vn -0.6668577877402677 0 0.7451850044989875
vn 0.4748659854360529 0 -0.8800581207374015
vn -0.4747943062300899 0 0.8800967939786442
vn 0.24737434502542077 0 -0.9689199829827252
vn -0.24671659441030758 0 0.9690876751061174
vn 0.06557850523209859 0 -0.997847413010388
vn -0.065176773630066 0 0.9978737335851541
vn -0.0380169319895585 0 -0.9992770951453362
vn 0.03797445831954804 0 0.999278710128129
vn -0.07956782102611179 0 -0.9968294547499872
vn 0.07931485882409195 0 0.9968496141192584
vn -0.00563440668494405 0 -0.9999841266046721
vn 0.0053920616032299955 0 0.9999854627301675
vn 0.13937125844910117 0 -0.9902401993043477
vn -0.139099141208419 0 0.9902784602903774
vn 0.25096482432854056 0 -0.9679962070947102
vn -0.25080357192822683 0 0.9680379994132683
vn 0.33373823668040614 0 -0.9426657888018708
vn -0.3336482977147299 0 0.9426976256637454
vn 0.3928994141376026 0 -0.9195814539073354
vn -0.3928510021606177 0 0.9196021368512572
vn 0.43274516023041126 0 -0.901516292862839
vn -0.43272052023460583 0 0.9015281201204387
vn 0.45597709498909456 0 -0.8899915105467617
vn -0.45596673228976276 0 0.8899968196825179
vn 0.46345362661024486 0 -0.8861211745477092
vn -0.4634719278000832 0 0.886111602531687
vn 0.5073868072100779 0 -0.8617184156493137
vn -0.5076459899740554 0 0.861565754230785
vn 0.6125947878865264 0 -0.7903971317345868
vn -0.612818021472069 0 0.7902240647810336
vn 0.720487639471001 0 -0.693467779618855
vn -0.720529722525182 0 0.6934240542105417
vn 0.8025148756677135 0 -0.596632109705834
vn -0.8025079782338732 0 0.5966413871589712
vn 0.8419636246691511 0 -0.5395342943075864
vn -0.8420983485311211 0 0.5393239948316397
vn 0.8424238891598936 0 -0.5388153588871789
vn -0.8426291886800427 0 0.5384942435945005
vn 0.813493320006935 0 -0.5815742586326315
vn -0.8136696179650287 0 0.5813275778772624
vn 0.7651589138741551 0 -0.6438414684679166
vn -0.7653051211265582 0 0.6436676716889423
vn 0.6984100944887791 0 -0.7156977992953274
vn -0.6985175291632866 0 0.7155929439643861
vn 0.594189683904282 0 -0.8043249464872574
vn -0.5941580741320268 0 0.8043482970353831
vn 0.4550158638116225 0 -0.8904833315002383
vn -0.45481325504478826 0 0.8905868307108322
vn 0.30369973191724875 0 -0.95276779586287
vn -0.30332773448201006 0 0.9528862920065602
vn 0.17626973470296112 0 -0.9843419023021156
vn -0.17594256049147486 0 0.9844004344816717
vn 0.09619234443241309 0 -0.9953627644595693
vn -0.09604329126930475 0 0.9953771577659192
vn 0.06536974081564526 0 -0.9978611110699201
vn -0.06534631633156258 0 0.9978626453284517
vn 0.0736084039545506 0 -0.9972872218509891
vn -0.07360398632455065 0 0.9972875479003713
vn 0.059675731447617876 0 -0.9982178154472058
vn -0.059019181753186704 0 0.9982568488045471
vn -0.0009692682527506772 0 -0.9999995302594169
vn 0.002447072106994173 0 0.9999970059145694
vn -0.10669518330715505 0 -0.9942917770247588
vn 0.10816555128552784 0 0.9941328952987615
vn -0.25796683647496016 0 -0.966153772066901
vn 0.25963165915562586 0 0.9657077205677177
vn -0.4203891904797957 0 -0.9073438865875179
vn 0.42247804094195424 0 0.9063731598639981
vn -0.542621216490713 0 -0.8399775088739809
vn 0.5446438804945518 0 0.8386674212343272
vn -0.6057128507031951 0 -0.7956833179682788
vn 0.6072410937895479 0 0.7945176234755739
vn -0.6223665486283079 0 -0.78272592850147
vn 0.623547739001632 0 0.7817852756262123
vn -0.5959593859826225 0 -0.8030145766168977
vn 0.5963323906500014 0 0.8027376158257781
vn -0.5505398207824651 0 -0.834808903721571
vn 0.5508745107362222 0 0.8345880860766753
vn -0.46529127434012135 0 -0.8851576300427774
vn 0.46590731837191784 0 0.8848335271041036
vn -0.33414166189997835 0 -0.9425228643288822
vn 0.3352901836127938 0 0.9421149042303169
vn -0.17968970489333344 0 -0.9837233401497328
vn 0.18143816118077208 0 0.9834023559394904
vn -0.05892050239587917 0 -0.9982626780549382
vn 0.060370017008647754 0 0.9981760671576813
vn -0.0019519114982382612 0 -0.9999980950189371
vn 0.002838727502210903 0 0.9999959708049669
vn 0.003178574651060349 0 -0.9999949483188341
vn -0.0025828474264993915 0 0.9999966644440229
vn 0.04346922249061843 0 -0.9990547666149545
vn -0.04327442231192433 0 0.9990632234115965
vn 0.14590774205260618 0 -0.989298201155299
vn -0.14594579637544144 0 0.989292587923481
vn 0.2579372273171545 0 -0.9661616773418096
vn -0.257826984684772 0 0.9661911021989171
vn 0.35585964643718676 0 -0.9345394117091054
vn -0.35561129135948577 0 0.9346339440966389
vn 0.4171876693261946 0 -0.9088203609967032
vn -0.41699583226378667 0 0.9089083979558293
vn 0.4342654313488451 0 -0.9007849549894811
vn -0.4342271544924808 0 0.9008034071324129
vn 0.41376346750662146 0 -0.9103844204273803
vn -0.4138159473513371 0 0.9103605668732119
vn 0.36865595285576186 0 -0.9295659139749103
vn -0.36883038540126367 0 0.929496716941354
vn 0.23215429678619803 0 -0.972678971955139
vn -0.23191000325789216 0 0.9727372463255041
vn 0.10979702230492241 0 -0.9939540300702908
vn -0.1092619841646261 0 0.9940129872473544
vn 0.02500782760504763 0 -0.9996872553746378
vn -0.024380427031341058 0 0.9997027532110581
vn -0.06673809379872694 0 -0.9977705281456816
vn 0.06729714693980757 0 0.9977329773109447
vn -0.18820712763277495 0 -0.9821293586428523
vn 0.18862579331038085 0 0.9820490365037938
vn -0.36858203923464805 0 -0.9295952239300869
vn 0.36857765941990844 0 0.9295969605030678
vn -0.6381665883000571 0 -0.7698983085950155
vn 0.637535387968637 0 0.770421072588023
vn -0.9225604407395149 0 -0.3858526055147379
vn 0.9229225063774849 0 0.38498577535007905
vn -0.997569994242027 0 0.06967141873080078
vn 0.9975482342623485 0 -0.06998228575911676
vn -0.8706392290748465 0 0.49192208000450377
vn 0.8706043957067332 0 -0.49198372551956837
vn -0.6257496551350051 0 0.7800239541824485
vn 0.625628392582751 0 -0.7801212177567812
vn -0.39677433661431005 0 0.9179161866991313
vn 0.39707854941591864 0 -0.9177846291988933
vn -0.22123596781824853 0 0.9752203066710224
vn 0.22179688004422057 0 -0.975092889935441
vn -0.0845033659826616 0 0.9964231937974951
vn 0.08517225980473467 0 -0.996366240977561
vn 0.032858822689080004 0 0.999460003087411
vn -0.03211662393481692 0 -0.9994841281716431
vn 0.1480215311627366 0 0.9889841385544255
vn -0.14736746943736723 0 -0.9890818110508487
vn 0.09767696423225594 0 0.9952181723915469
vn -0.09244591941669034 0 -0.9957177069748249
vn -0.31366563458057517 0 0.9495335010852253
vn 0.3372069405912188 0 -0.941430549332828
vn -0.8622736474357183 0 0.5064426492090713
vn 0.8475678871613255 0 -0.5306869855695416
vn -0.9619296761868579 0 0.2732970875641507
vn 0.9616168114022575 0 -0.27439589652280705
vn -0.9791761264577425 0 0.20301259412955389
vn 0.9791912954450229 0 -0.20293941688271847
vn -0.9626530593405149 0 0.27073804191939366
vn 0.9627621555193722 0 -0.2703498324388097
vn -0.8971039495217552 0 0.4418195375404625
vn 0.8973081853803877 0 -0.44140459948822014
vn -0.747087752999071 0 0.6647254240051294
vn 0.747322754328474 0 -0.6644612109543366
vn -0.4918712218529962 0 0.8706679626085027
vn 0.49218078027040585 0 -0.8704930094678616
vn -0.13839595022083107 0 0.9903769792167392
vn 0.137589024459583 0 -0.9904894044603709
vn 0.13822473053599135 0 0.9904008904823605
vn -0.13896449324264246 0 -0.9902973642385482
vn 0.26792764425410065 0 0.9634390367036455
vn -0.2681432391739386 0 -0.963379054830085
vn 0.26778589750022186 0 0.9634784445435199
vn -0.267541602366237 0 -0.963546309734673
vn 0.13809991260955506 0 0.990418302606143
vn -0.1370150628248432 0 -0.9905689640601024
vn -0.145176025922517 0 0.9894058426638407
vn 0.14662595719220958 0 -0.989192007993124
vn -0.518245032786737 0 0.8552321825047711
vn 0.5155214067164143 0 -0.8568767001250119
vn -0.6150644890706148 0 0.7884768064339646
vn 0.6152546277103725 0 -0.7883284487324882
vn -0.5121753296729616 0 0.8588809182153211
vn 0.5122667570358277 0 -0.8588263908590584
vn -0.37571377415735363 0 0.9267357551688815
vn 0.37592292462767496 0 -0.926650934677873
vn -0.18540139149146875 0 0.9826628740483825
vn 0.18580175380872427 0 -0.9825872522486755
vn 0.07566111933565928 0 0.9971335893554459
vn -0.07518318614146868 0 -0.9971697390723495
vn 0.3881515988255649 0 0.9215955383622243
vn -0.38804660067904434 0 -0.9216397537549248
vn 0.6730273774140288 0 0.7396175695933639
vn -0.6733100582803687 0 -0.7393602406259662
vn 0.8593956948975764 0 0.5113110986390884
vn -0.8597472130509505 0 -0.5107198152129244
vn 0.9330056781116526 0 0.35986164648572305
vn -0.9330465096365902 0 -0.3597557655618271
vn 0.9542093192305043 0 0.2991397250344019
vn -0.9540985536948844 0 -0.299492821011339
vn 0.9589050865047927 0 0.28372704325678266
vn -0.9587681935327457 0 -0.28418928739478516
vn 0.9496003146007764 0 0.3134633032910022
vn -0.9493917840413221 0 -0.31409431767358625
vn 0.918305733548727 0 0.3958719233938349
vn -0.9178646577332218 0 -0.3968935248706834
vn 0.839543947873775 0 0.5432917812635456
vn -0.8382524482600949 0 -0.5452823424483475
vn 0.6577150789757684 0 0.7532668019287049
vn -0.6542424544790986 0 -0.7562848740766702
vn 0.3130454227219189 0 0.9497381551316423
vn -0.3128837240668859 0 -0.9497914377451698
vn -0.00012114251853331312 0 0.9999999926622452
vn 0.008418012762633098 0 -0.9999645679028474
vn -0.6462982940645849 0 0.7630848675535424
vn 0.6520029733612841 0 -0.7582164089018681
vn -0.8026557410290168 0 0.5964425885138988
vn 0.8052036566844324 0 -0.5929983737431486
vn -0.3342468296830379 0 0.9424855738136464
vn 0.35188943276940865 0 -0.9360415733850843
vn -0.8730389563670805 0 0.4876504697685416
vn 0.8742775323944239 0 -0.48542640672950343
vn -0.9006229026529947 0 0.4346014118901303
vn 0.9014296961685919 0 -0.4329255165330407
vn -0.9075285997675862 0 0.419990286320868
vn 0.9081540873294974 0 -0.41863606350471994
vn -0.9025926074767111 0 0.4304957432175047
vn 0.9036241363019137 0 -0.4283263011917672
vn -0.6898361346089859 0 0.7239655429561087
vn 0.6921185252291722 0 -0.7217838644875596
vn -0.11793172155480276 0 0.9930217062336153
vn 0.11368026166795377 0 -0.9935173869173632
vn 0.24786456490825967 0 0.9687946931434127
vn -0.24871828371254476 0 -0.9685758696906951
vn 0.40420266812394573 0 0.9146694501739322
vn -0.40368872569889347 0 -0.9148963945407171
vn 0.46999309993858174 0 0.8826700889970854
vn -0.46926036156789946 0 -0.8830598581416574
vn 0.4892676177869375 0 0.8721337043051915
vn -0.48846065900343033 0 -0.8725859181799435
vn 0.4729333726888657 0 0.881098192596679
vn -0.4720026355332794 0 -0.8815971370470972
vn -0.44027780647805265 0 -0.8978616002051064
vn 0.4430711658891397 0 0.8964864427071046
vn -0.5247620252208092 0 -0.8512489746755382
vn 0.5288591394288807 0 0.8487096150289238
vn -0.6187505753024712 0 -0.7855875034411258
vn 0.622337929455811 0 0.7827486835253408
vn -0.652460407387747 0 -0.7578228135860091
vn 0.6541141482902544 0 0.7563958494112163
vn -0.5806212574857509 0 -0.814173786949485
vn 0.5804298113753324 0 0.8143102811992468
vn -0.4614036895152588 0 -0.887190303881702
vn 0.4609657174111629 0 0.8874179440216499
vn -0.38265346705240033 0 -0.9238919439808845
vn 0.3818868595718889 0 0.924209081586153
vn -0.4107252955288427 0 -0.9117591412279589
vn 0.4100421626085906 0 0.9120665682302309
vn -0.4713352216816011 0 -0.8819541421198475
vn 0.4706738774541003 0 0.8823072600190496
vn -0.4881088207777884 0 -0.8727827788624825
vn 0.48743224999880447 0 0.8731608108825678
vn -0.46914107433642416 0 -0.8831232373629775
vn 0.46842687776013225 0 0.8835022694888194
vn -0.4040597592701152 0 -0.9147325898526721
vn 0.4032932293109418 0 0.9150708011907889
vn -0.2544129083051954 0 -0.9670956892095488
vn 0.2529782738951876 0 0.9674719597678331
vn 0.6985907524625397 0 -0.7155214605962722
vn -0.6862500951756929 0 0.7273656624225208
vn 0.037516563921027736 0 -0.9992960059119419
vn -0.05823615155977179 0 0.9983028351414753
vn 0.9056707032777412 0 -0.42398181237454274
vn -0.9054035289765038 0 0.4245520577230703
vn 0.9095199045572703 0 -0.4156603700307912
vn -0.9098935278592051 0 0.4148418589775266
vn 0.9023928231236139 0 -0.43091436826241253
vn -0.9029517869864122 0 0.4297418648189228
vn 0.8735673857719608 0 -0.4867032181068276
vn -0.8745775824547699 0 0.4848856074040248
vn 0.7974774424204916 0 -0.6033487621852485
vn -0.7995376462724216 0 0.600615977304264
vn 0.6243332726667454 0 -0.7811580919642526
vn -0.6277601168675317 0 0.77840685741485
vn 0.3292736910772324 0 -0.9442345240269365
vn -0.33240842176887186 0 0.943135536991968
vn 0.008537118595281435 0 -0.9999635581390405
vn -0.010971062364765364 0 0.9999398160842424
vn -0.32179586605104643 0 -0.9468090729352233
vn 0.3203259858980216 0 0.9473073750153436
vn -0.6490997819551428 0 -0.7607032753089645
vn 0.649212104035687 0 0.7606074177744763
vn -0.8359604888092416 0 -0.5487896328738493
vn 0.8359882833719727 0 0.5487472916240977
vn -0.9174752570569848 0 -0.3977928514795357
vn 0.9173663484033991 0 0.3980439458364034
vn -0.9494108298859446 0 -0.31403674322486885
vn 0.9492835153495489 0 0.3144213852230841
vn -0.9588668902318724 0 -0.28385610230724057
vn 0.9587402236833236 0 0.284283632120548
vn -0.9542532386606872 0 -0.2989995928184343
vn 0.9541098543126122 0 0.2994568180949732
vn -0.9333503356637453 0 -0.3589667824693176
vn 0.9331670725416544 0 0.35944292276248624
vn -0.8623648959764937 0 -0.5062872565919976
vn 0.8618549353432253 0 0.5071548781432799
vn -0.6777144291561066 0 -0.7353252018757501
vn 0.6770395124235814 0 0.7359466683240296
vn -0.3879632979650909 0 -0.9216748230433823
vn 0.38820933919209744 0 0.9215712175214865
vn -0.07046053468541683 0 -0.9975145678394103
vn 0.07157908018590602 0 0.9974349278422827
vn 0.18923303726572507 0 -0.9819322062175111
vn -0.18850055030160204 0 0.9820730841113575
vn 0.3774904883941761 0 -0.9260134616580509
vn -0.37716964826848726 0 0.9261441877078459
vn 0.5128814134258675 0 -0.8584594665808543
vn -0.5127528033832678 0 0.8585362908011518
vn 0.615684037668213 0 -0.787993125452606
vn -0.6153807058532085 0 0.7882300342308755
vn 0.509233073698703 0 -0.8606286520046678
vn -0.5104599166885555 0 0.8599015486986362
vn -0.1315420654317986 0 -0.991310589584282
vn 0.13237616701059865 0 0.9911995512547321
vn 0.15271362147860887 0 -0.9882704841362452
vn -0.15188269838227103 0 0.9883985258650078
vn -0.26615108269182775 0 -0.9639313259677622
vn 0.26643477774328767 0 0.9638529499923135
vn -0.26935640306124103 0 -0.9630405641144668
vn 0.2691508635342575 0 0.9630980285821188
vn -0.1442592289188565 0 -0.9895399309132183
vn 0.14315733115417723 0 0.9896999436883955
vn 0.1310259341298144 0 -0.9913789409632473
vn -0.13273442525884105 0 0.991151639433243
vn 0.4976959101528736 0 -0.8673515901969067
vn -0.4968607483010921 0 0.8678302811020591
vn 0.7472800489672846 0 -0.6645092387735876
vn -0.7469478903806797 0 0.6648825829090819
vn 0.898585446686017 0 -0.4387985813606187
vn -0.898258017083019 0 0.4394684684321312
vn 0.96339745644625 0 -0.2680771174734914
vn -0.9632545672404134 0 0.26859009417788327
vn 0.9792111195161125 0 -0.2028437413774495
vn -0.9792013659214098 0 0.2028908203385393
vn 0.9589142634221444 0 -0.2836960264183598
vn -0.9592601067047184 0 0.2825244196257242
vn 0.8178626658332093 0 -0.5754134685912352
vn -0.8196624350664671 0 0.5728468316582624
vn 0.3917046625378411 0 -0.9200910049262064
vn -0.3908402258929735 0 0.9204585367217415
vn -0.07124177728030778 0 -0.9974590764386994
vn 0.07321650646740407 0 0.9973160698498288
vn -0.1474881627476557 0 -0.9890638209182061
vn 0.14626737200812964 0 0.989245093940746
vn -0.03262997242089729 0 -0.9994675006721389
vn 0.03180788857479045 0 0.9994940010947608
vn 0.08420595234467422 0 -0.9964483717632975
vn -0.08508292301524836 0 0.9963738737096539
vn 0.22040348666415518 0 -0.9754087876712428
vn -0.22136156447503325 0 0.9751918056327001
vn 0.3948431598344619 0 -0.9187485396624792
vn -0.3959732476795751 0 0.9182620470879159
vn 0.6219960497556107 0 -0.7830203791016016
vn -0.6234478935232145 0 0.7818649014129401
vn 0.8704270971369404 0 -0.49229733756111216
vn -0.871140390241958 0 0.4910340319052126
vn 0.9984721992600561 0 -0.0552563779557356
vn -0.9984053428358098 0 0.05645149596697173
vn -0.10919275717413296 0 0.9940205942437567
vn 0.10874463011001752 0 -0.9940697185923307
vn -0.025317891805120462 0 0.9996794508013778
vn 0.024580852822813103 0 -0.9996978451884867
vn 0.06609543785426628 0 0.9978133057315145
vn -0.06686468942904353 0 -0.9977620524491586
vn 0.18695629187290547 0 0.9823682328582969
vn -0.18783522520029053 0 -0.9822005539470827
vn 0.36501813547877215 0 0.9310004085775692
vn -0.36632908290892585 0 -0.9304853588397323
vn 0.6295222679530155 0 0.7769824413404025
vn -0.6318280250168393 0 -0.7751086032313927
vn 0.9255645864093879 0 0.37858974680360646
vn -0.9254933771739977 0 -0.3787637902533298
vn -0.04418818696097969 0 0.9990232250218719
vn 0.04363740199670458 0 -0.9990474348833385
vn -0.1465218387939437 0 0.9892074356556574
vn 0.1464906272730101 0 -0.9892120582166192
vn -0.25824183646548116 0 0.9660803040632471
vn 0.25819653801895787 0 -0.9660924116020294
vn -0.3556200101367811 0 0.9346306267132037
vn 0.3555530529120931 0 -0.9346561006942022
vn -0.4169318222931411 0 0.9089377622033978
vn 0.41684358674786975 0 -0.9089782308653883
vn -0.43431340279393854 0 0.9007618265410398
vn 0.43425010454505153 0 -0.9007923438299261
vn -0.41388720576525234 0 0.9103281720917089
vn 0.4138878340150678 0 -0.9103278864531812
vn -0.3690451985334062 0 0.9294114489500541
vn 0.3688197439825837 0 -0.9295009394554808
vn -0.22296140973134415 0 0.9748272717618296
vn 0.22315858209303538 0 -0.9747821537339645
vn 0.17343427984360418 0 0.9848454450192327
vn -0.17523772687678918 0 -0.9845261495151136
vn 0.05529957659071034 0 0.9984698076701611
vn -0.05680706674296392 0 -0.9983851747537424
vn -0.0010920307109444744 0 0.9999994037342854
vn -0.00010675510648493176 0 -0.9999999943016737
vn -0.005919154556334399 0 0.9999824816512229
vn 0.004944163352039969 0 -0.99998777754968
vn 0.3248838914726302 0 0.9457539093557056
vn -0.3267284151333092 0 -0.9451182691835324
vn 0.457658240554061 0 0.8891281880881753
vn -0.45912165710417463 0 -0.8883734034615832
vn 0.5459238459149028 0 0.8378348014146234
vn -0.5466675928095803 0 -0.8373497136631617
vn 0.5938537737202528 0 0.8045729895032612
vn -0.5947413098719403 0 -0.8039171439469422
vn 0.6140110059206427 0 0.7892974626896507
vn -0.6160014219469617 0 -0.7877450400728152
vn 0.598183945106789 0 0.8013588258804405
vn -0.6006174048813139 0 -0.7995365738686606
vn 0.5394053307942401 0 0.8420462511707754
vn -0.5419562979914986 0 -0.840406670051678
vn 0.42262009876933754 0 0.9063069304138612
vn -0.4249071491732458 0 -0.9052369383655668
vn 0.25845466589223876 0 0.9660233877492468
vn -0.2609100852287297 0 -0.9653631065179241
vn 0.10479030390239528 0 0.9944943399577717
vn -0.10718970195598632 0 -0.9942385869571684
vn -0.00045338397854110033 0 0.9999998972214789
vn -0.0015009302319642908 0 -0.9999988736035851
vn -0.06012261281359855 0 0.9981909994727794
vn 0.05933499740389244 0 -0.998238126943206
vn -0.07366835507028194 0 0.9972827951294654
vn 0.07366455381607277 0 -0.997283075917304
vn -0.06530453030313807 0 0.9978653808615101
vn 0.06529867075873236 0 -0.9978657643175973
vn -0.09558044381597247 0 0.9954217090057569
vn 0.09559661602431523 0 -0.995420156016895
vn -0.17477881034683873 0 0.9846077226254849
vn 0.17482646299417134 0 -0.9845992625616514
vn -0.30206030131075434 0 0.9532888200183911
vn 0.30206389179259546 0 -0.9532876823263328
vn -0.4547197381059109 0 0.890634582630212
vn 0.4545521236642052 0 -0.8907201394783667
vn -0.5948971368989934 0 0.803801839080616
vn 0.5946747101845048 0 -0.8039664104096484
vn -0.6990321586217085 0 0.7150902329165703
vn 0.6989712915006487 0 -0.7151497281394402
vn -0.7652547472098403 0 0.643727560286806
vn 0.7653532970948845 0 -0.6436103872887615
vn -0.8137650800059354 0 0.5811939388559844
vn 0.8138791247767095 0 -0.5810342246827611
vn -0.8426550920140233 0 0.5384537082264713
vn 0.8428075834780128 0 -0.5382149916454881
vn -0.8415134105189677 0 0.5402362260314791
vn 0.8417438548286366 0 -0.5398770997720014
vn -0.8013842827702163 0 0.5981498401979775
vn 0.8016471770859351 0 -0.5977974602406331
vn -0.7200974042264249 0 0.6938729915671634
vn 0.7202755487916152 0 -0.6936880666502326
vn -0.6132442041818214 0 0.7898933763726624
vn 0.6133375455775639 0 -0.7898209007014755
vn -0.5081788746537936 0 0.8612515494067945
vn 0.5081062743333689 0 -0.8612943828814069
vn -0.4634893891992913 0 0.8861024693000623
vn 0.46347315241264514 0 -0.8861109620090957
vn -0.45594210031257365 0 0.8900094388053192
vn 0.455942658306608 0 -0.8900091529508579
vn -0.43267596539119846 0 0.9015495044493089
vn 0.4326739379672723 0 -0.9015504774575261
vn -0.3927816334134547 0 0.9196317678576893
vn 0.39277261453474577 0 -0.9196356198362153
vn -0.333541279047737 0 0.9427354958689101
vn 0.33351876327091284 0 -0.9427434616831034
vn -0.2506450504446576 0 0.9680790560112306
vn 0.25059807052916144 0 -0.9680912183503482
vn -0.13890209207072168 0 0.9903061187422689
vn 0.13881345014490065 0 -0.9903185477708015
vn 0.0054958940953989885 0 0.9999848974600027
vn -0.005667861533824417 0 -0.9999839375438155
vn 0.07962554092409553 0 0.996824845814221
vn -0.07941868295528065 0 -0.9968413478571446
vn 0.038886275543801405 0 0.9992436427490202
vn -0.03858523741797305 0 -0.9992553124469236
vn -0.06216205598699716 0 0.9980660693538627
vn 0.06267313009939683 0 -0.9980341070141562
vn -0.2411197629312397 0 0.9704953683166051
vn 0.24197247296064633 0 -0.9702831145234412
vn -0.47481557399500246 0 0.8800853201206099
vn 0.4746649498151114 0 -0.8801665668593744
vn -0.6702915616154351 0 0.7420978523261885
vn 0.6697715309849477 0 -0.7425672335095855
vn -0.8357400493152126 0 0.5491252771186244
vn 0.83584741412418 0 -0.5489618386572258
vn -0.7819054029107921 0 0.6233970972814293
vn 0.781815456052124 0 -0.6235098978187995
vn -0.8009930318570904 0 0.5986736698038309
vn 0.8012553963494643 0 -0.5983224797890041
vn -0.6604479300230831 0 0.7508718477398288
vn 0.659456850956346 0 -0.7517424171395012
vn -0.43616215859661583 0 0.8998680855594007
vn 0.43191091008635535 0 -0.9019162742452187
vn -0.20817857448800195 0 0.9780908348022403
vn 0.20639834626561815 0 -0.9784680488696695
vn 0.24288184977984173 0 0.9700558783119263
vn -0.24568387383866352 0 -0.969350006001768
vn 0.658040526171985 0 0.7529825136849441
vn -0.6566516269721685 0 -0.7541940339162094
vn 0.9297853718540837 0 0.3681021085054571
vn -0.9283892055100267 0 -0.37160931513144474
vn 0.99999709124129 0 0.0024119512763447586
vn -0.9999995344082981 0 -0.0009649783349034408
vn 0.9840540642687846 0 -0.17786961122149791
vn -0.9835115808193189 0 0.18084515584965102
vn 0.9836956244264867 0 -0.17984137033559516
vn -0.9832392810488098 0 0.1823198184581699
vn 0.9759892980457301 0 -0.21781847970317658
vn -0.9753507336955846 0 0.22066025079176566
vn 0.9545655485261366 0 -0.29800102947304774
vn -0.9535484306662826 0 0.3012397556330671
vn 0.9095147102174883 0 -0.4156717357458871
vn -0.9079484134301379 0 0.41908194729634407
vn 0.8351525594307108 0 -0.550018365580944
vn -0.8331021210397169 0 0.553119205885246
vn 0.7398778487800224 0 -0.672741234714096
vn -0.7376266849693849 0 0.6752087629919178
vn 0.6406093758529264 0 -0.7678669335043177
vn -0.6394174721201757 0 0.7688597377593941
vn 0.6517783388623478 0 -0.758409517997921
vn -0.652455336320306 0 0.7578271795780067
vn 0.7482516910275386 0 -0.6634149582835988
vn -0.7486878562885428 0 0.6629226907008587
vn 0.8546398380489904 0 -0.5192212892588245
vn -0.8548352606100782 0 0.5188994866230836
vn 0.934478314114119 0 -0.3560200562474451
vn -0.9345530693449831 0 0.35582377742060967
vn 0.9689283785165919 0 -0.24734145892916584
vn -0.96917380931178 0 0.24637801716893004
vn 0.9744499776310884 0 -0.22460463284351795
vn -0.9747762718025195 0 0.22318427348444791
vn 0.9637867541264197 0 -0.26667413179845617
vn -0.9641431942344716 0 0.26538255596657107
vn 0.9406066967733009 0 -0.33949822088667836
vn -0.940754621021618 0 0.3390881051090885
vn 0.908312307033521 0 -0.4182926641616402
vn -0.9080255390527915 0 0.418914812853267
vn 0.8710243495827984 0 -0.4912398420668497
vn -0.8705466168731897 0 0.4920859557543214
vn 0.8157386073703109 0 -0.5784207157818139
vn -0.8150089615156991 0 0.579448352011723
vn 0.7298311670248113 0 -0.6836274333576747
vn -0.7285739409949654 0 0.6849671616238729
vn 0.591753612347855 0 -0.8061188884235779
vn -0.5893432824855134 0 0.8078827237843377
vn 0.37331228213641454 0 -0.9277057399876872
vn -0.3688710985055999 0 0.9294805606828324
vn 0.06892990694083773 0 -0.9976215053461546
vn -0.06242756394644496 0 0.9980494973996593
vn -0.2622468617229259 0 -0.9650008204745095
vn 0.2655317503784212 0 0.9641021157226926
vn -0.50543073688265 0 -0.8628671799380607
vn 0.4972159233272173 0 0.8676268354482028
vn -0.8290285496426835 0 -0.5592062802556395
vn 0.8224857289577033 0 0.5687857467104075
vn -0.9904397949402722 0 -0.13794568713327546
vn 0.9889693261991254 0 0.14812046393813413
vn -0.39755402990728184 0 -0.9175787668121359
vn 0.39732198659142137 0 0.9176792680294387
vn -0.5748594662112545 0 -0.818252158021787
vn 0.5757949024157692 0 0.8175941721612349
vn -0.7645859470484754 0 -0.644521783631854
vn 0.7677234801730071 0 0.6407812871729687
vn -0.9384890939938985 0 -0.3453088768834531
vn 0.939759821250651 0 0.34183545509929875
vn -0.9991677692422806 0 0.040789323448726454
vn 0.9992627440513564 0 -0.03839229546346131
vn -0.9334713143684005 0 0.35865206712262343
vn 0.9341782462141768 0 -0.35680667636719593
vn -0.8225102771219094 0 0.5687502474978273
vn 0.8228792164795148 0 -0.5682163277186427
vn -0.8214318025899632 0 0.5703067540313754
vn 0.8238490648374215 0 -0.5668092433672074
vn -0.8279248456398793 0 0.5608390588860426
vn 0.8343128079011602 0 -0.5512913372909843
vn -0.8670594389891098 0 0.49820470617999046
vn 0.8717409603122146 0 -0.4899670377830921
vn -0.9223178547265419 0 0.38643210898245745
vn 0.9258293886120004 0 -0.37794171929323933
vn -0.9815821585891618 0 0.19104048246233532
vn 0.9833933723355872 0 -0.18148684593226316
vn -0.22182456662872924 0 -0.9750865918676027
vn 0.23248409083509863 0 0.9726001992126968
vn 0.02154038316780695 0 -0.9997679790296268
vn -0.018483962897021467 0 0.9998291569641393
vn 0.29305345204641153 0 -0.9560960591089588
vn -0.28968507114330205 0 0.9571220191577979
vn 0.5232307679424534 0 -0.8521910369619892
vn -0.5192824105616307 0 0.8546027018921143
vn 0.6387318377875494 0 -0.7694294245715716
vn -0.6349635440498863 0 0.7725421009418244
vn 0.6280396051192936 0 -0.7781813762880745
vn -0.6240467571768429 0 0.7813870006962405
vn 0.45975159530093074 0 -0.8880475610113736
vn -0.4550195958320806 0 0.8904814245164298
vn 0.11563991880750867 0 -0.9932912005943639
vn -0.10955998696224635 0 0.9939801855453824
vn -0.2503655735784556 0 -0.9681513722382111
vn 0.25414266581850675 0 0.9671667412657774
vn -0.3687772255560876 0 -0.9295178093566335
vn 0.3680919001144751 0 0.9297894132921258
vn -0.38394547392756745 0 -0.9233557673240232
vn 0.38235723671568284 0 0.9240145797178458
vn -0.4058780574326765 0 -0.9139272413571428
vn 0.40307704064355565 0 0.9151660501275348
vn -0.4290951693625082 0 -0.90325928482898
vn 0.4247541945830381 0 0.9053087176119066
vn -0.43570770117909985 0 -0.900088217417173
vn 0.43097179673382385 0 0.902365397397318
vn -0.4119089705610948 0 -0.9112249996413065
vn 0.40877200141473546 0 0.9126365382009377
vn -0.3826119169877112 0 -0.9239091519077994
vn 0.38060111938721214 0 0.9247393080869879
vn -0.3615199050568711 0 -0.9323643913447526
vn 0.3611949532527684 0 0.9324903247459088
vn -0.38470901573417055 0 -0.923037904537428
vn 0.38615455486459543 0 0.9224340950752667
usemtl none
f 386/1/1 387/2/1 770/3/1 771/4/1
f 4/5/2 3/6/2 5/7/2 6/8/2
f 389/9/3 388/10/3 387/11/3 386/12/3
f 387/13/4 390/14/4 772/15/4 770/16/4
f 3/17/5 7/18/5 8/19/5 5/20/5
f 388/21/6 391/22/6 390/23/6 387/24/6
f 390/25/7 392/26/7 773/27/7 772/28/7
f 7/29/8 9/30/8 10/31/8 8/32/8
f 391/33/9 393/34/9 392/35/9 390/36/9
f 392/37/10 394/38/10 774/39/10 773/40/10
f 9/41/11 11/42/11 12/43/11 10/44/11
f 393/45/12 395/46/12 394/47/12 392/48/12
f 394/49/13 396/50/13 775/51/13 774/52/13
f 11/53/14 13/54/14 14/55/14 12/56/14
f 395/57/15 397/58/15 396/59/15 394/60/15
f 396/61/16 398/62/16 776/63/16 775/64/16
f 13/65/17 15/66/17 16/67/17 14/68/17
f 397/69/18 399/70/18 398/71/18 396/72/18
f 398/73/19 400/74/19 777/75/19 776/76/19
f 15/77/20 17/78/20 18/79/20 16/80/20
f 399/81/21 401/82/21 400/83/21 398/84/21
f 400/85/22 402/86/22 778/87/22 777/88/22
f 17/89/23 19/90/23 20/91/23 18/92/23
f 401/93/24 403/94/24 402/95/24 400/96/24
f 402/97/25 404/98/25 779/99/25 778/100/25
f 19/101/26 21/102/26 22/103/26 20/104/26
f 403/105/27 405/106/27 404/107/27 402/108/27
f 404/109/28 406/110/28 780/111/28 779/112/28
f 21/113/29 23/114/29 24/115/29 22/116/29
f 405/117/30 407/118/30 406/119/30 404/120/30
f 406/121/31 408/122/31 781/123/31 780/124/31
f 23/125/32 25/126/32 26/127/32 24/128/32
f 407/129/33 409/130/33 408/131/33 406/132/33
f 408/133/34 410/134/34 782/135/34 781/136/34
f 25/137/35 27/138/35 28/139/35 26/140/35
f 409/141/36 411/142/36 410/143/36 408/144/36
f 410/145/37 412/146/37 783/147/37 782/148/37
f 27/149/38 29/150/38 30/151/38 28/152/38
f 411/153/39 413/154/39 412/155/39 410/156/39
f 412/157/40 414/158/40 784/159/40 783/160/40
f 29/161/41 31/162/41 32/163/41 30/164/41
f 413/165/42 415/166/42 414/167/42 412/168/42
f 414/169/43 416/170/43 785/171/43 784/172/43
f 31/173/44 33/174/44 34/175/44 32/176/44
f 415/177/45 417/178/45 416/179/45 414/180/45
f 416/181/46 418/182/46 786/183/46 785/184/46
f 33/185/47 35/186/47 36/187/47 34/188/47
f 417/189/48 419/190/48 418/191/48 416/192/48
f 418/193/49 420/194/49 787/195/49 786/196/49
f 35/197/50 37/198/50 38/199/50 36/200/50
f 419/201/51 421/202/51 420/203/51 418/204/51
f 420/205/52 422/206/52 788/207/52 787/208/52
f 37/209/53 39/210/53 40/211/53 38/212/53
f 421/213/54 423/214/54 422/215/54 420/216/54
f 422/217/55 424/218/55 789/219/55 788/220/55
f 39/221/56 41/222/56 42/223/56 40/224/56
f 423/225/57 425/226/57 424/227/57 422/228/57
f 424/229/58 426/230/58 790/231/58 789/232/58
f 41/233/59 43/234/59 44/235/59 42/236/59
f 425/237/60 427/238/60 426/239/60 424/240/60
f 426/241/61 428/242/61 791/243/61 790/244/61
f 43/245/62 45/246/62 46/247/62 44/248/62
f 427/249/63 429/250/63 428/251/63 426/252/63
f 428/253/64 430/254/64 792/255/64 791/256/64
f 45/257/65 47/258/65 48/259/65 46/260/65
f 429/261/66 431/262/66 430/263/66 428/264/66
f 430/265/67 432/266/67 793/267/67 792/268/67
f 47/269/68 49/270/68 50/271/68 48/272/68
f 431/273/69 433/274/69 432/275/69 430/276/69
f 432/277/70 434/278/70 794/279/70 793/280/70
f 49/281/71 51/282/71 52/283/71 50/284/71
f 433/285/72 435/286/72 434/287/72 432/288/72
f 434/289/73 436/290/73 795/291/73 794/292/73
f 51/293/74 53/294/74 54/295/74 52/296/74
f 435/297/75 437/298/75 436/299/75 434/300/75
f 436/301/76 438/302/76 796/303/76 795/304/76
f 53/305/77 55/306/77 56/307/77 54/308/77
f 437/309/78 439/310/78 438/311/78 436/312/78
f 438/313/79 440/314/79 797/315/79 796/316/79
f 55/317/80 57/318/80 58/319/80 56/320/80
f 439/321/81 441/322/81 440/323/81 438/324/81
f 440/325/82 442/326/82 798/327/82 797/328/82
f 57/329/83 59/330/83 60/331/83 58/332/83
f 441/333/84 443/334/84 442/335/84 440/336/84
f 442/337/85 444/338/85 799/339/85 798/340/85
f 59/341/86 61/342/86 62/343/86 60/344/86
f 443/345/87 445/346/87 444/347/87 442/348/87
f 444/349/88 446/350/88 800/351/88 799/352/88
f 61/353/89 63/354/89 64/355/89 62/356/89
f 445/357/90 447/358/90 446/359/90 444/360/90
f 446/361/91 448/362/91 801/363/91 800/364/91
f 63/365/92 65/366/92 66/367/92 64/368/92
f 447/369/93 449/370/93 448/371/93 446/372/93
f 448/373/94 450/374/94 802/375/94 801/376/94
f 65/377/95 67/378/95 68/379/95 66/380/95
f 449/381/96 451/382/96 450/383/96 448/384/96
f 450/385/97 452/386/97 803/387/97 802/388/97
f 67/389/98 69/390/98 70/391/98 68/392/98
f 451/393/99 453/394/99 452/395/99 450/396/99
f 452/397/100 454/398/100 804/399/100 803/400/100
f 69/401/101 71/402/101 72/403/101 70/404/101
f 453/405/102 455/406/102 454/407/102 452/408/102
f 454/409/103 456/410/103 805/411/103 804/412/103
f 71/413/104 73/414/104 74/415/104 72/416/104
f 455/417/105 457/418/105 456/419/105 454/420/105
f 456/421/106 458/422/106 806/423/106 805/424/106
f 73/425/107 75/426/107 76/427/107 74/428/107
f 457/429/108 459/430/108 458/431/108 456/432/108
f 458/433/109 460/434/109 807/435/109 806/436/109
f 75/437/110 77/438/110 78/439/110 76/440/110
f 459/441/111 461/442/111 460/443/111 458/444/111
f 460/445/112 462/446/112 808/447/112 807/448/112
f 77/449/113 79/450/113 80/451/113 78/452/113
f 461/453/114 463/454/114 462/455/114 460/456/114
f 462/457/115 464/458/115 809/459/115 808/460/115
f 79/461/116 81/462/116 82/463/116 80/464/116
f 463/465/117 465/466/117 464/467/117 462/468/117
f 464/469/118 466/470/118 810/471/118 809/472/118
f 81/473/119 83/474/119 84/475/119 82/476/119
f 465/477/120 467/478/120 466/479/120 464/480/120
f 466/481/121 468/482/121 811/483/121 810/484/121
f 83/485/122 85/486/122 86/487/122 84/488/122
f 467/489/123 469/490/123 468/491/123 466/492/123
f 468/493/124 470/494/124 812/495/124 811/496/124
f 85/497/125 87/498/125 88/499/125 86/500/125
f 469/501/126 471/502/126 470/503/126 468/504/126
f 470/505/127 472/506/127 813/507/127 812/508/127
f 87/509/128 89/510/128 90/511/128 88/512/128
f 471/513/129 473/514/129 472/515/129 470/516/129
f 472/517/130 474/518/130 814/519/130 813/520/130
f 89/521/131 91/522/131 92/523/131 90/524/131
f 473/525/132 475/526/132 474/527/132 472/528/132
f 474/529/133 476/530/133 815/531/133 814/532/133
f 91/533/134 93/534/134 94/535/134 92/536/134
f 475/537/135 477/538/135 476/539/135 474/540/135
f 476/541/136 478/542/136 816/543/136 815/544/136
f 93/545/137 95/546/137 96/547/137 94/548/137
f 477/549/138 479/550/138 478/551/138 476/552/138
f 478/553/139 480/554/139 817/555/139 816/556/139
f 95/557/140 97/558/140 98/559/140 96/560/140
f 479/561/141 481/562/141 480/563/141 478/564/141
f 480/565/142 482/566/142 818/567/142 817/568/142
f 97/569/143 99/570/143 100/571/143 98/572/143
f 481/573/144 483/574/144 482/575/144 480/576/144
f 482/577/145 484/578/145 819/579/145 818/580/145
f 99/581/146 101/582/146 102/583/146 100/584/146
f 483/585/147 485/586/147 484/587/147 482/588/147
f 484/589/148 486/590/148 820/591/148 819/592/148
f 101/593/149 103/594/149 104/595/149 102/596/149
f 485/597/150 487/598/150 486/599/150 484/600/150
f 486/601/151 488/602/151 821/603/151 820/604/151
f 103/605/152 105/606/152 106/607/152 104/608/152
f 487/609/153 489/610/153 488/611/153 486/612/153
f 488/613/154 490/614/154 822/615/154 821/616/154
f 105/617/155 107/618/155 108/619/155 106/620/155
f 489/621/156 491/622/156 490/623/156 488/624/156
f 490/625/157 492/626/157 823/627/157 822/628/157
f 107/629/158 109/630/158 110/631/158 108/632/158
f 491/633/159 493/634/159 492/635/159 490/636/159
f 492/637/160 494/638/160 824/639/160 823/640/160
f 109/641/161 111/642/161 112/643/161 110/644/161
f 493/645/162 495/646/162 494/647/162 492/648/162
f 494/649/163 496/650/163 825/651/163 824/652/163
f 111/653/164 113/654/164 114/655/164 112/656/164
f 495/657/165 497/658/165 496/659/165 494/660/165
f 496/661/166 498/662/166 826/663/166 825/664/166
f 113/665/167 115/666/167 116/667/167 114/668/167
f 497/669/168 499/670/168 498/671/168 496/672/168
f 498/673/169 500/674/169 827/675/169 826/676/169
f 115/677/170 117/678/170 118/679/170 116/680/170
f 499/681/171 501/682/171 500/683/171 498/684/171
f 500/685/172 502/686/172 828/687/172 827/688/172
f 117/689/173 119/690/173 120/691/173 118/692/173
f 501/693/174 503/694/174 502/695/174 500/696/174
f 502/697/175 504/698/175 829/699/175 828/700/175
f 119/701/176 121/702/176 122/703/176 120/704/176
f 503/705/177 505/706/177 504/707/177 502/708/177
f 504/709/178 506/710/178 830/711/178 829/712/178
f 121/713/179 123/714/179 124/715/179 122/716/179
f 505/717/180 507/718/180 506/719/180 504/720/180
f 506/721/181 508/722/181 831/723/181 830/724/181
f 123/725/182 125/726/182 126/727/182 124/728/182
f 507/729/183 509/730/183 508/731/183 506/732/183
f 508/733/184 510/734/184 832/735/184 831/736/184
f 125/737/185 127/738/185 128/739/185 126/740/185
f 509/741/186 511/742/186 510/743/186 508/744/186
f 510/745/187 512/746/187 833/747/187 832/748/187
f 127/749/188 129/750/188 130/751/188 128/752/188
f 511/753/189 513/754/189 512/755/189 510/756/189
f 512/757/190 514/758/190 834/759/190 833/760/190
f 129/761/191 131/762/191 132/763/191 130/764/191
f 513/765/192 515/766/192 514/767/192 512/768/192
f 514/769/193 516/770/193 835/771/193 834/772/193
f 131/773/194 133/774/194 134/775/194 132/776/194
f 515/777/195 517/778/195 516/779/195 514/780/195
f 516/781/196 518/782/196 836/783/196 835/784/196
f 133/785/197 135/786/197 136/787/197 134/788/197
f 517/789/198 519/790/198 518/791/198 516/792/198
f 518/793/199 520/794/199 837/795/199 836/796/199
f 135/797/200 137/798/200 138/799/200 136/800/200
f 519/801/201 521/802/201 520/803/201 518/804/201
f 520/805/202 522/806/202 838/807/202 837/808/202
f 137/809/203 139/810/203 140/811/203 138/812/203
f 521/813/204 523/814/204 522/815/204 520/816/204
f 522/817/205 524/818/205 839/819/205 838/820/205
f 139/821/206 141/822/206 142/823/206 140/824/206
f 523/825/207 525/826/207 524/827/207 522/828/207
f 524/829/208 526/830/208 840/831/208 839/832/208
f 141/833/209 143/834/209 144/835/209 142/836/209
f 525/837/210 527/838/210 526/839/210 524/840/210
f 526/841/211 528/842/211 841/843/211 840/844/211
f 143/845/212 145/846/212 146/847/212 144/848/212
f 527/849/213 529/850/213 528/851/213 526/852/213
f 528/853/214 530/854/214 842/855/214 841/856/214
f 145/857/215 147/858/215 148/859/215 146/860/215
f 529/861/216 531/862/216 530/863/216 528/864/216
f 530/865/217 532/866/217 843/867/217 842/868/217
f 147/869/218 149/870/218 150/871/218 148/872/218
f 531/873/219 533/874/219 532/875/219 530/876/219
f 532/877/220 534/878/220 844/879/220 843/880/220
f 149/881/221 151/882/221 152/883/221 150/884/221
f 533/885/222 535/886/222 534/887/222 532/888/222
f 534/889/223 536/890/223 845/891/223 844/892/223
f 151/893/224 153/894/224 154/895/224 152/896/224
f 535/897/225 537/898/225 536/899/225 534/900/225
f 536/901/226 538/902/226 2/903/226 845/904/226
f 153/905/227 155/906/227 156/907/227 154/908/227
f 537/909/228 539/910/228 538/911/228 536/912/228
f 538/913/229 540/914/229 846/915/229 2/916/229
f 155/917/230 157/918/230 158/919/230 156/920/230
f 539/921/231 541/922/231 540/923/231 538/924/231
f 540/925/232 542/926/232 847/927/232 846/928/232
f 157/929/233 159/930/233 160/931/233 158/932/233
f 541/933/234 543/934/234 542/935/234 540/936/234
f 542/937/235 544/938/235 848/939/235 847/940/235
f 159/941/236 161/942/236 162/943/236 160/944/236
f 543/945/237 545/946/237 544/947/237 542/948/237
f 544/949/238 546/950/238 849/951/238 848/952/238
f 161/953/239 163/954/239 164/955/239 162/956/239
f 545/957/240 547/958/240 546/959/240 544/960/240
f 546/961/241 548/962/241 850/963/241 849/964/241
f 163/965/242 165/966/242 166/967/242 164/968/242
f 547/969/243 549/970/243 548/971/243 546/972/243
f 548/973/244 550/974/244 851/975/244 850/976/244
f 165/977/245 167/978/245 168/979/245 166/980/245
f 549/981/246 551/982/246 550/983/246 548/984/246
f 550/985/247 552/986/247 852/987/247 851/988/247
f 167/989/248 169/990/248 170/991/248 168/992/248
f 551/993/249 553/994/249 552/995/249 550/996/249
f 552/997/250 554/998/250 853/999/250 852/1000/250
f 169/1001/251 171/1002/251 172/1003/251 170/1004/251
f 553/1005/252 555/1006/252 554/1007/252 552/1008/252
f 554/1009/253 556/1010/253 854/1011/253 853/1012/253
f 171/1013/254 173/1014/254 174/1015/254 172/1016/254
f 555/1017/255 557/1018/255 556/1019/255 554/1020/255
f 556/1021/256 558/1022/256 855/1023/256 854/1024/256
f 173/1025/257 175/1026/257 176/1027/257 174/1028/257
f 557/1029/258 559/1030/258 558/1031/258 556/1032/258
f 558/1033/259 560/1034/259 856/1035/259 855/1036/259
f 175/1037/260 177/1038/260 178/1039/260 176/1040/260
f 559/1041/261 561/1042/261 560/1043/261 558/1044/261
f 560/1045/262 562/1046/262 857/1047/262 856/1048/262
f 177/1049/263 179/1050/263 180/1051/263 178/1052/263
f 561/1053/264 563/1054/264 562/1055/264 560/1056/264
f 562/1057/265 564/1058/265 858/1059/265 857/1060/265
f 179/1061/266 181/1062/266 182/1063/266 180/1064/266
f 563/1065/267 565/1066/267 564/1067/267 562/1068/267
f 564/1069/268 566/1070/268 859/1071/268 858/1072/268
f 181/1073/269 183/1074/269 184/1075/269 182/1076/269
f 565/1077/270 567/1078/270 566/1079/270 564/1080/270
f 566/1081/271 568/1082/271 860/1083/271 859/1084/271
f 183/1085/272 185/1086/272 186/1087/272 184/1088/272
f 567/1089/273 569/1090/273 568/1091/273 566/1092/273
f 568/1093/274 570/1094/274 861/1095/274 860/1096/274
f 185/1097/275 187/1098/275 188/1099/275 186/1100/275
f 569/1101/276 571/1102/276 570/1103/276 568/1104/276
f 570/1105/277 572/1106/277 862/1107/277 861/1108/277
f 187/1109/278 189/1110/278 190/1111/278 188/1112/278
f 571/1113/279 573/1114/279 572/1115/279 570/1116/279
f 572/1117/280 574/1118/280 863/1119/280 862/1120/280
f 189/1121/281 191/1122/281 192/1123/281 190/1124/281
f 573/1125/282 575/1126/282 574/1127/282 572/1128/282
f 574/1129/283 576/1130/283 864/1131/283 863/1132/283
f 191/1133/284 193/1134/284 194/1135/284 192/1136/284
f 575/1137/285 577/1138/285 576/1139/285 574/1140/285
f 576/1141/286 578/1142/286 865/1143/286 864/1144/286
f 193/1145/287 195/1146/287 196/1147/287 194/1148/287
f 577/1149/288 579/1150/288 578/1151/288 576/1152/288
f 578/1153/289 580/1154/289 866/1155/289 865/1156/289
f 195/1157/290 197/1158/290 198/1159/290 196/1160/290
f 579/1161/291 581/1162/291 580/1163/291 578/1164/291
f 580/1165/292 582/1166/292 867/1167/292 866/1168/292
f 197/1169/293 199/1170/293 200/1171/293 198/1172/293
f 581/1173/294 583/1174/294 582/1175/294 580/1176/294
f 582/1177/295 584/1178/295 868/1179/295 867/1180/295
f 199/1181/296 201/1182/296 202/1183/296 200/1184/296
f 583/1185/297 585/1186/297 584/1187/297 582/1188/297
f 584/1189/298 586/1190/298 869/1191/298 868/1192/298
f 201/1193/299 203/1194/299 204/1195/299 202/1196/299
f 585/1197/300 587/1198/300 586/1199/300 584/1200/300
f 586/1201/301 588/1202/301 870/1203/301 869/1204/301
f 203/1205/302 205/1206/302 206/1207/302 204/1208/302
f 587/1209/303 589/1210/303 588/1211/303 586/1212/303
f 588/1213/304 590/1214/304 871/1215/304 870/1216/304
f 205/1217/305 207/1218/305 208/1219/305 206/1220/305
f 589/1221/306 591/1222/306 590/1223/306 588/1224/306
f 590/1225/307 592/1226/307 872/1227/307 871/1228/307
f 207/1229/308 209/1230/308 210/1231/308 208/1232/308
f 591/1233/309 593/1234/309 592/1235/309 590/1236/309
f 592/1237/310 594/1238/310 873/1239/310 872/1240/310
f 209/1241/311 211/1242/311 212/1243/311 210/1244/311
f 593/1245/312 595/1246/312 594/1247/312 592/1248/312
f 594/1249/313 596/1250/313 874/1251/313 873/1252/313
f 211/1253/314 213/1254/314 214/1255/314 212/1256/314
f 595/1257/315 597/1258/315 596/1259/315 594/1260/315
f 596/1261/316 598/1262/316 875/1263/316 874/1264/316
f 213/1265/317 215/1266/317 216/1267/317 214/1268/317
f 597/1269/318 599/1270/318 598/1271/318 596/1272/318
f 598/1273/319 600/1274/319 876/1275/319 875/1276/319
f 215/1277/320 217/1278/320 218/1279/320 216/1280/320
f 599/1281/321 601/1282/321 600/1283/321 598/1284/321
f 600/1285/322 602/1286/322 877/1287/322 876/1288/322
f 217/1289/323 219/1290/323 220/1291/323 218/1292/323
f 601/1293/324 603/1294/324 602/1295/324 600/1296/324
f 602/1297/325 604/1298/325 878/1299/325 877/1300/325
f 219/1301/326 221/1302/326 222/1303/326 220/1304/326
f 603/1305/327 605/1306/327 604/1307/327 602/1308/327
f 604/1309/328 606/1310/328 879/1311/328 878/1312/328
f 221/1313/329 223/1314/329 224/1315/329 222/1316/329
f 605/1317/330 607/1318/330 606/1319/330 604/1320/330
f 606/1321/331 608/1322/331 880/1323/331 879/1324/331
f 223/1325/332 225/1326/332 226/1327/332 224/1328/332
f 607/1329/333 609/1330/333 608/1331/333 606/1332/333
f 608/1333/334 610/1334/334 881/1335/334 880/1336/334
f 225/1337/335 227/1338/335 228/1339/335 226/1340/335
f 609/1341/336 611/1342/336 610/1343/336 608/1344/336
f 610/1345/337 612/1346/337 882/1347/337 881/1348/337
f 227/1349/338 229/1350/338 230/1351/338 228/1352/338
f 611/1353/339 613/1354/339 612/1355/339 610/1356/339
f 612/1357/340 614/1358/340 883/1359/340 882/1360/340
f 229/1361/341 231/1362/341 232/1363/341 230/1364/341
f 613/1365/342 615/1366/342 614/1367/342 612/1368/342
f 614/1369/343 616/1370/343 884/1371/343 883/1372/343
f 231/1373/344 233/1374/344 234/1375/344 232/1376/344
f 615/1377/345 617/1378/345 616/1379/345 614/1380/345
f 616/1381/346 618/1382/346 885/1383/346 884/1384/346
f 233/1385/347 235/1386/347 236/1387/347 234/1388/347
f 617/1389/348 619/1390/348 618/1391/348 616/1392/348
f 618/1393/349 620/1394/349 886/1395/349 885/1396/349
f 235/1397/350 237/1398/350 238/1399/350 236/1400/350
f 619/1401/351 621/1402/351 620/1403/351 618/1404/351
f 620/1405/352 622/1406/352 887/1407/352 886/1408/352
f 237/1409/353 239/1410/353 240/1411/353 238/1412/353
f 621/1413/354 623/1414/354 622/1415/354 620/1416/354
f 622/1417/355 624/1418/355 888/1419/355 887/1420/355
f 239/1421/356 241/1422/356 1/1423/356 240/1424/356
f 623/1425/357 625/1426/357 624/1427/357 622/1428/357
f 624/1429/358 626/1430/358 889/1431/358 888/1432/358
f 241/1433/359 242/1434/359 243/1435/359 1/1436/359
f 625/1437/360 627/1438/360 626/1439/360 624/1440/360
f 626/1441/361 628/1442/361 890/1443/361 889/1444/361
f 242/1445/362 244/1446/362 245/1447/362 243/1448/362
f 627/1449/363 629/1450/363 628/1451/363 626/1452/363
f 628/1453/364 630/1454/364 891/1455/364 890/1456/364
f 244/1457/365 246/1458/365 247/1459/365 245/1460/365
f 629/1461/366 631/1462/366 630/1463/366 628/1464/366
f 630/1465/367 632/1466/367 892/1467/367 891/1468/367
f 246/1469/368 248/1470/368 249/1471/368 247/1472/368
f 631/1473/369 633/1474/369 632/1475/369 630/1476/369
f 632/1477/370 634/1478/370 893/1479/370 892/1480/370
f 248/1481/371 250/1482/371 251/1483/371 249/1484/371
f 633/1485/372 635/1486/372 634/1487/372 632/1488/372
f 634/1489/373 636/1490/373 894/1491/373 893/1492/373
f 250/1493/374 252/1494/374 253/1495/374 251/1496/374
f 635/1497/375 637/1498/375 636/1499/375 634/1500/375
f 636/1501/376 638/1502/376 895/1503/376 894/1504/376
f 252/1505/377 254/1506/377 255/1507/377 253/1508/377
f 637/1509/378 639/1510/378 638/1511/378 636/1512/378
f 638/1513/379 640/1514/379 896/1515/379 895/1516/379
f 254/1517/380 256/1518/380 257/1519/380 255/1520/380
f 639/1521/381 641/1522/381 640/1523/381 638/1524/381
f 640/1525/382 642/1526/382 897/1527/382 896/1528/382
f 256/1529/383 258/1530/383 259/1531/383 257/1532/383
f 641/1533/384 643/1534/384 642/1535/384 640/1536/384
f 642/1537/385 644/1538/385 898/1539/385 897/1540/385
f 258/1541/386 260/1542/386 261/1543/386 259/1544/386
f 643/1545/387 645/1546/387 644/1547/387 642/1548/387
f 644/1549/388 646/1550/388 899/1551/388 898/1552/388
f 260/1553/389 262/1554/389 263/1555/389 261/1556/389
f 645/1557/390 647/1558/390 646/1559/390 644/1560/390
f 646/1561/391 648/1562/391 900/1563/391 899/1564/391
f 262/1565/392 264/1566/392 265/1567/392 263/1568/392
f 647/1569/393 649/1570/393 648/1571/393 646/1572/393
f 648/1573/394 650/1574/394 901/1575/394 900/1576/394
f 264/1577/395 266/1578/395 267/1579/395 265/1580/395
f 649/1581/396 651/1582/396 650/1583/396 648/1584/396
f 650/1585/397 652/1586/397 902/1587/397 901/1588/397
f 266/1589/398 268/1590/398 269/1591/398 267/1592/398
f 651/1593/399 653/1594/399 652/1595/399 650/1596/399
f 652/1597/400 654/1598/400 903/1599/400 902/1600/400
f 268/1601/401 270/1602/401 271/1603/401 269/1604/401
f 653/1605/402 655/1606/402 654/1607/402 652/1608/402
f 654/1609/403 656/1610/403 904/1611/403 903/1612/403
f 270/1613/404 272/1614/404 273/1615/404 271/1616/404
f 655/1617/405 657/1618/405 656/1619/405 654/1620/405
f 656/1621/406 658/1622/406 905/1623/406 904/1624/406
f 272/1625/407 274/1626/407 275/1627/407 273/1628/407
f 657/1629/408 659/1630/408 658/1631/408 656/1632/408
f 658/1633/409 660/1634/409 906/1635/409 905/1636/409
f 274/1637/410 276/1638/410 277/1639/410 275/1640/410
f 659/1641/411 661/1642/411 660/1643/411 658/1644/411
f 660/1645/412 662/1646/412 907/1647/412 906/1648/412
f 276/1649/413 278/1650/413 279/1651/413 277/1652/413
f 661/1653/414 663/1654/414 662/1655/414 660/1656/414
f 662/1657/415 664/1658/415 908/1659/415 907/1660/415
f 278/1661/416 280/1662/416 281/1663/416 279/1664/416
f 663/1665/417 665/1666/417 664/1667/417 662/1668/417
f 664/1669/418 666/1670/418 909/1671/418 908/1672/418
f 280/1673/419 282/1674/419 283/1675/419 281/1676/419
f 665/1677/420 667/1678/420 666/1679/420 664/1680/420
f 666/1681/421 668/1682/421 910/1683/421 909/1684/421
f 282/1685/422 284/1686/422 285/1687/422 283/1688/422
f 667/1689/423 669/1690/423 668/1691/423 666/1692/423
f 668/1693/424 670/1694/424 911/1695/424 910/1696/424
f 284/1697/425 286/1698/425 287/1699/425 285/1700/425
f 669/1701/426 671/1702/426 670/1703/426 668/1704/426
f 670/1705/427 672/1706/427 912/1707/427 911/1708/427
f 286/1709/428 288/1710/428 289/1711/428 287/1712/428
f 671/1713/429 673/1714/429 672/1715/429 670/1716/429
f 672/1717/430 674/1718/430 913/1719/430 912/1720/430
f 288/1721/431 290/1722/431 291/1723/431 289/1724/431
f 673/1725/432 675/1726/432 674/1727/432 672/1728/432
f 674/1729/433 676/1730/433 914/1731/433 913/1732/433
f 290/1733/434 292/1734/434 293/1735/434 291/1736/434
f 675/1737/435 677/1738/435 676/1739/435 674/1740/435
f 676/1741/436 678/1742/436 915/1743/436 914/1744/436
f 292/1745/437 294/1746/437 295/1747/437 293/1748/437
f 677/1749/438 679/1750/438 678/1751/438 676/1752/438
f 678/1753/439 680/1754/439 916/1755/439 915/1756/439
f 294/1757/440 296/1758/440 297/1759/440 295/1760/440
f 679/1761/441 681/1762/441 680/1763/441 678/1764/441
f 680/1765/442 682/1766/442 917/1767/442 916/1768/442
f 296/1769/443 298/1770/443 299/1771/443 297/1772/443
f 681/1773/444 683/1774/444 682/1775/444 680/1776/444
f 682/1777/445 684/1778/445 918/1779/445 917/1780/445
f 298/1781/446 300/1782/446 301/1783/446 299/1784/446
f 683/1785/447 685/1786/447 684/1787/447 682/1788/447
f 684/1789/448 686/1790/448 919/1791/448 918/1792/448
f 300/1793/449 302/1794/449 303/1795/449 301/1796/449
f 685/1797/450 687/1798/450 686/1799/450 684/1800/450
f 686/1801/451 688/1802/451 920/1803/451 919/1804/451
f 302/1805/452 304/1806/452 305/1807/452 303/1808/452
f 687/1809/453 689/1810/453 688/1811/453 686/1812/453
f 688/1813/454 690/1814/454 921/1815/454 920/1816/454
f 304/1817/455 306/1818/455 307/1819/455 305/1820/455
f 689/1821/456 691/1822/456 690/1823/456 688/1824/456
f 690/1825/457 692/1826/457 922/1827/457 921/1828/457
f 306/1829/458 308/1830/458 309/1831/458 307/1832/458
f 691/1833/459 693/1834/459 692/1835/459 690/1836/459
f 692/1837/460 694/1838/460 923/1839/460 922/1840/460
f 308/1841/461 310/1842/461 311/1843/461 309/1844/461
f 693/1845/462 695/1846/462 694/1847/462 692/1848/462
f 694/1849/463 696/1850/463 924/1851/463 923/1852/463
f 310/1853/464 312/1854/464 313/1855/464 311/1856/464
f 695/1857/465 697/1858/465 696/1859/465 694/1860/465
f 696/1861/466 698/1862/466 925/1863/466 924/1864/466
f 312/1865/467 314/1866/467 315/1867/467 313/1868/467
f 697/1869/468 699/1870/468 698/1871/468 696/1872/468
f 698/1873/469 700/1874/469 926/1875/469 925/1876/469
f 314/1877/470 316/1878/470 317/1879/470 315/1880/470
f 699/1881/471 701/1882/471 700/1883/471 698/1884/471
f 700/1885/472 702/1886/472 927/1887/472 926/1888/472
f 316/1889/473 318/1890/473 319/1891/473 317/1892/473
f 701/1893/474 703/1894/474 702/1895/474 700/1896/474
f 702/1897/475 704/1898/475 928/1899/475 927/1900/475
f 318/1901/476 320/1902/476 321/1903/476 319/1904/476
f 703/1905/477 705/1906/477 704/1907/477 702/1908/477
f 704/1909/478 706/1910/478 929/1911/478 928/1912/478
f 320/1913/479 322/1914/479 323/1915/479 321/1916/479
f 705/1917/480 707/1918/480 706/1919/480 704/1920/480
f 706/1921/481 708/1922/481 930/1923/481 929/1924/481
f 322/1925/482 324/1926/482 325/1927/482 323/1928/482
f 707/1929/483 709/1930/483 708/1931/483 706/1932/483
f 708/1933/484 710/1934/484 931/1935/484 930/1936/484
f 324/1937/485 326/1938/485 327/1939/485 325/1940/485
f 709/1941/486 711/1942/486 710/1943/486 708/1944/486
f 710/1945/487 712/1946/487 932/1947/487 931/1948/487
f 326/1949/488 328/1950/488 329/1951/488 327/1952/488
f 711/1953/489 713/1954/489 712/1955/489 710/1956/489
f 712/1957/490 714/1958/490 933/1959/490 932/1960/490
f 328/1961/491 330/1962/491 331/1963/491 329/1964/491
f 713/1965/492 715/1966/492 714/1967/492 712/1968/492
f 714/1969/493 716/1970/493 934/1971/493 933/1972/493
f 330/1973/494 332/1974/494 333/1975/494 331/1976/494
f 715/1977/495 717/1978/495 716/1979/495 714/1980/495
f 716/1981/496 718/1982/496 935/1983/496 934/1984/496
f 332/1985/497 334/1986/497 335/1987/497 333/1988/497
f 717/1989/498 719/1990/498 718/1991/498 716/1992/498
f 718/1993/499 720/1994/499 936/1995/499 935/1996/499
f 334/1997/500 336/1998/500 337/1999/500 335/2000/500
f 719/2001/501 721/2002/501 720/2003/501 718/2004/501
f 720/2005/502 722/2006/502 937/2007/502 936/2008/502
f 336/2009/503 338/2010/503 339/2011/503 337/2012/503
f 721/2013/504 723/2014/504 722/2015/504 720/2016/504
f 722/2017/505 724/2018/505 938/2019/505 937/2020/505
f 338/2021/506 340/2022/506 341/2023/506 339/2024/506
f 723/2025/507 725/2026/507 724/2027/507 722/2028/507
f 724/2029/508 726/2030/508 939/2031/508 938/2032/508
f 340/2033/509 342/2034/509 343/2035/509 341/2036/509
f 725/2037/510 727/2038/510 726/2039/510 724/2040/510
f 726/2041/511 728/2042/511 940/2043/511 939/2044/511
f 342/2045/512 344/2046/512 345/2047/512 343/2048/512
f 727/2049/513 729/2050/513 728/2051/513 726/2052/513
f 728/2053/514 730/2054/514 941/2055/514 940/2056/514
f 344/2057/515 346/2058/515 347/2059/515 345/2060/515
f 729/2061/516 731/2062/516 730/2063/516 728/2064/516
f 730/2065/517 732/2066/517 942/2067/517 941/2068/517
f 346/2069/518 348/2070/518 349/2071/518 347/2072/518
f 731/2073/519 733/2074/519 732/2075/519 730/2076/519
f 732/2077/520 734/2078/520 943/2079/520 942/2080/520
f 348/2081/521 350/2082/521 351/2083/521 349/2084/521
f 733/2085/522 735/2086/522 734/2087/522 732/2088/522
f 734/2089/523 736/2090/523 944/2091/523 943/2092/523
f 350/2093/524 352/2094/524 353/2095/524 351/2096/524
f 735/2097/525 737/2098/525 736/2099/525 734/2100/525
f 736/2101/526 738/2102/526 945/2103/526 944/2104/526
f 352/2105/527 354/2106/527 355/2107/527 353/2108/527
f 737/2109/528 739/2110/528 738/2111/528 736/2112/528
f 738/2113/529 740/2114/529 946/2115/529 945/2116/529
f 354/2117/530 356/2118/530 357/2119/530 355/2120/530
f 739/2121/531 741/2122/531 740/2123/531 738/2124/531
f 740/2125/532 742/2126/532 947/2127/532 946/2128/532
f 356/2129/533 358/2130/533 359/2131/533 357/2132/533
f 741/2133/534 743/2134/534 742/2135/534 740/2136/534
f 742/2137/535 744/2138/535 948/2139/535 947/2140/535
f 358/2141/536 360/2142/536 361/2143/536 359/2144/536
f 743/2145/537 745/2146/537 744/2147/537 742/2148/537
f 744/2149/538 746/2150/538 949/2151/538 948/2152/538
f 360/2153/539 362/2154/539 363/2155/539 361/2156/539
f 745/2157/540 747/2158/540 746/2159/540 744/2160/540
f 746/2161/541 748/2162/541 950/2163/541 949/2164/541
f 362/2165/542 364/2166/542 365/2167/542 363/2168/542
f 747/2169/543 749/2170/543 748/2171/543 746/2172/543
f 748/2173/544 750/2174/544 951/2175/544 950/2176/544
f 364/2177/545 366/2178/545 367/2179/545 365/2180/545
f 749/2181/546 751/2182/546 750/2183/546 748/2184/546
f 750/2185/547 752/2186/547 952/2187/547 951/2188/547
f 366/2189/548 368/2190/548 369/2191/548 367/2192/548
f 751/2193/549 753/2194/549 752/2195/549 750/2196/549
f 752/2197/550 754/2198/550 953/2199/550 952/2200/550
f 368/2201/551 370/2202/551 371/2203/551 369/2204/551
f 753/2205/552 755/2206/552 754/2207/552 752/2208/552
f 754/2209/553 756/2210/553 954/2211/553 953/2212/553
f 370/2213/554 372/2214/554 373/2215/554 371/2216/554
f 755/2217/555 757/2218/555 756/2219/555 754/2220/555
f 756/2221/556 758/2222/556 955/2223/556 954/2224/556
f 372/2225/557 374/2226/557 375/2227/557 373/2228/557
f 757/2229/558 759/2230/558 758/2231/558 756/2232/558
f 758/2233/559 760/2234/559 956/2235/559 955/2236/559
f 374/2237/560 376/2238/560 377/2239/560 375/2240/560
f 759/2241/561 761/2242/561 760/2243/561 758/2244/561
f 760/2245/562 762/2246/562 957/2247/562 956/2248/562
f 376/2249/563 378/2250/563 379/2251/563 377/2252/563
f 761/2253/564 763/2254/564 762/2255/564 760/2256/564
f 762/2257/565 764/2258/565 958/2259/565 957/2260/565
f 378/2261/566 380/2262/566 381/2263/566 379/2264/566
f 763/2265/567 765/2266/567 764/2267/567 762/2268/567
f 764/2269/568 766/2270/568 959/2271/568 958/2272/568
f 380/2273/569 382/2274/569 383/2275/569 381/2276/569
f 765/2277/570 767/2278/570 766/2279/570 764/2280/570
f 766/2281/571 768/2282/571 960/2283/571 959/2284/571
f 382/2285/572 384/2286/572 385/2287/572 383/2288/572
f 767/2289/573 769/2290/573 768/2291/573 766/2292/573
f 768/2293/574 386/2294/574 771/2295/574 960/2296/574
f 384/2297/575 4/2298/575 6/2299/575 385/2300/575
f 769/2301/576 389/2302/576 386/2303/576 768/2304/576
f 1438/2305/577 1440/2306/577 1441/2307/577 1439/2308/577
f 1265/2309/578 1267/2310/578 1268/2311/578 1266/2312/578
f 1440/2313/579 1442/2314/579 1443/2315/579 1441/2316/579
f 1263/2317/580 1265/2318/580 1266/2319/580 1264/2320/580
f 1442/2321/581 1444/2322/581 1445/2323/581 1443/2324/581
f 1261/2325/582 1263/2326/582 1264/2327/582 1262/2328/582
f 1444/2329/583 1446/2330/583 1447/2331/583 1445/2332/583
f 1259/2333/584 1261/2334/584 1262/2335/584 1260/2336/584
f 1446/2337/585 1448/2338/585 1449/2339/585 1447/2340/585
f 1257/2341/586 1259/2342/586 1260/2343/586 1258/2344/586
f 1448/2345/587 1450/2346/587 1451/2347/587 1449/2348/587
f 1255/2349/588 1257/2350/588 1258/2351/588 1256/2352/588
f 1450/2353/589 1452/2354/589 1453/2355/589 1451/2356/589
f 1253/2357/590 1255/2358/590 1256/2359/590 1254/2360/590
f 1452/2361/591 1454/2362/591 1455/2363/591 1453/2364/591
f 1251/2365/592 1253/2366/592 1254/2367/592 1252/2368/592
f 1454/2369/593 1456/2370/593 1457/2371/593 1455/2372/593
f 1249/2373/594 1251/2374/594 1252/2375/594 1250/2376/594
f 1456/2377/595 1458/2378/595 1459/2379/595 1457/2380/595
f 1247/2381/596 1249/2382/596 1250/2383/596 1248/2384/596
f 1458/2385/597 1460/2386/597 1461/2387/597 1459/2388/597
f 1245/2389/598 1247/2390/598 1248/2391/598 1246/2392/598
f 1460/2393/599 1462/2394/599 1463/2395/599 1461/2396/599
f 1243/2397/600 1245/2398/600 1246/2399/600 1244/2400/600
f 1462/2401/601 1464/2402/601 1465/2403/601 1463/2404/601
f 1241/2405/602 1243/2406/602 1244/2407/602 1242/2408/602
f 1464/2409/603 1466/2410/603 1467/2411/603 1465/2412/603
f 1239/2413/604 1241/2414/604 1242/2415/604 1240/2416/604
f 1466/2417/605 1468/2418/605 1469/2419/605 1467/2420/605
f 1237/2421/606 1239/2422/606 1240/2423/606 1238/2424/606
f 1468/2425/607 1470/2426/607 1471/2427/607 1469/2428/607
f 1235/2429/608 1237/2430/608 1238/2431/608 1236/2432/608
f 1470/2433/609 1484/2434/609 1485/2435/609 1471/2436/609
f 1233/2437/610 1235/2438/610 1236/2439/610 1234/2440/610
f 1484/2441/611 1482/2442/611 1483/2443/611 1485/2444/611
f 1231/2445/612 1233/2446/612 1234/2447/612 1232/2448/612
f 1482/2449/613 1480/2450/613 1481/2451/613 1483/2452/613
f 1229/2453/614 1231/2454/614 1232/2455/614 1230/2456/614
f 1480/2457/615 1478/2458/615 1479/2459/615 1481/2460/615
f 1227/2461/616 1229/2462/616 1230/2463/616 1228/2464/616
f 1478/2465/617 1476/2466/617 1477/2467/617 1479/2468/617
f 1225/2469/618 1227/2470/618 1228/2471/618 1226/2472/618
f 1476/2473/619 1472/2474/619 1475/2475/619 1477/2476/619
f 1223/2477/620 1225/2478/620 1226/2479/620 1224/2480/620
f 1472/2481/621 1473/2482/621 1474/2483/621 1475/2484/621
f 1221/2485/622 1223/2486/622 1224/2487/622 1222/2488/622
f 1473/2489/623 1502/2490/623 1503/2491/623 1474/2492/623
f 1219/2493/624 1221/2494/624 1222/2495/624 1220/2496/624
f 1502/2497/625 1500/2498/625 1501/2499/625 1503/2500/625
f 1217/2501/626 1219/2502/626 1220/2503/626 1218/2504/626
f 1500/2505/627 1498/2506/627 1499/2507/627 1501/2508/627
f 1215/2509/628 1217/2510/628 1218/2511/628 1216/2512/628
f 1498/2513/629 1496/2514/629 1497/2515/629 1499/2516/629
f 1213/2517/630 1215/2518/630 1216/2519/630 1214/2520/630
f 1496/2521/631 1494/2522/631 1495/2523/631 1497/2524/631
f 1211/2525/632 1213/2526/632 1214/2527/632 1212/2528/632
f 1494/2529/633 1492/2530/633 1493/2531/633 1495/2532/633
f 1209/2533/634 1211/2534/634 1212/2535/634 1210/2536/634
f 1492/2537/635 1490/2538/635 1491/2539/635 1493/2540/635
f 1207/2541/636 1209/2542/636 1210/2543/636 1208/2544/636
f 1490/2545/637 1486/2546/637 1489/2547/637 1491/2548/637
f 1205/2549/638 1207/2550/638 1208/2551/638 1206/2552/638
f 1486/2553/639 1487/2554/639 1488/2555/639 1489/2556/639
f 1203/2557/640 1205/2558/640 1206/2559/640 1204/2560/640
f 1487/2561/641 1510/2562/641 1511/2563/641 1488/2564/641
f 1201/2565/642 1203/2566/642 1204/2567/642 1202/2568/642
f 1510/2569/643 1508/2570/643 1509/2571/643 1511/2572/643
f 1199/2573/644 1201/2574/644 1202/2575/644 1200/2576/644
f 1508/2577/645 1504/2578/645 1507/2579/645 1509/2580/645
f 1197/2581/646 1199/2582/646 1200/2583/646 1198/2584/646
f 1504/2585/647 1505/2586/647 1506/2587/647 1507/2588/647
f 1195/2589/648 1197/2590/648 1198/2591/648 1196/2592/648
f 1505/2593/649 1512/2594/649 1513/2595/649 1506/2596/649
f 1193/2597/650 1195/2598/650 1196/2599/650 1194/2600/650
f 1512/2601/651 1514/2602/651 1515/2603/651 1513/2604/651
f 1191/2605/652 1193/2606/652 1194/2607/652 1192/2608/652
f 1514/2609/653 1516/2610/653 1517/2611/653 1515/2612/653
f 1189/2613/654 1191/2614/654 1192/2615/654 1190/2616/654
f 1516/2617/655 1518/2618/655 1519/2619/655 1517/2620/655
f 1187/2621/656 1189/2622/656 1190/2623/656 1188/2624/656
f 1518/2625/657 1520/2626/657 1521/2627/657 1519/2628/657
f 1185/2629/658 1187/2630/658 1188/2631/658 1186/2632/658
f 1520/2633/659 1522/2634/659 1523/2635/659 1521/2636/659
f 1183/2637/660 1185/2638/660 1186/2639/660 1184/2640/660
f 1522/2641/661 1524/2642/661 1525/2643/661 1523/2644/661
f 1181/2645/662 1183/2646/662 1184/2647/662 1182/2648/662
f 1524/2649/663 1526/2650/663 1527/2651/663 1525/2652/663
f 1179/2653/664 1181/2654/664 1182/2655/664 1180/2656/664
f 1526/2657/665 1528/2658/665 1529/2659/665 1527/2660/665
f 1177/2661/666 1179/2662/666 1180/2663/666 1178/2664/666
f 1528/2665/667 1530/2666/667 1531/2667/667 1529/2668/667
f 1175/2669/668 1177/2670/668 1178/2671/668 1176/2672/668
f 1530/2673/669 1532/2674/669 1533/2675/669 1531/2676/669
f 1173/2677/670 1175/2678/670 1176/2679/670 1174/2680/670
f 1532/2681/671 1534/2682/671 1535/2683/671 1533/2684/671
f 1171/2685/672 1173/2686/672 1174/2687/672 1172/2688/672
f 1534/2689/673 1536/2690/673 1537/2691/673 1535/2692/673
f 1169/2693/674 1171/2694/674 1172/2695/674 1170/2696/674
f 1536/2697/675 1538/2698/675 1539/2699/675 1537/2700/675
f 1167/2701/676 1169/2702/676 1170/2703/676 1168/2704/676
f 1538/2705/677 1540/2706/677 1541/2707/677 1539/2708/677
f 1165/2709/678 1167/2710/678 1168/2711/678 1166/2712/678
f 1540/2713/679 1542/2714/679 1543/2715/679 1541/2716/679
f 1163/2717/680 1165/2718/680 1166/2719/680 1164/2720/680
f 1542/2721/681 1544/2722/681 1545/2723/681 1543/2724/681
f 1162/2725/682 1163/2726/682 1164/2727/682 1161/2728/682
f 1544/2729/683 1546/2730/683 1547/2731/683 1545/2732/683
f 1159/2733/684 1162/2734/684 1161/2735/684 1160/2736/684
f 1546/2737/685 1548/2738/685 1549/2739/685 1547/2740/685
f 1157/2741/686 1159/2742/686 1160/2743/686 1158/2744/686
f 1548/2745/687 1550/2746/687 1551/2747/687 1549/2748/687
f 1155/2749/688 1157/2750/688 1158/2751/688 1156/2752/688
f 1550/2753/689 1552/2754/689 1553/2755/689 1551/2756/689
f 1153/2757/690 1155/2758/690 1156/2759/690 1154/2760/690
f 1552/2761/691 1554/2762/691 1555/2763/691 1553/2764/691
f 1151/2765/692 1153/2766/692 1154/2767/692 1152/2768/692
f 1554/2769/693 1556/2770/693 1557/2771/693 1555/2772/693
f 1149/2773/694 1151/2774/694 1152/2775/694 1150/2776/694
f 1556/2777/695 1558/2778/695 1559/2779/695 1557/2780/695
f 1147/2781/696 1149/2782/696 1150/2783/696 1148/2784/696
f 1558/2785/697 1560/2786/697 1561/2787/697 1559/2788/697
f 1145/2789/698 1147/2790/698 1148/2791/698 1146/2792/698
f 1560/2793/699 1562/2794/699 1563/2795/699 1561/2796/699
f 1143/2797/700 1145/2798/700 1146/2799/700 1144/2800/700
f 1562/2801/701 1564/2802/701 1565/2803/701 1563/2804/701
f 1141/2805/702 1143/2806/702 1144/2807/702 1142/2808/702
f 1564/2809/703 1566/2810/703 1567/2811/703 1565/2812/703
f 1139/2813/704 1141/2814/704 1142/2815/704 1140/2816/704
f 1566/2817/705 1568/2818/705 1569/2819/705 1567/2820/705
f 1137/2821/706 1139/2822/706 1140/2823/706 1138/2824/706
f 1568/2825/707 1570/2826/707 1571/2827/707 1569/2828/707
f 1135/2829/708 1137/2830/708 1138/2831/708 1136/2832/708
f 1570/2833/709 1572/2834/709 1573/2835/709 1571/2836/709
f 1133/2837/710 1135/2838/710 1136/2839/710 1134/2840/710
f 1572/2841/711 1574/2842/711 1575/2843/711 1573/2844/711
f 1131/2845/712 1133/2846/712 1134/2847/712 1132/2848/712
f 1574/2849/713 1576/2850/713 1577/2851/713 1575/2852/713
f 1129/2853/714 1131/2854/714 1132/2855/714 1130/2856/714
f 1576/2857/715 1578/2858/715 1579/2859/715 1577/2860/715
f 1127/2861/716 1129/2862/716 1130/2863/716 1128/2864/716
f 1578/2865/717 1580/2866/717 1581/2867/717 1579/2868/717
f 1125/2869/718 1127/2870/718 1128/2871/718 1126/2872/718
f 1580/2873/719 1582/2874/719 1583/2875/719 1581/2876/719
f 1123/2877/720 1125/2878/720 1126/2879/720 1124/2880/720
f 1582/2881/721 1584/2882/721 1585/2883/721 1583/2884/721
f 1121/2885/722 1123/2886/722 1124/2887/722 1122/2888/722
f 1584/2889/723 1586/2890/723 1587/2891/723 1585/2892/723
f 1119/2893/724 1121/2894/724 1122/2895/724 1120/2896/724
f 1586/2897/725 1588/2898/725 1589/2899/725 1587/2900/725
f 1117/2901/726 1119/2902/726 1120/2903/726 1118/2904/726
f 1588/2905/727 1590/2906/727 1591/2907/727 1589/2908/727
f 1115/2909/728 1117/2910/728 1118/2911/728 1116/2912/728
f 1590/2913/729 1592/2914/729 1593/2915/729 1591/2916/729
f 1113/2917/730 1115/2918/730 1116/2919/730 1114/2920/730
f 1592/2921/731 1594/2922/731 1595/2923/731 1593/2924/731
f 1111/2925/732 1113/2926/732 1114/2927/732 1112/2928/732
f 1594/2929/733 1596/2930/733 1599/2931/733 1595/2932/733
f 1109/2933/734 1111/2934/734 1112/2935/734 1110/2936/734
f 1596/2937/735 1597/2938/735 1598/2939/735 1599/2940/735
f 1107/2941/736 1109/2942/736 1110/2943/736 1108/2944/736
f 1597/2945/737 1600/2946/737 1601/2947/737 1598/2948/737
f 1105/2949/738 1107/2950/738 1108/2951/738 1106/2952/738
f 1600/2953/739 1602/2954/739 1603/2955/739 1601/2956/739
f 1103/2957/740 1105/2958/740 1106/2959/740 1104/2960/740
f 1602/2961/741 1604/2962/741 1605/2963/741 1603/2964/741
f 1101/2965/742 1103/2966/742 1104/2967/742 1102/2968/742
f 1604/2969/743 1606/2970/743 1607/2971/743 1605/2972/743
f 1099/2973/744 1101/2974/744 1102/2975/744 1100/2976/744
f 1606/2977/745 1608/2978/745 1609/2979/745 1607/2980/745
f 1097/2981/746 1099/2982/746 1100/2983/746 1098/2984/746
f 1608/2985/747 1610/2986/747 1611/2987/747 1609/2988/747
f 1095/2989/748 1097/2990/748 1098/2991/748 1096/2992/748
f 1610/2993/749 1612/2994/749 1613/2995/749 1611/2996/749
f 1093/2997/750 1095/2998/750 1096/2999/750 1094/3000/750
f 1612/3001/751 1614/3002/751 1615/3003/751 1613/3004/751
f 1091/3005/752 1093/3006/752 1094/3007/752 1092/3008/752
f 1614/3009/753 1616/3010/753 1617/3011/753 1615/3012/753
f 1089/3013/754 1091/3014/754 1092/3015/754 1090/3016/754
f 1616/3017/755 1618/3018/755 1619/3019/755 1617/3020/755
f 1087/3021/756 1089/3022/756 1090/3023/756 1088/3024/756
f 1618/3025/757 1620/3026/757 1621/3027/757 1619/3028/757
f 1085/3029/758 1087/3030/758 1088/3031/758 1086/3032/758
f 1620/3033/759 1622/3034/759 1623/3035/759 1621/3036/759
f 1083/3037/760 1085/3038/760 1086/3039/760 1084/3040/760
f 1622/3041/761 1624/3042/761 1625/3043/761 1623/3044/761
f 1081/3045/762 1083/3046/762 1084/3047/762 1082/3048/762
f 1624/3049/763 1626/3050/763 1627/3051/763 1625/3052/763
f 1079/3053/764 1081/3054/764 1082/3055/764 1080/3056/764
f 1626/3057/765 1628/3058/765 1629/3059/765 1627/3060/765
f 1076/3061/766 1079/3062/766 1080/3063/766 1077/3064/766
f 1628/3065/767 1630/3066/767 1631/3067/767 1629/3068/767
f 1075/3069/768 1076/3070/768 1077/3071/768 1078/3072/768
f 1630/3073/769 1632/3074/769 1633/3075/769 1631/3076/769
f 1073/3077/770 1075/3078/770 1078/3079/770 1074/3080/770
f 1632/3081/771 1634/3082/771 1635/3083/771 1633/3084/771
f 1071/3085/772 1073/3086/772 1074/3087/772 1072/3088/772
f 1634/3089/773 1636/3090/773 1637/3091/773 1635/3092/773
f 1069/3093/774 1071/3094/774 1072/3095/774 1070/3096/774
f 1636/3097/775 1638/3098/775 1639/3099/775 1637/3100/775
f 1067/3101/776 1069/3102/776 1070/3103/776 1068/3104/776
f 1638/3105/777 1640/3106/777 1641/3107/777 1639/3108/777
f 1065/3109/778 1067/3110/778 1068/3111/778 1066/3112/778
f 1640/3113/779 1642/3114/779 1643/3115/779 1641/3116/779
f 1063/3117/780 1065/3118/780 1066/3119/780 1064/3120/780
f 1642/3121/781 1644/3122/781 1645/3123/781 1643/3124/781
f 1061/3125/782 1063/3126/782 1064/3127/782 1062/3128/782
f 1644/3129/783 1646/3130/783 1647/3131/783 1645/3132/783
f 1059/3133/784 1061/3134/784 1062/3135/784 1060/3136/784
f 1646/3137/785 1648/3138/785 1649/3139/785 1647/3140/785
f 1057/3141/786 1059/3142/786 1060/3143/786 1058/3144/786
f 1648/3145/787 1650/3146/787 1651/3147/787 1649/3148/787
f 1055/3149/788 1057/3150/788 1058/3151/788 1056/3152/788
f 1650/3153/789 1652/3154/789 1653/3155/789 1651/3156/789
f 1053/3157/790 1055/3158/790 1056/3159/790 1054/3160/790
f 1652/3161/791 1654/3162/791 1655/3163/791 1653/3164/791
f 1051/3165/792 1053/3166/792 1054/3167/792 1052/3168/792
f 1654/3169/793 1656/3170/793 1657/3171/793 1655/3172/793
f 1049/3173/794 1051/3174/794 1052/3175/794 1050/3176/794
f 1656/3177/795 1658/3178/795 1659/3179/795 1657/3180/795
f 1047/3181/796 1049/3182/796 1050/3183/796 1048/3184/796
f 1658/3185/797 1660/3186/797 1661/3187/797 1659/3188/797
f 1045/3189/798 1047/3190/798 1048/3191/798 1046/3192/798
f 1660/3193/799 1662/3194/799 1663/3195/799 1661/3196/799
f 1043/3197/800 1045/3198/800 1046/3199/800 1044/3200/800
f 1662/3201/801 1664/3202/801 1665/3203/801 1663/3204/801
f 1038/3205/802 1043/3206/802 1044/3207/802 1039/3208/802
f 1664/3209/803 1666/3210/803 1667/3211/803 1665/3212/803
f 1037/3213/804 1038/3214/804 1039/3215/804 1040/3216/804
f 1666/3217/805 1668/3218/805 1669/3219/805 1667/3220/805
f 1041/3221/806 1037/3222/806 1040/3223/806 1042/3224/806
f 1668/3225/807 1692/3226/807 1693/3227/807 1669/3228/807
f 1035/3229/808 1041/3230/808 1042/3231/808 1036/3232/808
f 1692/3233/809 1690/3234/809 1691/3235/809 1693/3236/809
f 1033/3237/810 1035/3238/810 1036/3239/810 1034/3240/810
f 1690/3241/811 1688/3242/811 1689/3243/811 1691/3244/811
f 1031/3245/812 1033/3246/812 1034/3247/812 1032/3248/812
f 1688/3249/813 1686/3250/813 1687/3251/813 1689/3252/813
f 1029/3253/814 1031/3254/814 1032/3255/814 1030/3256/814
f 1686/3257/815 1684/3258/815 1685/3259/815 1687/3260/815
f 1027/3261/816 1029/3262/816 1030/3263/816 1028/3264/816
f 1684/3265/817 1682/3266/817 1683/3267/817 1685/3268/817
f 1025/3269/818 1027/3270/818 1028/3271/818 1026/3272/818
f 1682/3273/819 1680/3274/819 1681/3275/819 1683/3276/819
f 1023/3277/820 1025/3278/820 1026/3279/820 1024/3280/820
f 1680/3281/821 1678/3282/821 1679/3283/821 1681/3284/821
f 1021/3285/822 1023/3286/822 1024/3287/822 1022/3288/822
f 1678/3289/823 1676/3290/823 1677/3291/823 1679/3292/823
f 1019/3293/824 1021/3294/824 1022/3295/824 1020/3296/824
f 1676/3297/825 1674/3298/825 1675/3299/825 1677/3300/825
f 1017/3301/826 1019/3302/826 1020/3303/826 1018/3304/826
f 1674/3305/827 1670/3306/827 1673/3307/827 1675/3308/827
f 1015/3309/828 1017/3310/828 1018/3311/828 1016/3312/828
f 1670/3313/829 1671/3314/829 1672/3315/829 1673/3316/829
f 1013/3317/830 1015/3318/830 1016/3319/830 1014/3320/830
f 1671/3321/831 1694/3322/831 1695/3323/831 1672/3324/831
f 1011/3325/832 1013/3326/832 1014/3327/832 1012/3328/832
f 1694/3329/833 1696/3330/833 1697/3331/833 1695/3332/833
f 1009/3333/834 1011/3334/834 1012/3335/834 1010/3336/834
f 1696/3337/835 1698/3338/835 1699/3339/835 1697/3340/835
f 1007/3341/836 1009/3342/836 1010/3343/836 1008/3344/836
f 1698/3345/837 1700/3346/837 1701/3347/837 1699/3348/837
f 1005/3349/838 1007/3350/838 1008/3351/838 1006/3352/838
f 1700/3353/839 1702/3354/839 1703/3355/839 1701/3356/839
f 1003/3357/840 1005/3358/840 1006/3359/840 1004/3360/840
f 1702/3361/841 1704/3362/841 1705/3363/841 1703/3364/841
f 1001/3365/842 1003/3366/842 1004/3367/842 1002/3368/842
f 1704/3369/843 1706/3370/843 1707/3371/843 1705/3372/843
f 999/3373/844 1001/3374/844 1002/3375/844 1000/3376/844
f 1706/3377/845 1708/3378/845 1709/3379/845 1707/3380/845
f 997/3381/846 999/3382/846 1000/3383/846 998/3384/846
f 1708/3385/847 1710/3386/847 1711/3387/847 1709/3388/847
f 995/3389/848 997/3390/848 998/3391/848 996/3392/848
f 1710/3393/849 1712/3394/849 1713/3395/849 1711/3396/849
f 993/3397/850 995/3398/850 996/3399/850 994/3400/850
f 1712/3401/851 1714/3402/851 1715/3403/851 1713/3404/851
f 991/3405/852 993/3406/852 994/3407/852 992/3408/852
f 1714/3409/853 1716/3410/853 1717/3411/853 1715/3412/853
f 989/3413/854 991/3414/854 992/3415/854 990/3416/854
f 1716/3417/855 1718/3418/855 1719/3419/855 1717/3420/855
f 987/3421/856 989/3422/856 990/3423/856 988/3424/856
f 1718/3425/857 1720/3426/857 1721/3427/857 1719/3428/857
f 985/3429/858 987/3430/858 988/3431/858 986/3432/858
f 1720/3433/859 1722/3434/859 1723/3435/859 1721/3436/859
f 983/3437/860 985/3438/860 986/3439/860 984/3440/860
f 1722/3441/861 1724/3442/861 1725/3443/861 1723/3444/861
f 981/3445/862 983/3446/862 984/3447/862 982/3448/862
f 1724/3449/863 1726/3450/863 1727/3451/863 1725/3452/863
f 979/3453/864 981/3454/864 982/3455/864 980/3456/864
f 1726/3457/865 1345/3458/865 1348/3459/865 1727/3460/865
f 977/3461/866 979/3462/866 980/3463/866 978/3464/866
f 1345/3465/867 1346/3466/867 1347/3467/867 1348/3468/867
f 975/3469/868 977/3470/868 978/3471/868 976/3472/868
f 1346/3473/869 1349/3474/869 1350/3475/869 1347/3476/869
f 973/3477/870 975/3478/870 976/3479/870 974/3480/870
f 1349/3481/871 1351/3482/871 1352/3483/871 1350/3484/871
f 971/3485/872 973/3486/872 974/3487/872 972/3488/872
f 1351/3489/873 1353/3490/873 1354/3491/873 1352/3492/873
f 969/3493/874 971/3494/874 972/3495/874 970/3496/874
f 1353/3497/875 1355/3498/875 1356/3499/875 1354/3500/875
f 967/3501/876 969/3502/876 970/3503/876 968/3504/876
f 1355/3505/877 1357/3506/877 1358/3507/877 1356/3508/877
f 965/3509/878 967/3510/878 968/3511/878 966/3512/878
f 1357/3513/879 1359/3514/879 1360/3515/879 1358/3516/879
f 962/3517/880 965/3518/880 966/3519/880 963/3520/880
f 1359/3521/881 1361/3522/881 1362/3523/881 1360/3524/881
f 961/3525/882 962/3526/882 963/3527/882 964/3528/882
f 1361/3529/883 1363/3530/883 1364/3531/883 1362/3532/883
f 1343/3533/884 961/3534/884 964/3535/884 1344/3536/884
f 1363/3537/885 1365/3538/885 1366/3539/885 1364/3540/885
f 1341/3541/886 1343/3542/886 1344/3543/886 1342/3544/886
f 1365/3545/887 1367/3546/887 1368/3547/887 1366/3548/887
f 1339/3549/888 1341/3550/888 1342/3551/888 1340/3552/888
f 1367/3553/889 1369/3554/889 1370/3555/889 1368/3556/889
f 1337/3557/890 1339/3558/890 1340/3559/890 1338/3560/890
f 1369/3561/891 1371/3562/891 1728/3563/891 1370/3564/891
f 1335/3565/892 1337/3566/892 1338/3567/892 1336/3568/892
f 1371/3569/893 1373/3570/893 1372/3571/893 1728/3572/893
f 1333/3573/894 1335/3574/894 1336/3575/894 1334/3576/894
f 1373/3577/895 1374/3578/895 1375/3579/895 1372/3580/895
f 1331/3581/896 1333/3582/896 1334/3583/896 1332/3584/896
f 1374/3585/897 1376/3586/897 1377/3587/897 1375/3588/897
f 1329/3589/898 1331/3590/898 1332/3591/898 1330/3592/898
f 1376/3593/899 1378/3594/899 1379/3595/899 1377/3596/899
f 1327/3597/900 1329/3598/900 1330/3599/900 1328/3600/900
f 1378/3601/901 1380/3602/901 1381/3603/901 1379/3604/901
f 1325/3605/902 1327/3606/902 1328/3607/902 1326/3608/902
f 1380/3609/903 1382/3610/903 1383/3611/903 1381/3612/903
f 1323/3613/904 1325/3614/904 1326/3615/904 1324/3616/904
f 1382/3617/905 1384/3618/905 1385/3619/905 1383/3620/905
f 1320/3621/906 1323/3622/906 1324/3623/906 1321/3624/906
f 1384/3625/907 1386/3626/907 1387/3627/907 1385/3628/907
f 1319/3629/908 1320/3630/908 1321/3631/908 1322/3632/908
f 1386/3633/909 1388/3634/909 1389/3635/909 1387/3636/909
f 1317/3637/910 1319/3638/910 1322/3639/910 1318/3640/910
f 1388/3641/911 1390/3642/911 1391/3643/911 1389/3644/911
f 1315/3645/912 1317/3646/912 1318/3647/912 1316/3648/912
f 1390/3649/913 1392/3650/913 1393/3651/913 1391/3652/913
f 1313/3653/914 1315/3654/914 1316/3655/914 1314/3656/914
f 1392/3657/915 1394/3658/915 1395/3659/915 1393/3660/915
f 1311/3661/916 1313/3662/916 1314/3663/916 1312/3664/916
f 1394/3665/917 1396/3666/917 1397/3667/917 1395/3668/917
f 1309/3669/918 1311/3670/918 1312/3671/918 1310/3672/918
f 1396/3673/919 1398/3674/919 1399/3675/919 1397/3676/919
f 1307/3677/920 1309/3678/920 1310/3679/920 1308/3680/920
f 1398/3681/921 1400/3682/921 1401/3683/921 1399/3684/921
f 1305/3685/922 1307/3686/922 1308/3687/922 1306/3688/922
f 1400/3689/923 1402/3690/923 1403/3691/923 1401/3692/923
f 1303/3693/924 1305/3694/924 1306/3695/924 1304/3696/924
f 1402/3697/925 1404/3698/925 1405/3699/925 1403/3700/925
f 1301/3701/926 1303/3702/926 1304/3703/926 1302/3704/926
f 1404/3705/927 1406/3706/927 1407/3707/927 1405/3708/927
f 1299/3709/928 1301/3710/928 1302/3711/928 1300/3712/928
f 1406/3713/929 1408/3714/929 1409/3715/929 1407/3716/929
f 1297/3717/930 1299/3718/930 1300/3719/930 1298/3720/930
f 1408/3721/931 1410/3722/931 1411/3723/931 1409/3724/931
f 1295/3725/932 1297/3726/932 1298/3727/932 1296/3728/932
f 1410/3729/933 1412/3730/933 1413/3731/933 1411/3732/933
f 1293/3733/934 1295/3734/934 1296/3735/934 1294/3736/934
f 1412/3737/935 1414/3738/935 1415/3739/935 1413/3740/935
f 1291/3741/936 1293/3742/936 1294/3743/936 1292/3744/936
f 1414/3745/937 1416/3746/937 1417/3747/937 1415/3748/937
f 1289/3749/938 1291/3750/938 1292/3751/938 1290/3752/938
f 1416/3753/939 1418/3754/939 1419/3755/939 1417/3756/939
f 1287/3757/940 1289/3758/940 1290/3759/940 1288/3760/940
f 1418/3761/941 1420/3762/941 1421/3763/941 1419/3764/941
f 1285/3765/942 1287/3766/942 1288/3767/942 1286/3768/942
f 1420/3769/943 1422/3770/943 1423/3771/943 1421/3772/943
f 1283/3773/944 1285/3774/944 1286/3775/944 1284/3776/944
f 1422/3777/945 1424/3778/945 1425/3779/945 1423/3780/945
f 1281/3781/946 1283/3782/946 1284/3783/946 1282/3784/946
f 1424/3785/947 1426/3786/947 1429/3787/947 1425/3788/947
f 1279/3789/948 1281/3790/948 1282/3791/948 1280/3792/948
f 1426/3793/949 1427/3794/949 1428/3795/949 1429/3796/949
f 1277/3797/950 1279/3798/950 1280/3799/950 1278/3800/950
f 1427/3801/951 1430/3802/951 1431/3803/951 1428/3804/951
f 1275/3805/952 1277/3806/952 1278/3807/952 1276/3808/952
f 1430/3809/953 1432/3810/953 1433/3811/953 1431/3812/953
f 1273/3813/954 1275/3814/954 1276/3815/954 1274/3816/954
f 1432/3817/955 1434/3818/955 1435/3819/955 1433/3820/955
f 1271/3821/956 1273/3822/956 1274/3823/956 1272/3824/956
f 1434/3825/957 1436/3826/957 1437/3827/957 1435/3828/957
f 1269/3829/958 1271/3830/958 1272/3831/958 1270/3832/958
f 1436/3833/959 1438/3834/959 1439/3835/959 1437/3836/959
f 1267/3837/960 1269/3838/960 1270/3839/960 1268/3840/960
f 962/3841/961 961/3842/961 693/3843/961 691/3844/961
f 964/3845/962 963/3846/962 307/3847/962 309/3848/962
f 965/3849/963 962/3850/963 691/3851/963 689/3852/963
f 963/3853/964 966/3854/964 305/3855/964 307/3856/964
f 967/3857/965 965/3858/965 689/3859/965 687/3860/965
f 966/3861/966 968/3862/966 303/3863/966 305/3864/966
f 969/3865/967 967/3866/967 687/3867/967 685/3868/967
f 968/3869/968 970/3870/968 301/3871/968 303/3872/968
f 971/3873/969 969/3874/969 685/3875/969 683/3876/969
f 970/3877/970 972/3878/970 299/3879/970 301/3880/970
f 973/3881/971 971/3882/971 683/3883/971 681/3884/971
f 972/3885/972 974/3886/972 297/3887/972 299/3888/972
f 975/3889/973 973/3890/973 681/3891/973 679/3892/973
f 974/3893/974 976/3894/974 295/3895/974 297/3896/974
f 977/3897/975 975/3898/975 679/3899/975 677/3900/975
f 976/3901/976 978/3902/976 293/3903/976 295/3904/976
f 979/3905/977 977/3906/977 677/3907/977 675/3908/977
f 978/3909/978 980/3910/978 291/3911/978 293/3912/978
f 981/3913/979 979/3914/979 675/3915/979 673/3916/979
f 980/3917/980 982/3918/980 289/3919/980 291/3920/980
f 983/3921/981 981/3922/981 673/3923/981 671/3924/981
f 982/3925/982 984/3926/982 287/3927/982 289/3928/982
f 985/3929/983 983/3930/983 671/3931/983 669/3932/983
f 984/3933/984 986/3934/984 285/3935/984 287/3936/984
f 987/3937/985 985/3938/985 669/3939/985 667/3940/985
f 986/3941/986 988/3942/986 283/3943/986 285/3944/986
f 989/3945/987 987/3946/987 667/3947/987 665/3948/987
f 988/3949/988 990/3950/988 281/3951/988 283/3952/988
f 991/3953/989 989/3954/989 665/3955/989 663/3956/989
f 990/3957/990 992/3958/990 279/3959/990 281/3960/990
f 993/3961/991 991/3962/991 663/3963/991 661/3964/991
f 992/3965/992 994/3966/992 277/3967/992 279/3968/992
f 995/3969/993 993/3970/993 661/3971/993 659/3972/993
f 994/3973/994 996/3974/994 275/3975/994 277/3976/994
f 997/3977/995 995/3978/995 659/3979/995 657/3980/995
f 996/3981/996 998/3982/996 273/3983/996 275/3984/996
f 999/3985/997 997/3986/997 657/3987/997 655/3988/997
f 998/3989/998 1000/3990/998 271/3991/998 273/3992/998
f 1001/3993/999 999/3994/999 655/3995/999 653/3996/999
f 1000/3997/1000 1002/3998/1000 269/3999/1000 271/4000/1000
f 1003/4001/1001 1001/4002/1001 653/4003/1001 651/4004/1001
f 1002/4005/1002 1004/4006/1002 267/4007/1002 269/4008/1002
f 1005/4009/1003 1003/4010/1003 651/4011/1003 649/4012/1003
f 1004/4013/1004 1006/4014/1004 265/4015/1004 267/4016/1004
f 1007/4017/1005 1005/4018/1005 649/4019/1005 647/4020/1005
f 1006/4021/1006 1008/4022/1006 263/4023/1006 265/4024/1006
f 1009/4025/1007 1007/4026/1007 647/4027/1007 645/4028/1007
f 1008/4029/1008 1010/4030/1008 261/4031/1008 263/4032/1008
f 1011/4033/1009 1009/4034/1009 645/4035/1009 643/4036/1009
f 1010/4037/1010 1012/4038/1010 259/4039/1010 261/4040/1010
f 1013/4041/1011 1011/4042/1011 643/4043/1011 641/4044/1011
f 1012/4045/1012 1014/4046/1012 257/4047/1012 259/4048/1012
f 1015/4049/1013 1013/4050/1013 641/4051/1013 639/4052/1013
f 1014/4053/1014 1016/4054/1014 255/4055/1014 257/4056/1014
f 1017/4057/1015 1015/4058/1015 639/4059/1015 637/4060/1015
f 1016/4061/1016 1018/4062/1016 253/4063/1016 255/4064/1016
f 1019/4065/1017 1017/4066/1017 637/4067/1017 635/4068/1017
f 1018/4069/1018 1020/4070/1018 251/4071/1018 253/4072/1018
f 1021/4073/1019 1019/4074/1019 635/4075/1019 633/4076/1019
f 1020/4077/1020 1022/4078/1020 249/4079/1020 251/4080/1020
f 1023/4081/1021 1021/4082/1021 633/4083/1021 631/4084/1021
f 1022/4085/1022 1024/4086/1022 247/4087/1022 249/4088/1022
f 1025/4089/1023 1023/4090/1023 631/4091/1023 629/4092/1023
f 1024/4093/1024 1026/4094/1024 245/4095/1024 247/4096/1024
f 1027/4097/1025 1025/4098/1025 629/4099/1025 627/4100/1025
f 1026/4101/1026 1028/4102/1026 243/4103/1026 245/4104/1026
f 1029/4105/1027 1027/4106/1027 627/4107/1027 625/4108/1027
f 1028/4109/1028 1030/4110/1028 1/4111/1028 243/4112/1028
f 1031/4113/1029 1029/4114/1029 625/4115/1029 623/4116/1029
f 1030/4117/1030 1032/4118/1030 240/4119/1030 1/4120/1030
f 1033/4121/1031 1031/4122/1031 623/4123/1031 621/4124/1031
f 1032/4125/1032 1034/4126/1032 238/4127/1032 240/4128/1032
f 1035/4129/1033 1033/4130/1033 621/4131/1033 619/4132/1033
f 1034/4133/1034 1036/4134/1034 236/4135/1034 238/4136/1034
f 1038/4137/1035 1037/4138/1035 615/4139/1035 613/4140/1035
f 1040/4141/1036 1039/4142/1036 230/4143/1036 232/4144/1036
f 1037/4145/1037 1041/4146/1037 617/4147/1037 615/4148/1037
f 1042/4149/1038 1040/4150/1038 232/4151/1038 234/4152/1038
f 1041/4153/1039 1035/4154/1039 619/4155/1039 617/4156/1039
f 1036/4157/1040 1042/4158/1040 234/4159/1040 236/4160/1040
f 1043/4161/1041 1038/4162/1041 613/4163/1041 611/4164/1041
f 1039/4165/1042 1044/4166/1042 228/4167/1042 230/4168/1042
f 1045/4169/1043 1043/4170/1043 611/4171/1043 609/4172/1043
f 1044/4173/1044 1046/4174/1044 226/4175/1044 228/4176/1044
f 1047/4177/1045 1045/4178/1045 609/4179/1045 607/4180/1045
f 1046/4181/1046 1048/4182/1046 224/4183/1046 226/4184/1046
f 1049/4185/1047 1047/4186/1047 607/4187/1047 605/4188/1047
f 1048/4189/1048 1050/4190/1048 222/4191/1048 224/4192/1048
f 1051/4193/1049 1049/4194/1049 605/4195/1049 603/4196/1049
f 1050/4197/1050 1052/4198/1050 220/4199/1050 222/4200/1050
f 1053/4201/1051 1051/4202/1051 603/4203/1051 601/4204/1051
f 1052/4205/1052 1054/4206/1052 218/4207/1052 220/4208/1052
f 1055/4209/1053 1053/4210/1053 601/4211/1053 599/4212/1053
f 1054/4213/1054 1056/4214/1054 216/4215/1054 218/4216/1054
f 1057/4217/1055 1055/4218/1055 599/4219/1055 597/4220/1055
f 1056/4221/1056 1058/4222/1056 214/4223/1056 216/4224/1056
f 1059/4225/1057 1057/4226/1057 597/4227/1057 595/4228/1057
f 1058/4229/1058 1060/4230/1058 212/4231/1058 214/4232/1058
f 1061/4233/1059 1059/4234/1059 595/4235/1059 593/4236/1059
f 1060/4237/1060 1062/4238/1060 210/4239/1060 212/4240/1060
f 1063/4241/1061 1061/4242/1061 593/4243/1061 591/4244/1061
f 1062/4245/1062 1064/4246/1062 208/4247/1062 210/4248/1062
f 1065/4249/1063 1063/4250/1063 591/4251/1063 589/4252/1063
f 1064/4253/1064 1066/4254/1064 206/4255/1064 208/4256/1064
f 1067/4257/1065 1065/4258/1065 589/4259/1065 587/4260/1065
f 1066/4261/1066 1068/4262/1066 204/4263/1066 206/4264/1066
f 1069/4265/1067 1067/4266/1067 587/4267/1067 585/4268/1067
f 1068/4269/1068 1070/4270/1068 202/4271/1068 204/4272/1068
f 1071/4273/1069 1069/4274/1069 585/4275/1069 583/4276/1069
f 1070/4277/1070 1072/4278/1070 200/4279/1070 202/4280/1070
f 1073/4281/1071 1071/4282/1071 583/4283/1071 581/4284/1071
f 1072/4285/1072 1074/4286/1072 198/4287/1072 200/4288/1072
f 1076/4289/1073 1075/4290/1073 579/4291/1073 577/4292/1073
f 1078/4293/1074 1077/4294/1074 194/4295/1074 196/4296/1074
f 1075/4297/1075 1073/4298/1075 581/4299/1075 579/4300/1075
f 1074/4301/1076 1078/4302/1076 196/4303/1076 198/4304/1076
f 1079/4305/1077 1076/4306/1077 577/4307/1077 575/4308/1077
f 1077/4309/1078 1080/4310/1078 192/4311/1078 194/4312/1078
f 1081/4313/1079 1079/4314/1079 575/4315/1079 573/4316/1079
f 1080/4317/1080 1082/4318/1080 190/4319/1080 192/4320/1080
f 1083/4321/1081 1081/4322/1081 573/4323/1081 571/4324/1081
f 1082/4325/1082 1084/4326/1082 188/4327/1082 190/4328/1082
f 1085/4329/1083 1083/4330/1083 571/4331/1083 569/4332/1083
f 1084/4333/1084 1086/4334/1084 186/4335/1084 188/4336/1084
f 1087/4337/1085 1085/4338/1085 569/4339/1085 567/4340/1085
f 1086/4341/1086 1088/4342/1086 184/4343/1086 186/4344/1086
f 1089/4345/1087 1087/4346/1087 567/4347/1087 565/4348/1087
f 1088/4349/1088 1090/4350/1088 182/4351/1088 184/4352/1088
f 1091/4353/1089 1089/4354/1089 565/4355/1089 563/4356/1089
f 1090/4357/1090 1092/4358/1090 180/4359/1090 182/4360/1090
f 1093/4361/1091 1091/4362/1091 563/4363/1091 561/4364/1091
f 1092/4365/1092 1094/4366/1092 178/4367/1092 180/4368/1092
f 1095/4369/1093 1093/4370/1093 561/4371/1093 559/4372/1093
f 1094/4373/1094 1096/4374/1094 176/4375/1094 178/4376/1094
f 1097/4377/1095 1095/4378/1095 559/4379/1095 557/4380/1095
f 1096/4381/1096 1098/4382/1096 174/4383/1096 176/4384/1096
f 1099/4385/1097 1097/4386/1097 557/4387/1097 555/4388/1097
f 1098/4389/1098 1100/4390/1098 172/4391/1098 174/4392/1098
f 1101/4393/1099 1099/4394/1099 555/4395/1099 553/4396/1099
f 1100/4397/1100 1102/4398/1100 170/4399/1100 172/4400/1100
f 1103/4401/1101 1101/4402/1101 553/4403/1101 551/4404/1101
f 1102/4405/1102 1104/4406/1102 168/4407/1102 170/4408/1102
f 1105/4409/1103 1103/4410/1103 551/4411/1103 549/4412/1103
f 1104/4413/1104 1106/4414/1104 166/4415/1104 168/4416/1104
f 1107/4417/1105 1105/4418/1105 549/4419/1105 547/4420/1105
f 1106/4421/1106 1108/4422/1106 164/4423/1106 166/4424/1106
f 1109/4425/1107 1107/4426/1107 547/4427/1107 545/4428/1107
f 1108/4429/1108 1110/4430/1108 162/4431/1108 164/4432/1108
f 1111/4433/1109 1109/4434/1109 545/4435/1109 543/4436/1109
f 1110/4437/1110 1112/4438/1110 160/4439/1110 162/4440/1110
f 1113/4441/1111 1111/4442/1111 543/4443/1111 541/4444/1111
f 1112/4445/1112 1114/4446/1112 158/4447/1112 160/4448/1112
f 1115/4449/1113 1113/4450/1113 541/4451/1113 539/4452/1113
f 1114/4453/1114 1116/4454/1114 156/4455/1114 158/4456/1114
f 1117/4457/1115 1115/4458/1115 539/4459/1115 537/4460/1115
f 1116/4461/1116 1118/4462/1116 154/4463/1116 156/4464/1116
f 1119/4465/1117 1117/4466/1117 537/4467/1117 535/4468/1117
f 1118/4469/1118 1120/4470/1118 152/4471/1118 154/4472/1118
f 1121/4473/1119 1119/4474/1119 535/4475/1119 533/4476/1119
f 1120/4477/1120 1122/4478/1120 150/4479/1120 152/4480/1120
f 1123/4481/1121 1121/4482/1121 533/4483/1121 531/4484/1121
f 1122/4485/1122 1124/4486/1122 148/4487/1122 150/4488/1122
f 1125/4489/1123 1123/4490/1123 531/4491/1123 529/4492/1123
f 1124/4493/1124 1126/4494/1124 146/4495/1124 148/4496/1124
f 1127/4497/1125 1125/4498/1125 529/4499/1125 527/4500/1125
f 1126/4501/1126 1128/4502/1126 144/4503/1126 146/4504/1126
f 1129/4505/1127 1127/4506/1127 527/4507/1127 525/4508/1127
f 1128/4509/1128 1130/4510/1128 142/4511/1128 144/4512/1128
f 1131/4513/1129 1129/4514/1129 525/4515/1129 523/4516/1129
f 1130/4517/1130 1132/4518/1130 140/4519/1130 142/4520/1130
f 1133/4521/1131 1131/4522/1131 523/4523/1131 521/4524/1131
f 1132/4525/1132 1134/4526/1132 138/4527/1132 140/4528/1132
f 1135/4529/1133 1133/4530/1133 521/4531/1133 519/4532/1133
f 1134/4533/1134 1136/4534/1134 136/4535/1134 138/4536/1134
f 1137/4537/1135 1135/4538/1135 519/4539/1135 517/4540/1135
f 1136/4541/1136 1138/4542/1136 134/4543/1136 136/4544/1136
f 1139/4545/1137 1137/4546/1137 517/4547/1137 515/4548/1137
f 1138/4549/1138 1140/4550/1138 132/4551/1138 134/4552/1138
f 1141/4553/1139 1139/4554/1139 515/4555/1139 513/4556/1139
f 1140/4557/1140 1142/4558/1140 130/4559/1140 132/4560/1140
f 1143/4561/1141 1141/4562/1141 513/4563/1141 511/4564/1141
f 1142/4565/1142 1144/4566/1142 128/4567/1142 130/4568/1142
f 1145/4569/1143 1143/4570/1143 511/4571/1143 509/4572/1143
f 1144/4573/1144 1146/4574/1144 126/4575/1144 128/4576/1144
f 1147/4577/1145 1145/4578/1145 509/4579/1145 507/4580/1145
f 1146/4581/1146 1148/4582/1146 124/4583/1146 126/4584/1146
f 1149/4585/1147 1147/4586/1147 507/4587/1147 505/4588/1147
f 1148/4589/1148 1150/4590/1148 122/4591/1148 124/4592/1148
f 1151/4593/1149 1149/4594/1149 505/4595/1149 503/4596/1149
f 1150/4597/1150 1152/4598/1150 120/4599/1150 122/4600/1150
f 1153/4601/1151 1151/4602/1151 503/4603/1151 501/4604/1151
f 1152/4605/1152 1154/4606/1152 118/4607/1152 120/4608/1152
f 1155/4609/1153 1153/4610/1153 501/4611/1153 499/4612/1153
f 1154/4613/1154 1156/4614/1154 116/4615/1154 118/4616/1154
f 1157/4617/1155 1155/4618/1155 499/4619/1155 497/4620/1155
f 1156/4621/1156 1158/4622/1156 114/4623/1156 116/4624/1156
f 1159/4625/1157 1157/4626/1157 497/4627/1157 495/4628/1157
f 1158/4629/1158 1160/4630/1158 112/4631/1158 114/4632/1158
f 1162/4633/1159 1159/4634/1159 495/4635/1159 493/4636/1159
f 1160/4637/1160 1161/4638/1160 110/4639/1160 112/4640/1160
f 1163/4641/1161 1162/4642/1161 493/4643/1161 491/4644/1161
f 1161/4645/1162 1164/4646/1162 108/4647/1162 110/4648/1162
f 1165/4649/1163 1163/4650/1163 491/4651/1163 489/4652/1163
f 1164/4653/1164 1166/4654/1164 106/4655/1164 108/4656/1164
f 1167/4657/1165 1165/4658/1165 489/4659/1165 487/4660/1165
f 1166/4661/1166 1168/4662/1166 104/4663/1166 106/4664/1166
f 1169/4665/1167 1167/4666/1167 487/4667/1167 485/4668/1167
f 1168/4669/1168 1170/4670/1168 102/4671/1168 104/4672/1168
f 1171/4673/1169 1169/4674/1169 485/4675/1169 483/4676/1169
f 1170/4677/1170 1172/4678/1170 100/4679/1170 102/4680/1170
f 1173/4681/1171 1171/4682/1171 483/4683/1171 481/4684/1171
f 1172/4685/1172 1174/4686/1172 98/4687/1172 100/4688/1172
f 1175/4689/1173 1173/4690/1173 481/4691/1173 479/4692/1173
f 1174/4693/1174 1176/4694/1174 96/4695/1174 98/4696/1174
f 1177/4697/1175 1175/4698/1175 479/4699/1175 477/4700/1175
f 1176/4701/1176 1178/4702/1176 94/4703/1176 96/4704/1176
f 1179/4705/1177 1177/4706/1177 477/4707/1177 475/4708/1177
f 1178/4709/1178 1180/4710/1178 92/4711/1178 94/4712/1178
f 1181/4713/1179 1179/4714/1179 475/4715/1179 473/4716/1179
f 1180/4717/1180 1182/4718/1180 90/4719/1180 92/4720/1180
f 1183/4721/1181 1181/4722/1181 473/4723/1181 471/4724/1181
f 1182/4725/1182 1184/4726/1182 88/4727/1182 90/4728/1182
f 1185/4729/1183 1183/4730/1183 471/4731/1183 469/4732/1183
f 1184/4733/1184 1186/4734/1184 86/4735/1184 88/4736/1184
f 1187/4737/1185 1185/4738/1185 469/4739/1185 467/4740/1185
f 1186/4741/1186 1188/4742/1186 84/4743/1186 86/4744/1186
f 1189/4745/1187 1187/4746/1187 467/4747/1187 465/4748/1187
f 1188/4749/1188 1190/4750/1188 82/4751/1188 84/4752/1188
f 1191/4753/1189 1189/4754/1189 465/4755/1189 463/4756/1189
f 1190/4757/1190 1192/4758/1190 80/4759/1190 82/4760/1190
f 1193/4761/1191 1191/4762/1191 463/4763/1191 461/4764/1191
f 1192/4765/1192 1194/4766/1192 78/4767/1192 80/4768/1192
f 1195/4769/1193 1193/4770/1193 461/4771/1193 459/4772/1193
f 1194/4773/1194 1196/4774/1194 76/4775/1194 78/4776/1194
f 1197/4777/1195 1195/4778/1195 459/4779/1195 457/4780/1195
f 1196/4781/1196 1198/4782/1196 74/4783/1196 76/4784/1196
f 1199/4785/1197 1197/4786/1197 457/4787/1197 455/4788/1197
f 1198/4789/1198 1200/4790/1198 72/4791/1198 74/4792/1198
f 1201/4793/1199 1199/4794/1199 455/4795/1199 453/4796/1199
f 1200/4797/1200 1202/4798/1200 70/4799/1200 72/4800/1200
f 1203/4801/1201 1201/4802/1201 453/4803/1201 451/4804/1201
f 1202/4805/1202 1204/4806/1202 68/4807/1202 70/4808/1202
f 1205/4809/1203 1203/4810/1203 451/4811/1203 449/4812/1203
f 1204/4813/1204 1206/4814/1204 66/4815/1204 68/4816/1204
f 1207/4817/1205 1205/4818/1205 449/4819/1205 447/4820/1205
f 1206/4821/1206 1208/4822/1206 64/4823/1206 66/4824/1206
f 1209/4825/1207 1207/4826/1207 447/4827/1207 445/4828/1207
f 1208/4829/1208 1210/4830/1208 62/4831/1208 64/4832/1208
f 1211/4833/1209 1209/4834/1209 445/4835/1209 443/4836/1209
f 1210/4837/1210 1212/4838/1210 60/4839/1210 62/4840/1210
f 1213/4841/1211 1211/4842/1211 443/4843/1211 441/4844/1211
f 1212/4845/1212 1214/4846/1212 58/4847/1212 60/4848/1212
f 1215/4849/1213 1213/4850/1213 441/4851/1213 439/4852/1213
f 1214/4853/1214 1216/4854/1214 56/4855/1214 58/4856/1214
f 1217/4857/1215 1215/4858/1215 439/4859/1215 437/4860/1215
f 1216/4861/1216 1218/4862/1216 54/4863/1216 56/4864/1216
f 1219/4865/1217 1217/4866/1217 437/4867/1217 435/4868/1217
f 1218/4869/1218 1220/4870/1218 52/4871/1218 54/4872/1218
f 1221/4873/1219 1219/4874/1219 435/4875/1219 433/4876/1219
f 1220/4877/1220 1222/4878/1220 50/4879/1220 52/4880/1220
f 1223/4881/1221 1221/4882/1221 433/4883/1221 431/4884/1221
f 1222/4885/1222 1224/4886/1222 48/4887/1222 50/4888/1222
f 1225/4889/1223 1223/4890/1223 431/4891/1223 429/4892/1223
f 1224/4893/1224 1226/4894/1224 46/4895/1224 48/4896/1224
f 1227/4897/1225 1225/4898/1225 429/4899/1225 427/4900/1225
f 1226/4901/1226 1228/4902/1226 44/4903/1226 46/4904/1226
f 1229/4905/1227 1227/4906/1227 427/4907/1227 425/4908/1227
f 1228/4909/1228 1230/4910/1228 42/4911/1228 44/4912/1228
f 1231/4913/1229 1229/4914/1229 425/4915/1229 423/4916/1229
f 1230/4917/1230 1232/4918/1230 40/4919/1230 42/4920/1230
f 1233/4921/1231 1231/4922/1231 423/4923/1231 421/4924/1231
f 1232/4925/1232 1234/4926/1232 38/4927/1232 40/4928/1232
f 1235/4929/1233 1233/4930/1233 421/4931/1233 419/4932/1233
f 1234/4933/1234 1236/4934/1234 36/4935/1234 38/4936/1234
f 1237/4937/1235 1235/4938/1235 419/4939/1235 417/4940/1235
f 1236/4941/1236 1238/4942/1236 34/4943/1236 36/4944/1236
f 1239/4945/1237 1237/4946/1237 417/4947/1237 415/4948/1237
f 1238/4949/1238 1240/4950/1238 32/4951/1238 34/4952/1238
f 1241/4953/1239 1239/4954/1239 415/4955/1239 413/4956/1239
f 1240/4957/1240 1242/4958/1240 30/4959/1240 32/4960/1240
f 1243/4961/1241 1241/4962/1241 413/4963/1241 411/4964/1241
f 1242/4965/1242 1244/4966/1242 28/4967/1242 30/4968/1242
f 1245/4969/1243 1243/4970/1243 411/4971/1243 409/4972/1243
f 1244/4973/1244 1246/4974/1244 26/4975/1244 28/4976/1244
f 1247/4977/1245 1245/4978/1245 409/4979/1245 407/4980/1245
f 1246/4981/1246 1248/4982/1246 24/4983/1246 26/4984/1246
f 1249/4985/1247 1247/4986/1247 407/4987/1247 405/4988/1247
f 1248/4989/1248 1250/4990/1248 22/4991/1248 24/4992/1248
f 1251/4993/1249 1249/4994/1249 405/4995/1249 403/4996/1249
f 1250/4997/1250 1252/4998/1250 20/4999/1250 22/5000/1250
f 1253/5001/1251 1251/5002/1251 403/5003/1251 401/5004/1251
f 1252/5005/1252 1254/5006/1252 18/5007/1252 20/5008/1252
f 1255/5009/1253 1253/5010/1253 401/5011/1253 399/5012/1253
f 1254/5013/1254 1256/5014/1254 16/5015/1254 18/5016/1254
f 1257/5017/1255 1255/5018/1255 399/5019/1255 397/5020/1255
f 1256/5021/1256 1258/5022/1256 14/5023/1256 16/5024/1256
f 1259/5025/1257 1257/5026/1257 397/5027/1257 395/5028/1257
f 1258/5029/1258 1260/5030/1258 12/5031/1258 14/5032/1258
f 1261/5033/1259 1259/5034/1259 395/5035/1259 393/5036/1259
f 1260/5037/1260 1262/5038/1260 10/5039/1260 12/5040/1260
f 1263/5041/1261 1261/5042/1261 393/5043/1261 391/5044/1261
f 1262/5045/1262 1264/5046/1262 8/5047/1262 10/5048/1262
f 1265/5049/1263 1263/5050/1263 391/5051/1263 388/5052/1263
f 1264/5053/1264 1266/5054/1264 5/5055/1264 8/5056/1264
f 1267/5057/1265 1265/5058/1265 388/5059/1265 389/5060/1265
f 1266/5061/1266 1268/5062/1266 6/5063/1266 5/5064/1266
f 1269/5065/1267 1267/5066/1267 389/5067/1267 769/5068/1267
f 1268/5069/1268 1270/5070/1268 385/5071/1268 6/5072/1268
f 1271/5073/1269 1269/5074/1269 769/5075/1269 767/5076/1269
f 1270/5077/1270 1272/5078/1270 383/5079/1270 385/5080/1270
f 1273/5081/1271 1271/5082/1271 767/5083/1271 765/5084/1271
f 1272/5085/1272 1274/5086/1272 381/5087/1272 383/5088/1272
f 1275/5089/1273 1273/5090/1273 765/5091/1273 763/5092/1273
f 1274/5093/1274 1276/5094/1274 379/5095/1274 381/5096/1274
f 1277/5097/1275 1275/5098/1275 763/5099/1275 761/5100/1275
f 1276/5101/1276 1278/5102/1276 377/5103/1276 379/5104/1276
f 1279/5105/1277 1277/5106/1277 761/5107/1277 759/5108/1277
f 1278/5109/1278 1280/5110/1278 375/5111/1278 377/5112/1278
f 1281/5113/1279 1279/5114/1279 759/5115/1279 757/5116/1279
f 1280/5117/1280 1282/5118/1280 373/5119/1280 375/5120/1280
f 1283/5121/1281 1281/5122/1281 757/5123/1281 755/5124/1281
f 1282/5125/1282 1284/5126/1282 371/5127/1282 373/5128/1282
f 1285/5129/1283 1283/5130/1283 755/5131/1283 753/5132/1283
f 1284/5133/1284 1286/5134/1284 369/5135/1284 371/5136/1284
f 1287/5137/1285 1285/5138/1285 753/5139/1285 751/5140/1285
f 1286/5141/1286 1288/5142/1286 367/5143/1286 369/5144/1286
f 1289/5145/1287 1287/5146/1287 751/5147/1287 749/5148/1287
f 1288/5149/1288 1290/5150/1288 365/5151/1288 367/5152/1288
f 1291/5153/1289 1289/5154/1289 749/5155/1289 747/5156/1289
f 1290/5157/1290 1292/5158/1290 363/5159/1290 365/5160/1290
f 1293/5161/1291 1291/5162/1291 747/5163/1291 745/5164/1291
f 1292/5165/1292 1294/5166/1292 361/5167/1292 363/5168/1292
f 1295/5169/1293 1293/5170/1293 745/5171/1293 743/5172/1293
f 1294/5173/1294 1296/5174/1294 359/5175/1294 361/5176/1294
f 1297/5177/1295 1295/5178/1295 743/5179/1295 741/5180/1295
f 1296/5181/1296 1298/5182/1296 357/5183/1296 359/5184/1296
f 1299/5185/1297 1297/5186/1297 741/5187/1297 739/5188/1297
f 1298/5189/1298 1300/5190/1298 355/5191/1298 357/5192/1298
f 1301/5193/1299 1299/5194/1299 739/5195/1299 737/5196/1299
f 1300/5197/1300 1302/5198/1300 353/5199/1300 355/5200/1300
f 1303/5201/1301 1301/5202/1301 737/5203/1301 735/5204/1301
f 1302/5205/1302 1304/5206/1302 351/5207/1302 353/5208/1302
f 1305/5209/1303 1303/5210/1303 735/5211/1303 733/5212/1303
f 1304/5213/1304 1306/5214/1304 349/5215/1304 351/5216/1304
f 1307/5217/1305 1305/5218/1305 733/5219/1305 731/5220/1305
f 1306/5221/1306 1308/5222/1306 347/5223/1306 349/5224/1306
f 1309/5225/1307 1307/5226/1307 731/5227/1307 729/5228/1307
f 1308/5229/1308 1310/5230/1308 345/5231/1308 347/5232/1308
f 1311/5233/1309 1309/5234/1309 729/5235/1309 727/5236/1309
f 1310/5237/1310 1312/5238/1310 343/5239/1310 345/5240/1310
f 1313/5241/1311 1311/5242/1311 727/5243/1311 725/5244/1311
f 1312/5245/1312 1314/5246/1312 341/5247/1312 343/5248/1312
f 1315/5249/1313 1313/5250/1313 725/5251/1313 723/5252/1313
f 1314/5253/1314 1316/5254/1314 339/5255/1314 341/5256/1314
f 1317/5257/1315 1315/5258/1315 723/5259/1315 721/5260/1315
f 1316/5261/1316 1318/5262/1316 337/5263/1316 339/5264/1316
f 1320/5265/1317 1319/5266/1317 719/5267/1317 717/5268/1317
f 1322/5269/1318 1321/5270/1318 333/5271/1318 335/5272/1318
f 1323/5273/1319 1320/5274/1319 717/5275/1319 715/5276/1319
f 1321/5277/1320 1324/5278/1320 331/5279/1320 333/5280/1320
f 1319/5281/1321 1317/5282/1321 721/5283/1321 719/5284/1321
f 1318/5285/1322 1322/5286/1322 335/5287/1322 337/5288/1322
f 1325/5289/1323 1323/5290/1323 715/5291/1323 713/5292/1323
f 1324/5293/1324 1326/5294/1324 329/5295/1324 331/5296/1324
f 1327/5297/1325 1325/5298/1325 713/5299/1325 711/5300/1325
f 1326/5301/1326 1328/5302/1326 327/5303/1326 329/5304/1326
f 1329/5305/1327 1327/5306/1327 711/5307/1327 709/5308/1327
f 1328/5309/1328 1330/5310/1328 325/5311/1328 327/5312/1328
f 1331/5313/1329 1329/5314/1329 709/5315/1329 707/5316/1329
f 1330/5317/1330 1332/5318/1330 323/5319/1330 325/5320/1330
f 1333/5321/1331 1331/5322/1331 707/5323/1331 705/5324/1331
f 1332/5325/1332 1334/5326/1332 321/5327/1332 323/5328/1332
f 1335/5329/1333 1333/5330/1333 705/5331/1333 703/5332/1333
f 1334/5333/1334 1336/5334/1334 319/5335/1334 321/5336/1334
f 1337/5337/1335 1335/5338/1335 703/5339/1335 701/5340/1335
f 1336/5341/1336 1338/5342/1336 317/5343/1336 319/5344/1336
f 1339/5345/1337 1337/5346/1337 701/5347/1337 699/5348/1337
f 1338/5349/1338 1340/5350/1338 315/5351/1338 317/5352/1338
f 1341/5353/1339 1339/5354/1339 699/5355/1339 697/5356/1339
f 1340/5357/1340 1342/5358/1340 313/5359/1340 315/5360/1340
f 1343/5361/1341 1341/5362/1341 697/5363/1341 695/5364/1341
f 1342/5365/1342 1344/5366/1342 311/5367/1342 313/5368/1342
f 961/5369/1343 1343/5370/1343 695/5371/1343 693/5372/1343
f 1344/5373/1344 964/5374/1344 309/5375/1344 311/5376/1344
f 1346/5377/1345 1345/5378/1345 914/5379/1345 915/5380/1345
f 1348/5381/1346 1347/5382/1346 294/5383/1346 292/5384/1346
f 1349/5385/1347 1346/5386/1347 915/5387/1347 916/5388/1347
f 1347/5389/1348 1350/5390/1348 296/5391/1348 294/5392/1348
f 1351/5393/1349 1349/5394/1349 916/5395/1349 917/5396/1349
f 1350/5397/1350 1352/5398/1350 298/5399/1350 296/5400/1350
f 1353/5401/1351 1351/5402/1351 917/5403/1351 918/5404/1351
f 1352/5405/1352 1354/5406/1352 300/5407/1352 298/5408/1352
f 1355/5409/1353 1353/5410/1353 918/5411/1353 919/5412/1353
f 1354/5413/1354 1356/5414/1354 302/5415/1354 300/5416/1354
f 1357/5417/1355 1355/5418/1355 919/5419/1355 920/5420/1355
f 1356/5421/1356 1358/5422/1356 304/5423/1356 302/5424/1356
f 1359/5425/1357 1357/5426/1357 920/5427/1357 921/5428/1357
f 1358/5429/1358 1360/5430/1358 306/5431/1358 304/5432/1358
f 1361/5433/1359 1359/5434/1359 921/5435/1359 922/5436/1359
f 1360/5437/1360 1362/5438/1360 308/5439/1360 306/5440/1360
f 1363/5441/1361 1361/5442/1361 922/5443/1361 923/5444/1361
f 1362/5445/1362 1364/5446/1362 310/5447/1362 308/5448/1362
f 1365/5449/1363 1363/5450/1363 923/5451/1363 924/5452/1363
f 1364/5453/1364 1366/5454/1364 312/5455/1364 310/5456/1364
f 1367/5457/1365 1365/5458/1365 924/5459/1365 925/5460/1365
f 1366/5461/1366 1368/5462/1366 314/5463/1366 312/5464/1366
f 1369/5465/1367 1367/5466/1367 925/5467/1367 926/5468/1367
f 1368/5469/1368 1370/5470/1368 316/5471/1368 314/5472/1368
f 1371/5473/1369 1369/5474/1369 926/5475/1369 927/5476/1369
f 1370/5477/1370 1728/5478/1370 318/5479/1370 316/5480/1370
f 1374/5481/1371 1373/5482/1371 928/5483/1371 929/5484/1371
f 1372/5485/1372 1375/5486/1372 322/5487/1372 320/5488/1372
f 1373/5489/1373 1371/5490/1373 927/5491/1373 928/5492/1373
f 1728/5493/1374 1372/5494/1374 320/5495/1374 318/5496/1374
f 1376/5497/1375 1374/5498/1375 929/5499/1375 930/5500/1375
f 1375/5501/1376 1377/5502/1376 324/5503/1376 322/5504/1376
f 1378/5505/1377 1376/5506/1377 930/5507/1377 931/5508/1377
f 1377/5509/1378 1379/5510/1378 326/5511/1378 324/5512/1378
f 1380/5513/1379 1378/5514/1379 931/5515/1379 932/5516/1379
f 1379/5517/1380 1381/5518/1380 328/5519/1380 326/5520/1380
f 1382/5521/1381 1380/5522/1381 932/5523/1381 933/5524/1381
f 1381/5525/1382 1383/5526/1382 330/5527/1382 328/5528/1382
f 1384/5529/1383 1382/5530/1383 933/5531/1383 934/5532/1383
f 1383/5533/1384 1385/5534/1384 332/5535/1384 330/5536/1384
f 1386/5537/1385 1384/5538/1385 934/5539/1385 935/5540/1385
f 1385/5541/1386 1387/5542/1386 334/5543/1386 332/5544/1386
f 1388/5545/1387 1386/5546/1387 935/5547/1387 936/5548/1387
f 1387/5549/1388 1389/5550/1388 336/5551/1388 334/5552/1388
f 1390/5553/1389 1388/5554/1389 936/5555/1389 937/5556/1389
f 1389/5557/1390 1391/5558/1390 338/5559/1390 336/5560/1390
f 1392/5561/1391 1390/5562/1391 937/5563/1391 938/5564/1391
f 1391/5565/1392 1393/5566/1392 340/5567/1392 338/5568/1392
f 1394/5569/1393 1392/5570/1393 938/5571/1393 939/5572/1393
f 1393/5573/1394 1395/5574/1394 342/5575/1394 340/5576/1394
f 1396/5577/1395 1394/5578/1395 939/5579/1395 940/5580/1395
f 1395/5581/1396 1397/5582/1396 344/5583/1396 342/5584/1396
f 1398/5585/1397 1396/5586/1397 940/5587/1397 941/5588/1397
f 1397/5589/1398 1399/5590/1398 346/5591/1398 344/5592/1398
f 1400/5593/1399 1398/5594/1399 941/5595/1399 942/5596/1399
f 1399/5597/1400 1401/5598/1400 348/5599/1400 346/5600/1400
f 1402/5601/1401 1400/5602/1401 942/5603/1401 943/5604/1401
f 1401/5605/1402 1403/5606/1402 350/5607/1402 348/5608/1402
f 1404/5609/1403 1402/5610/1403 943/5611/1403 944/5612/1403
f 1403/5613/1404 1405/5614/1404 352/5615/1404 350/5616/1404
f 1406/5617/1405 1404/5618/1405 944/5619/1405 945/5620/1405
f 1405/5621/1406 1407/5622/1406 354/5623/1406 352/5624/1406
f 1408/5625/1407 1406/5626/1407 945/5627/1407 946/5628/1407
f 1407/5629/1408 1409/5630/1408 356/5631/1408 354/5632/1408
f 1410/5633/1409 1408/5634/1409 946/5635/1409 947/5636/1409
f 1409/5637/1410 1411/5638/1410 358/5639/1410 356/5640/1410
f 1412/5641/1411 1410/5642/1411 947/5643/1411 948/5644/1411
f 1411/5645/1412 1413/5646/1412 360/5647/1412 358/5648/1412
f 1414/5649/1413 1412/5650/1413 948/5651/1413 949/5652/1413
f 1413/5653/1414 1415/5654/1414 362/5655/1414 360/5656/1414
f 1416/5657/1415 1414/5658/1415 949/5659/1415 950/5660/1415
f 1415/5661/1416 1417/5662/1416 364/5663/1416 362/5664/1416
f 1418/5665/1417 1416/5666/1417 950/5667/1417 951/5668/1417
f 1417/5669/1418 1419/5670/1418 366/5671/1418 364/5672/1418
f 1420/5673/1419 1418/5674/1419 951/5675/1419 952/5676/1419
f 1419/5677/1420 1421/5678/1420 368/5679/1420 366/5680/1420
f 1422/5681/1421 1420/5682/1421 952/5683/1421 953/5684/1421
f 1421/5685/1422 1423/5686/1422 370/5687/1422 368/5688/1422
f 1424/5689/1423 1422/5690/1423 953/5691/1423 954/5692/1423
f 1423/5693/1424 1425/5694/1424 372/5695/1424 370/5696/1424
f 1427/5697/1425 1426/5698/1425 955/5699/1425 956/5700/1425
f 1429/5701/1426 1428/5702/1426 376/5703/1426 374/5704/1426
f 1426/5705/1427 1424/5706/1427 954/5707/1427 955/5708/1427
f 1425/5709/1428 1429/5710/1428 374/5711/1428 372/5712/1428
f 1430/5713/1429 1427/5714/1429 956/5715/1429 957/5716/1429
f 1428/5717/1430 1431/5718/1430 378/5719/1430 376/5720/1430
f 1432/5721/1431 1430/5722/1431 957/5723/1431 958/5724/1431
f 1431/5725/1432 1433/5726/1432 380/5727/1432 378/5728/1432
f 1434/5729/1433 1432/5730/1433 958/5731/1433 959/5732/1433
f 1433/5733/1434 1435/5734/1434 382/5735/1434 380/5736/1434
f 1436/5737/1435 1434/5738/1435 959/5739/1435 960/5740/1435
f 1435/5741/1436 1437/5742/1436 384/5743/1436 382/5744/1436
f 1438/5745/1437 1436/5746/1437 960/5747/1437 771/5748/1437
f 1437/5749/1438 1439/5750/1438 4/5751/1438 384/5752/1438
f 1440/5753/1439 1438/5754/1439 771/5755/1439 770/5756/1439
f 1439/5757/1440 1441/5758/1440 3/5759/1440 4/5760/1440
f 1442/5761/1441 1440/5762/1441 770/5763/1441 772/5764/1441
f 1441/5765/1442 1443/5766/1442 7/5767/1442 3/5768/1442
f 1444/5769/1443 1442/5770/1443 772/5771/1443 773/5772/1443
f 1443/5773/1444 1445/5774/1444 9/5775/1444 7/5776/1444
f 1446/5777/1445 1444/5778/1445 773/5779/1445 774/5780/1445
f 1445/5781/1446 1447/5782/1446 11/5783/1446 9/5784/1446
f 1448/5785/1447 1446/5786/1447 774/5787/1447 775/5788/1447
f 1447/5789/1448 1449/5790/1448 13/5791/1448 11/5792/1448
f 1450/5793/1449 1448/5794/1449 775/5795/1449 776/5796/1449
f 1449/5797/1450 1451/5798/1450 15/5799/1450 13/5800/1450
f 1452/5801/1451 1450/5802/1451 776/5803/1451 777/5804/1451
f 1451/5805/1452 1453/5806/1452 17/5807/1452 15/5808/1452
f 1454/5809/1453 1452/5810/1453 777/5811/1453 778/5812/1453
f 1453/5813/1454 1455/5814/1454 19/5815/1454 17/5816/1454
f 1456/5817/1455 1454/5818/1455 778/5819/1455 779/5820/1455
f 1455/5821/1456 1457/5822/1456 21/5823/1456 19/5824/1456
f 1458/5825/1457 1456/5826/1457 779/5827/1457 780/5828/1457
f 1457/5829/1458 1459/5830/1458 23/5831/1458 21/5832/1458
f 1460/5833/1459 1458/5834/1459 780/5835/1459 781/5836/1459
f 1459/5837/1460 1461/5838/1460 25/5839/1460 23/5840/1460
f 1462/5841/1461 1460/5842/1461 781/5843/1461 782/5844/1461
f 1461/5845/1462 1463/5846/1462 27/5847/1462 25/5848/1462
f 1464/5849/1463 1462/5850/1463 782/5851/1463 783/5852/1463
f 1463/5853/1464 1465/5854/1464 29/5855/1464 27/5856/1464
f 1466/5857/1465 1464/5858/1465 783/5859/1465 784/5860/1465
f 1465/5861/1466 1467/5862/1466 31/5863/1466 29/5864/1466
f 1468/5865/1467 1466/5866/1467 784/5867/1467 785/5868/1467
f 1467/5869/1468 1469/5870/1468 33/5871/1468 31/5872/1468
f 1470/5873/1469 1468/5874/1469 785/5875/1469 786/5876/1469
f 1469/5877/1470 1471/5878/1470 35/5879/1470 33/5880/1470
f 1473/5881/1471 1472/5882/1471 792/5883/1471 793/5884/1471
f 1475/5885/1472 1474/5886/1472 49/5887/1472 47/5888/1472
f 1472/5889/1473 1476/5890/1473 791/5891/1473 792/5892/1473
f 1477/5893/1474 1475/5894/1474 47/5895/1474 45/5896/1474
f 1476/5897/1475 1478/5898/1475 790/5899/1475 791/5900/1475
f 1479/5901/1476 1477/5902/1476 45/5903/1476 43/5904/1476
f 1478/5905/1477 1480/5906/1477 789/5907/1477 790/5908/1477
f 1481/5909/1478 1479/5910/1478 43/5911/1478 41/5912/1478
f 1480/5913/1479 1482/5914/1479 788/5915/1479 789/5916/1479
f 1483/5917/1480 1481/5918/1480 41/5919/1480 39/5920/1480
f 1482/5921/1481 1484/5922/1481 787/5923/1481 788/5924/1481
f 1485/5925/1482 1483/5926/1482 39/5927/1482 37/5928/1482
f 1484/5929/1483 1470/5930/1483 786/5931/1483 787/5932/1483
f 1471/5933/1484 1485/5934/1484 37/5935/1484 35/5936/1484
f 1487/5937/1485 1486/5938/1485 801/5939/1485 802/5940/1485
f 1489/5941/1486 1488/5942/1486 67/5943/1486 65/5944/1486
f 1486/5945/1487 1490/5946/1487 800/5947/1487 801/5948/1487
f 1491/5949/1488 1489/5950/1488 65/5951/1488 63/5952/1488
f 1490/5953/1489 1492/5954/1489 799/5955/1489 800/5956/1489
f 1493/5957/1490 1491/5958/1490 63/5959/1490 61/5960/1490
f 1492/5961/1491 1494/5962/1491 798/5963/1491 799/5964/1491
f 1495/5965/1492 1493/5966/1492 61/5967/1492 59/5968/1492
f 1494/5969/1493 1496/5970/1493 797/5971/1493 798/5972/1493
f 1497/5973/1494 1495/5974/1494 59/5975/1494 57/5976/1494
f 1496/5977/1495 1498/5978/1495 796/5979/1495 797/5980/1495
f 1499/5981/1496 1497/5982/1496 57/5983/1496 55/5984/1496
f 1498/5985/1497 1500/5986/1497 795/5987/1497 796/5988/1497
f 1501/5989/1498 1499/5990/1498 55/5991/1498 53/5992/1498
f 1500/5993/1499 1502/5994/1499 794/5995/1499 795/5996/1499
f 1503/5997/1500 1501/5998/1500 53/5999/1500 51/6000/1500
f 1502/6001/1501 1473/6002/1501 793/6003/1501 794/6004/1501
f 1474/6005/1502 1503/6006/1502 51/6007/1502 49/6008/1502
f 1505/6009/1503 1504/6010/1503 805/6011/1503 806/6012/1503
f 1507/6013/1504 1506/6014/1504 75/6015/1504 73/6016/1504
f 1504/6017/1505 1508/6018/1505 804/6019/1505 805/6020/1505
f 1509/6021/1506 1507/6022/1506 73/6023/1506 71/6024/1506
f 1508/6025/1507 1510/6026/1507 803/6027/1507 804/6028/1507
f 1511/6029/1508 1509/6030/1508 71/6031/1508 69/6032/1508
f 1510/6033/1509 1487/6034/1509 802/6035/1509 803/6036/1509
f 1488/6037/1510 1511/6038/1510 69/6039/1510 67/6040/1510
f 1512/6041/1511 1505/6042/1511 806/6043/1511 807/6044/1511
f 1506/6045/1512 1513/6046/1512 77/6047/1512 75/6048/1512
f 1514/6049/1513 1512/6050/1513 807/6051/1513 808/6052/1513
f 1513/6053/1514 1515/6054/1514 79/6055/1514 77/6056/1514
f 1516/6057/1515 1514/6058/1515 808/6059/1515 809/6060/1515
f 1515/6061/1516 1517/6062/1516 81/6063/1516 79/6064/1516
f 1518/6065/1517 1516/6066/1517 809/6067/1517 810/6068/1517
f 1517/6069/1518 1519/6070/1518 83/6071/1518 81/6072/1518
f 1520/6073/1519 1518/6074/1519 810/6075/1519 811/6076/1519
f 1519/6077/1520 1521/6078/1520 85/6079/1520 83/6080/1520
f 1522/6081/1521 1520/6082/1521 811/6083/1521 812/6084/1521
f 1521/6085/1522 1523/6086/1522 87/6087/1522 85/6088/1522
f 1524/6089/1523 1522/6090/1523 812/6091/1523 813/6092/1523
f 1523/6093/1524 1525/6094/1524 89/6095/1524 87/6096/1524
f 1526/6097/1525 1524/6098/1525 813/6099/1525 814/6100/1525
f 1525/6101/1526 1527/6102/1526 91/6103/1526 89/6104/1526
f 1528/6105/1527 1526/6106/1527 814/6107/1527 815/6108/1527
f 1527/6109/1528 1529/6110/1528 93/6111/1528 91/6112/1528
f 1530/6113/1529 1528/6114/1529 815/6115/1529 816/6116/1529
f 1529/6117/1530 1531/6118/1530 95/6119/1530 93/6120/1530
f 1532/6121/1531 1530/6122/1531 816/6123/1531 817/6124/1531
f 1531/6125/1532 1533/6126/1532 97/6127/1532 95/6128/1532
f 1534/6129/1533 1532/6130/1533 817/6131/1533 818/6132/1533
f 1533/6133/1534 1535/6134/1534 99/6135/1534 97/6136/1534
f 1536/6137/1535 1534/6138/1535 818/6139/1535 819/6140/1535
f 1535/6141/1536 1537/6142/1536 101/6143/1536 99/6144/1536
f 1538/6145/1537 1536/6146/1537 819/6147/1537 820/6148/1537
f 1537/6149/1538 1539/6150/1538 103/6151/1538 101/6152/1538
f 1540/6153/1539 1538/6154/1539 820/6155/1539 821/6156/1539
f 1539/6157/1540 1541/6158/1540 105/6159/1540 103/6160/1540
f 1542/6161/1541 1540/6162/1541 821/6163/1541 822/6164/1541
f 1541/6165/1542 1543/6166/1542 107/6167/1542 105/6168/1542
f 1544/6169/1543 1542/6170/1543 822/6171/1543 823/6172/1543
f 1543/6173/1544 1545/6174/1544 109/6175/1544 107/6176/1544
f 1546/6177/1545 1544/6178/1545 823/6179/1545 824/6180/1545
f 1545/6181/1546 1547/6182/1546 111/6183/1546 109/6184/1546
f 1548/6185/1547 1546/6186/1547 824/6187/1547 825/6188/1547
f 1547/6189/1548 1549/6190/1548 113/6191/1548 111/6192/1548
f 1550/6193/1549 1548/6194/1549 825/6195/1549 826/6196/1549
f 1549/6197/1550 1551/6198/1550 115/6199/1550 113/6200/1550
f 1552/6201/1551 1550/6202/1551 826/6203/1551 827/6204/1551
f 1551/6205/1552 1553/6206/1552 117/6207/1552 115/6208/1552
f 1554/6209/1553 1552/6210/1553 827/6211/1553 828/6212/1553
f 1553/6213/1554 1555/6214/1554 119/6215/1554 117/6216/1554
f 1556/6217/1555 1554/6218/1555 828/6219/1555 829/6220/1555
f 1555/6221/1556 1557/6222/1556 121/6223/1556 119/6224/1556
f 1558/6225/1557 1556/6226/1557 829/6227/1557 830/6228/1557
f 1557/6229/1558 1559/6230/1558 123/6231/1558 121/6232/1558
f 1560/6233/1559 1558/6234/1559 830/6235/1559 831/6236/1559
f 1559/6237/1560 1561/6238/1560 125/6239/1560 123/6240/1560
f 1562/6241/1561 1560/6242/1561 831/6243/1561 832/6244/1561
f 1561/6245/1562 1563/6246/1562 127/6247/1562 125/6248/1562
f 1564/6249/1563 1562/6250/1563 832/6251/1563 833/6252/1563
f 1563/6253/1564 1565/6254/1564 129/6255/1564 127/6256/1564
f 1566/6257/1565 1564/6258/1565 833/6259/1565 834/6260/1565
f 1565/6261/1566 1567/6262/1566 131/6263/1566 129/6264/1566
f 1568/6265/1567 1566/6266/1567 834/6267/1567 835/6268/1567
f 1567/6269/1568 1569/6270/1568 133/6271/1568 131/6272/1568
f 1570/6273/1569 1568/6274/1569 835/6275/1569 836/6276/1569
f 1569/6277/1570 1571/6278/1570 135/6279/1570 133/6280/1570
f 1572/6281/1571 1570/6282/1571 836/6283/1571 837/6284/1571
f 1571/6285/1572 1573/6286/1572 137/6287/1572 135/6288/1572
f 1574/6289/1573 1572/6290/1573 837/6291/1573 838/6292/1573
f 1573/6293/1574 1575/6294/1574 139/6295/1574 137/6296/1574
f 1576/6297/1575 1574/6298/1575 838/6299/1575 839/6300/1575
f 1575/6301/1576 1577/6302/1576 141/6303/1576 139/6304/1576
f 1578/6305/1577 1576/6306/1577 839/6307/1577 840/6308/1577
f 1577/6309/1578 1579/6310/1578 143/6311/1578 141/6312/1578
f 1580/6313/1579 1578/6314/1579 840/6315/1579 841/6316/1579
f 1579/6317/1580 1581/6318/1580 145/6319/1580 143/6320/1580
f 1582/6321/1581 1580/6322/1581 841/6323/1581 842/6324/1581
f 1581/6325/1582 1583/6326/1582 147/6327/1582 145/6328/1582
f 1584/6329/1583 1582/6330/1583 842/6331/1583 843/6332/1583
f 1583/6333/1584 1585/6334/1584 149/6335/1584 147/6336/1584
f 1586/6337/1585 1584/6338/1585 843/6339/1585 844/6340/1585
f 1585/6341/1586 1587/6342/1586 151/6343/1586 149/6344/1586
f 1588/6345/1587 1586/6346/1587 844/6347/1587 845/6348/1587
f 1587/6349/1588 1589/6350/1588 153/6351/1588 151/6352/1588
f 1590/6353/1589 1588/6354/1589 845/6355/1589 2/6356/1589
f 1589/6357/1590 1591/6358/1590 155/6359/1590 153/6360/1590
f 1592/6361/1591 1590/6362/1591 2/6363/1591 846/6364/1591
f 1591/6365/1592 1593/6366/1592 157/6367/1592 155/6368/1592
f 1594/6369/1593 1592/6370/1593 846/6371/1593 847/6372/1593
f 1593/6373/1594 1595/6374/1594 159/6375/1594 157/6376/1594
f 1597/6377/1595 1596/6378/1595 848/6379/1595 849/6380/1595
f 1599/6381/1596 1598/6382/1596 163/6383/1596 161/6384/1596
f 1596/6385/1597 1594/6386/1597 847/6387/1597 848/6388/1597
f 1595/6389/1598 1599/6390/1598 161/6391/1598 159/6392/1598
f 1600/6393/1599 1597/6394/1599 849/6395/1599 850/6396/1599
f 1598/6397/1600 1601/6398/1600 165/6399/1600 163/6400/1600
f 1602/6401/1601 1600/6402/1601 850/6403/1601 851/6404/1601
f 1601/6405/1602 1603/6406/1602 167/6407/1602 165/6408/1602
f 1604/6409/1603 1602/6410/1603 851/6411/1603 852/6412/1603
f 1603/6413/1604 1605/6414/1604 169/6415/1604 167/6416/1604
f 1606/6417/1605 1604/6418/1605 852/6419/1605 853/6420/1605
f 1605/6421/1606 1607/6422/1606 171/6423/1606 169/6424/1606
f 1608/6425/1607 1606/6426/1607 853/6427/1607 854/6428/1607
f 1607/6429/1608 1609/6430/1608 173/6431/1608 171/6432/1608
f 1610/6433/1609 1608/6434/1609 854/6435/1609 855/6436/1609
f 1609/6437/1610 1611/6438/1610 175/6439/1610 173/6440/1610
f 1612/6441/1611 1610/6442/1611 855/6443/1611 856/6444/1611
f 1611/6445/1612 1613/6446/1612 177/6447/1612 175/6448/1612
f 1614/6449/1613 1612/6450/1613 856/6451/1613 857/6452/1613
f 1613/6453/1614 1615/6454/1614 179/6455/1614 177/6456/1614
f 1616/6457/1615 1614/6458/1615 857/6459/1615 858/6460/1615
f 1615/6461/1616 1617/6462/1616 181/6463/1616 179/6464/1616
f 1618/6465/1617 1616/6466/1617 858/6467/1617 859/6468/1617
f 1617/6469/1618 1619/6470/1618 183/6471/1618 181/6472/1618
f 1620/6473/1619 1618/6474/1619 859/6475/1619 860/6476/1619
f 1619/6477/1620 1621/6478/1620 185/6479/1620 183/6480/1620
f 1622/6481/1621 1620/6482/1621 860/6483/1621 861/6484/1621
f 1621/6485/1622 1623/6486/1622 187/6487/1622 185/6488/1622
f 1624/6489/1623 1622/6490/1623 861/6491/1623 862/6492/1623
f 1623/6493/1624 1625/6494/1624 189/6495/1624 187/6496/1624
f 1626/6497/1625 1624/6498/1625 862/6499/1625 863/6500/1625
f 1625/6501/1626 1627/6502/1626 191/6503/1626 189/6504/1626
f 1628/6505/1627 1626/6506/1627 863/6507/1627 864/6508/1627
f 1627/6509/1628 1629/6510/1628 193/6511/1628 191/6512/1628
f 1630/6513/1629 1628/6514/1629 864/6515/1629 865/6516/1629
f 1629/6517/1630 1631/6518/1630 195/6519/1630 193/6520/1630
f 1632/6521/1631 1630/6522/1631 865/6523/1631 866/6524/1631
f 1631/6525/1632 1633/6526/1632 197/6527/1632 195/6528/1632
f 1634/6529/1633 1632/6530/1633 866/6531/1633 867/6532/1633
f 1633/6533/1634 1635/6534/1634 199/6535/1634 197/6536/1634
f 1636/6537/1635 1634/6538/1635 867/6539/1635 868/6540/1635
f 1635/6541/1636 1637/6542/1636 201/6543/1636 199/6544/1636
f 1638/6545/1637 1636/6546/1637 868/6547/1637 869/6548/1637
f 1637/6549/1638 1639/6550/1638 203/6551/1638 201/6552/1638
f 1640/6553/1639 1638/6554/1639 869/6555/1639 870/6556/1639
f 1639/6557/1640 1641/6558/1640 205/6559/1640 203/6560/1640
f 1642/6561/1641 1640/6562/1641 870/6563/1641 871/6564/1641
f 1641/6565/1642 1643/6566/1642 207/6567/1642 205/6568/1642
f 1644/6569/1643 1642/6570/1643 871/6571/1643 872/6572/1643
f 1643/6573/1644 1645/6574/1644 209/6575/1644 207/6576/1644
f 1646/6577/1645 1644/6578/1645 872/6579/1645 873/6580/1645
f 1645/6581/1646 1647/6582/1646 211/6583/1646 209/6584/1646
f 1648/6585/1647 1646/6586/1647 873/6587/1647 874/6588/1647
f 1647/6589/1648 1649/6590/1648 213/6591/1648 211/6592/1648
f 1650/6593/1649 1648/6594/1649 874/6595/1649 875/6596/1649
f 1649/6597/1650 1651/6598/1650 215/6599/1650 213/6600/1650
f 1652/6601/1651 1650/6602/1651 875/6603/1651 876/6604/1651
f 1651/6605/1652 1653/6606/1652 217/6607/1652 215/6608/1652
f 1654/6609/1653 1652/6610/1653 876/6611/1653 877/6612/1653
f 1653/6613/1654 1655/6614/1654 219/6615/1654 217/6616/1654
f 1656/6617/1655 1654/6618/1655 877/6619/1655 878/6620/1655
f 1655/6621/1656 1657/6622/1656 221/6623/1656 219/6624/1656
f 1658/6625/1657 1656/6626/1657 878/6627/1657 879/6628/1657
f 1657/6629/1658 1659/6630/1658 223/6631/1658 221/6632/1658
f 1660/6633/1659 1658/6634/1659 879/6635/1659 880/6636/1659
f 1659/6637/1660 1661/6638/1660 225/6639/1660 223/6640/1660
f 1662/6641/1661 1660/6642/1661 880/6643/1661 881/6644/1661
f 1661/6645/1662 1663/6646/1662 227/6647/1662 225/6648/1662
f 1664/6649/1663 1662/6650/1663 881/6651/1663 882/6652/1663
f 1663/6653/1664 1665/6654/1664 229/6655/1664 227/6656/1664
f 1666/6657/1665 1664/6658/1665 882/6659/1665 883/6660/1665
f 1665/6661/1666 1667/6662/1666 231/6663/1666 229/6664/1666
f 1668/6665/1667 1666/6666/1667 883/6667/1667 884/6668/1667
f 1667/6669/1668 1669/6670/1668 233/6671/1668 231/6672/1668
f 1671/6673/1669 1670/6674/1669 895/6675/1669 896/6676/1669
f 1673/6677/1670 1672/6678/1670 256/6679/1670 254/6680/1670
f 1670/6681/1671 1674/6682/1671 894/6683/1671 895/6684/1671
f 1675/6685/1672 1673/6686/1672 254/6687/1672 252/6688/1672
f 1674/6689/1673 1676/6690/1673 893/6691/1673 894/6692/1673
f 1677/6693/1674 1675/6694/1674 252/6695/1674 250/6696/1674
f 1676/6697/1675 1678/6698/1675 892/6699/1675 893/6700/1675
f 1679/6701/1676 1677/6702/1676 250/6703/1676 248/6704/1676
f 1678/6705/1677 1680/6706/1677 891/6707/1677 892/6708/1677
f 1681/6709/1678 1679/6710/1678 248/6711/1678 246/6712/1678
f 1680/6713/1679 1682/6714/1679 890/6715/1679 891/6716/1679
f 1683/6717/1680 1681/6718/1680 246/6719/1680 244/6720/1680
f 1682/6721/1681 1684/6722/1681 889/6723/1681 890/6724/1681
f 1685/6725/1682 1683/6726/1682 244/6727/1682 242/6728/1682
f 1684/6729/1683 1686/6730/1683 888/6731/1683 889/6732/1683
f 1687/6733/1684 1685/6734/1684 242/6735/1684 241/6736/1684
f 1686/6737/1685 1688/6738/1685 887/6739/1685 888/6740/1685
f 1689/6741/1686 1687/6742/1686 241/6743/1686 239/6744/1686
f 1688/6745/1687 1690/6746/1687 886/6747/1687 887/6748/1687
f 1691/6749/1688 1689/6750/1688 239/6751/1688 237/6752/1688
f 1690/6753/1689 1692/6754/1689 885/6755/1689 886/6756/1689
f 1693/6757/1690 1691/6758/1690 237/6759/1690 235/6760/1690
f 1692/6761/1691 1668/6762/1691 884/6763/1691 885/6764/1691
f 1669/6765/1692 1693/6766/1692 235/6767/1692 233/6768/1692
f 1694/6769/1693 1671/6770/1693 896/6771/1693 897/6772/1693
f 1672/6773/1694 1695/6774/1694 258/6775/1694 256/6776/1694
f 1696/6777/1695 1694/6778/1695 897/6779/1695 898/6780/1695
f 1695/6781/1696 1697/6782/1696 260/6783/1696 258/6784/1696
f 1698/6785/1697 1696/6786/1697 898/6787/1697 899/6788/1697
f 1697/6789/1698 1699/6790/1698 262/6791/1698 260/6792/1698
f 1700/6793/1699 1698/6794/1699 899/6795/1699 900/6796/1699
f 1699/6797/1700 1701/6798/1700 264/6799/1700 262/6800/1700
f 1702/6801/1701 1700/6802/1701 900/6803/1701 901/6804/1701
f 1701/6805/1702 1703/6806/1702 266/6807/1702 264/6808/1702
f 1704/6809/1703 1702/6810/1703 901/6811/1703 902/6812/1703
f 1703/6813/1704 1705/6814/1704 268/6815/1704 266/6816/1704
f 1706/6817/1705 1704/6818/1705 902/6819/1705 903/6820/1705
f 1705/6821/1706 1707/6822/1706 270/6823/1706 268/6824/1706
f 1708/6825/1707 1706/6826/1707 903/6827/1707 904/6828/1707
f 1707/6829/1708 1709/6830/1708 272/6831/1708 270/6832/1708
f 1710/6833/1709 1708/6834/1709 904/6835/1709 905/6836/1709
f 1709/6837/1710 1711/6838/1710 274/6839/1710 272/6840/1710
f 1712/6841/1711 1710/6842/1711 905/6843/1711 906/6844/1711
f 1711/6845/1712 1713/6846/1712 276/6847/1712 274/6848/1712
f 1714/6849/1713 1712/6850/1713 906/6851/1713 907/6852/1713
f 1713/6853/1714 1715/6854/1714 278/6855/1714 276/6856/1714
f 1716/6857/1715 1714/6858/1715 907/6859/1715 908/6860/1715
f 1715/6861/1716 1717/6862/1716 280/6863/1716 278/6864/1716
f 1718/6865/1717 1716/6866/1717 908/6867/1717 909/6868/1717
f 1717/6869/1718 1719/6870/1718 282/6871/1718 280/6872/1718
f 1720/6873/1719 1718/6874/1719 909/6875/1719 910/6876/1719
f 1719/6877/1720 1721/6878/1720 284/6879/1720 282/6880/1720
f 1722/6881/1721 1720/6882/1721 910/6883/1721 911/6884/1721
f 1721/6885/1722 1723/6886/1722 286/6887/1722 284/6888/1722
f 1724/6889/1723 1722/6890/1723 911/6891/1723 912/6892/1723
f 1723/6893/1724 1725/6894/1724 288/6895/1724 286/6896/1724
f 1726/6897/1725 1724/6898/1725 912/6899/1725 913/6900/1725
f 1725/6901/1726 1727/6902/1726 290/6903/1726 288/6904/1726
f 1345/6905/1727 1726/6906/1727 913/6907/1727 914/6908/1727
f 1727/6909/1728 1348/6910/1728 292/6911/1728 290/6912/1728